DEBUG - 2025-10-03 00:04:18 --> Session: Class initialized using 'CodeIgniter\Session\Handlers\FileHandler' driver.
DEBUG - 2025-10-03 00:05:26 --> Session: Class initialized using 'CodeIgniter\Session\Handlers\FileHandler' driver.
DEBUG - 2025-10-03 00:05:29 --> Session: Class initialized using 'CodeIgniter\Session\Handlers\FileHandler' driver.
DEBUG - 2025-10-03 00:05:53 --> Session: Class initialized using 'CodeIgniter\Session\Handlers\FileHandler' driver.
CRITICAL - 2025-10-03 00:05:53 --> ErrorException: Trying to access array offset on value of type null
[Method: GET, Route: result/course/marks/27]
in APPPATH\Controllers\ResultController.php on line 121.
 1 APPPATH\Controllers\ResultController.php(121): CodeIgniter\Debug\Exceptions->errorHandler(2, 'Trying to access array offset on value of type null', 'C:\\xampp\\htdocs\\muzani\\app\\Controllers\\ResultController.php', 121)
 2 SYSTEMPATH\CodeIgniter.php(933): App\Controllers\ResultController->marks('course')
 3 SYSTEMPATH\CodeIgniter.php(507): CodeIgniter\CodeIgniter->runController(Object(App\Controllers\ResultController))
 4 SYSTEMPATH\CodeIgniter.php(354): CodeIgniter\CodeIgniter->handleRequest(null, Object(Config\Cache), false)
 5 SYSTEMPATH\Boot.php(363): CodeIgniter\CodeIgniter->run()
 6 SYSTEMPATH\Boot.php(68): CodeIgniter\Boot::runCodeIgniter(Object(CodeIgniter\CodeIgniter))
 7 FCPATH\index.php(59): CodeIgniter\Boot::bootWeb(Object(Config\Paths))
DEBUG - 2025-10-03 00:06:10 --> Session: Class initialized using 'CodeIgniter\Session\Handlers\FileHandler' driver.
CRITICAL - 2025-10-03 00:06:11 --> ErrorException: Trying to access array offset on value of type null
[Method: GET, Route: result/course/marks/27]
in APPPATH\Controllers\ResultController.php on line 121.
 1 APPPATH\Controllers\ResultController.php(121): CodeIgniter\Debug\Exceptions->errorHandler(2, 'Trying to access array offset on value of type null', 'C:\\xampp\\htdocs\\muzani\\app\\Controllers\\ResultController.php', 121)
 2 SYSTEMPATH\CodeIgniter.php(933): App\Controllers\ResultController->marks('course')
 3 SYSTEMPATH\CodeIgniter.php(507): CodeIgniter\CodeIgniter->runController(Object(App\Controllers\ResultController))
 4 SYSTEMPATH\CodeIgniter.php(354): CodeIgniter\CodeIgniter->handleRequest(null, Object(Config\Cache), false)
 5 SYSTEMPATH\Boot.php(363): CodeIgniter\CodeIgniter->run()
 6 SYSTEMPATH\Boot.php(68): CodeIgniter\Boot::runCodeIgniter(Object(CodeIgniter\CodeIgniter))
 7 FCPATH\index.php(59): CodeIgniter\Boot::bootWeb(Object(Config\Paths))
DEBUG - 2025-10-03 00:06:19 --> Session: Class initialized using 'CodeIgniter\Session\Handlers\FileHandler' driver.
CRITICAL - 2025-10-03 00:06:19 --> ErrorException: Trying to access array offset on value of type null
[Method: GET, Route: result/course/marks/27]
in APPPATH\Controllers\ResultController.php on line 121.
 1 APPPATH\Controllers\ResultController.php(121): CodeIgniter\Debug\Exceptions->errorHandler(2, 'Trying to access array offset on value of type null', 'C:\\xampp\\htdocs\\muzani\\app\\Controllers\\ResultController.php', 121)
 2 SYSTEMPATH\CodeIgniter.php(933): App\Controllers\ResultController->marks('course')
 3 SYSTEMPATH\CodeIgniter.php(507): CodeIgniter\CodeIgniter->runController(Object(App\Controllers\ResultController))
 4 SYSTEMPATH\CodeIgniter.php(354): CodeIgniter\CodeIgniter->handleRequest(null, Object(Config\Cache), false)
 5 SYSTEMPATH\Boot.php(363): CodeIgniter\CodeIgniter->run()
 6 SYSTEMPATH\Boot.php(68): CodeIgniter\Boot::runCodeIgniter(Object(CodeIgniter\CodeIgniter))
 7 FCPATH\index.php(59): CodeIgniter\Boot::bootWeb(Object(Config\Paths))
DEBUG - 2025-10-03 00:06:36 --> Session: Class initialized using 'CodeIgniter\Session\Handlers\FileHandler' driver.
DEBUG - 2025-10-03 00:06:40 --> Session: Class initialized using 'CodeIgniter\Session\Handlers\FileHandler' driver.
CRITICAL - 2025-10-03 00:06:40 --> ErrorException: Trying to access array offset on value of type null
[Method: GET, Route: result/course/marks/28]
in APPPATH\Controllers\ResultController.php on line 121.
 1 APPPATH\Controllers\ResultController.php(121): CodeIgniter\Debug\Exceptions->errorHandler(2, 'Trying to access array offset on value of type null', 'C:\\xampp\\htdocs\\muzani\\app\\Controllers\\ResultController.php', 121)
 2 SYSTEMPATH\CodeIgniter.php(933): App\Controllers\ResultController->marks('course')
 3 SYSTEMPATH\CodeIgniter.php(507): CodeIgniter\CodeIgniter->runController(Object(App\Controllers\ResultController))
 4 SYSTEMPATH\CodeIgniter.php(354): CodeIgniter\CodeIgniter->handleRequest(null, Object(Config\Cache), false)
 5 SYSTEMPATH\Boot.php(363): CodeIgniter\CodeIgniter->run()
 6 SYSTEMPATH\Boot.php(68): CodeIgniter\Boot::runCodeIgniter(Object(CodeIgniter\CodeIgniter))
 7 FCPATH\index.php(59): CodeIgniter\Boot::bootWeb(Object(Config\Paths))
DEBUG - 2025-10-03 00:07:18 --> Session: Class initialized using 'CodeIgniter\Session\Handlers\FileHandler' driver.
CRITICAL - 2025-10-03 00:07:18 --> ErrorException: Trying to access array offset on value of type null
[Method: GET, Route: result/course/marks/28]
in APPPATH\Controllers\ResultController.php on line 121.
 1 APPPATH\Controllers\ResultController.php(121): CodeIgniter\Debug\Exceptions->errorHandler(2, 'Trying to access array offset on value of type null', 'C:\\xampp\\htdocs\\muzani\\app\\Controllers\\ResultController.php', 121)
 2 SYSTEMPATH\CodeIgniter.php(933): App\Controllers\ResultController->marks('course')
 3 SYSTEMPATH\CodeIgniter.php(507): CodeIgniter\CodeIgniter->runController(Object(App\Controllers\ResultController))
 4 SYSTEMPATH\CodeIgniter.php(354): CodeIgniter\CodeIgniter->handleRequest(null, Object(Config\Cache), false)
 5 SYSTEMPATH\Boot.php(363): CodeIgniter\CodeIgniter->run()
 6 SYSTEMPATH\Boot.php(68): CodeIgniter\Boot::runCodeIgniter(Object(CodeIgniter\CodeIgniter))
 7 FCPATH\index.php(59): CodeIgniter\Boot::bootWeb(Object(Config\Paths))
DEBUG - 2025-10-03 00:07:37 --> Session: Class initialized using 'CodeIgniter\Session\Handlers\FileHandler' driver.
CRITICAL - 2025-10-03 00:07:38 --> ErrorException: Trying to access array offset on value of type null
[Method: GET, Route: result/course/marks/28]
in APPPATH\Controllers\ResultController.php on line 121.
 1 APPPATH\Controllers\ResultController.php(121): CodeIgniter\Debug\Exceptions->errorHandler(2, 'Trying to access array offset on value of type null', 'C:\\xampp\\htdocs\\muzani\\app\\Controllers\\ResultController.php', 121)
 2 SYSTEMPATH\CodeIgniter.php(933): App\Controllers\ResultController->marks('course')
 3 SYSTEMPATH\CodeIgniter.php(507): CodeIgniter\CodeIgniter->runController(Object(App\Controllers\ResultController))
 4 SYSTEMPATH\CodeIgniter.php(354): CodeIgniter\CodeIgniter->handleRequest(null, Object(Config\Cache), false)
 5 SYSTEMPATH\Boot.php(363): CodeIgniter\CodeIgniter->run()
 6 SYSTEMPATH\Boot.php(68): CodeIgniter\Boot::runCodeIgniter(Object(CodeIgniter\CodeIgniter))
 7 FCPATH\index.php(59): CodeIgniter\Boot::bootWeb(Object(Config\Paths))
DEBUG - 2025-10-03 00:08:01 --> Session: Class initialized using 'CodeIgniter\Session\Handlers\FileHandler' driver.
CRITICAL - 2025-10-03 00:08:01 --> ErrorException: Undefined array key "school_id"
[Method: GET, Route: result/course/marks/28]
in APPPATH\Controllers\ResultController.php on line 123.
 1 APPPATH\Controllers\ResultController.php(123): CodeIgniter\Debug\Exceptions->errorHandler(2, 'Undefined array key "school_id"', 'C:\\xampp\\htdocs\\muzani\\app\\Controllers\\ResultController.php', 123)
 2 SYSTEMPATH\CodeIgniter.php(933): App\Controllers\ResultController->marks('course')
 3 SYSTEMPATH\CodeIgniter.php(507): CodeIgniter\CodeIgniter->runController(Object(App\Controllers\ResultController))
 4 SYSTEMPATH\CodeIgniter.php(354): CodeIgniter\CodeIgniter->handleRequest(null, Object(Config\Cache), false)
 5 SYSTEMPATH\Boot.php(363): CodeIgniter\CodeIgniter->run()
 6 SYSTEMPATH\Boot.php(68): CodeIgniter\Boot::runCodeIgniter(Object(CodeIgniter\CodeIgniter))
 7 FCPATH\index.php(59): CodeIgniter\Boot::bootWeb(Object(Config\Paths))
DEBUG - 2025-10-03 00:08:18 --> Session: Class initialized using 'CodeIgniter\Session\Handlers\FileHandler' driver.
CRITICAL - 2025-10-03 00:08:18 --> ErrorException: Undefined variable $sc
[Method: GET, Route: result/course/marks/28]
in APPPATH\Controllers\ResultController.php on line 124.
 1 APPPATH\Controllers\ResultController.php(124): CodeIgniter\Debug\Exceptions->errorHandler(2, 'Undefined variable $sc', 'C:\\xampp\\htdocs\\muzani\\app\\Controllers\\ResultController.php', 124)
 2 SYSTEMPATH\CodeIgniter.php(933): App\Controllers\ResultController->marks('course')
 3 SYSTEMPATH\CodeIgniter.php(507): CodeIgniter\CodeIgniter->runController(Object(App\Controllers\ResultController))
 4 SYSTEMPATH\CodeIgniter.php(354): CodeIgniter\CodeIgniter->handleRequest(null, Object(Config\Cache), false)
 5 SYSTEMPATH\Boot.php(363): CodeIgniter\CodeIgniter->run()
 6 SYSTEMPATH\Boot.php(68): CodeIgniter\Boot::runCodeIgniter(Object(CodeIgniter\CodeIgniter))
 7 FCPATH\index.php(59): CodeIgniter\Boot::bootWeb(Object(Config\Paths))
DEBUG - 2025-10-03 00:08:30 --> Session: Class initialized using 'CodeIgniter\Session\Handlers\FileHandler' driver.
DEBUG - 2025-10-03 00:09:02 --> Session: Class initialized using 'CodeIgniter\Session\Handlers\FileHandler' driver.
CRITICAL - 2025-10-03 00:09:02 --> ArgumentCountError: Too few arguments to function App\Controllers\ResultController::marks(), 1 passed in C:\xampp\htdocs\muzani\system\CodeIgniter.php on line 933 and exactly 2 expected
[Method: GET, Route: result/course/marks/28]
in APPPATH\Controllers\ResultController.php on line 109.
 1 SYSTEMPATH\CodeIgniter.php(933): App\Controllers\ResultController->marks('course')
 2 SYSTEMPATH\CodeIgniter.php(507): CodeIgniter\CodeIgniter->runController(Object(App\Controllers\ResultController))
 3 SYSTEMPATH\CodeIgniter.php(354): CodeIgniter\CodeIgniter->handleRequest(null, Object(Config\Cache), false)
 4 SYSTEMPATH\Boot.php(363): CodeIgniter\CodeIgniter->run()
 5 SYSTEMPATH\Boot.php(68): CodeIgniter\Boot::runCodeIgniter(Object(CodeIgniter\CodeIgniter))
 6 FCPATH\index.php(59): CodeIgniter\Boot::bootWeb(Object(Config\Paths))
DEBUG - 2025-10-03 00:09:14 --> Session: Class initialized using 'CodeIgniter\Session\Handlers\FileHandler' driver.
DEBUG - 2025-10-03 00:09:36 --> Session: Class initialized using 'CodeIgniter\Session\Handlers\FileHandler' driver.
DEBUG - 2025-10-03 00:11:50 --> Session: Class initialized using 'CodeIgniter\Session\Handlers\FileHandler' driver.
DEBUG - 2025-10-03 00:12:09 --> Session: Class initialized using 'CodeIgniter\Session\Handlers\FileHandler' driver.
DEBUG - 2025-10-03 00:12:16 --> Session: Class initialized using 'CodeIgniter\Session\Handlers\FileHandler' driver.
DEBUG - 2025-10-03 00:13:24 --> Session: Class initialized using 'CodeIgniter\Session\Handlers\FileHandler' driver.
DEBUG - 2025-10-03 00:13:46 --> Session: Class initialized using 'CodeIgniter\Session\Handlers\FileHandler' driver.
DEBUG - 2025-10-03 00:14:06 --> Session: Class initialized using 'CodeIgniter\Session\Handlers\FileHandler' driver.
DEBUG - 2025-10-03 00:14:19 --> Session: Class initialized using 'CodeIgniter\Session\Handlers\FileHandler' driver.
CRITICAL - 2025-10-03 00:14:19 --> CodeIgniter\View\Exceptions\ViewException: Invalid file: "result/marks.php"
[Method: GET, Route: result/course/marks/28]
in SYSTEMPATH\Exceptions\FrameworkException.php on line 39.
 1 SYSTEMPATH\View\View.php(214): CodeIgniter\Exceptions\FrameworkException::forInvalidFile('result/marks.php')
 2 SYSTEMPATH\Common.php(1167): CodeIgniter\View\View->render('result/marks', [], true)
 3 APPPATH\Controllers\ResultController.php(148): view('result/marks', [...])
 4 SYSTEMPATH\CodeIgniter.php(933): App\Controllers\ResultController->marks('course', '28')
 5 SYSTEMPATH\CodeIgniter.php(507): CodeIgniter\CodeIgniter->runController(Object(App\Controllers\ResultController))
 6 SYSTEMPATH\CodeIgniter.php(354): CodeIgniter\CodeIgniter->handleRequest(null, Object(Config\Cache), false)
 7 SYSTEMPATH\Boot.php(363): CodeIgniter\CodeIgniter->run()
 8 SYSTEMPATH\Boot.php(68): CodeIgniter\Boot::runCodeIgniter(Object(CodeIgniter\CodeIgniter))
 9 FCPATH\index.php(59): CodeIgniter\Boot::bootWeb(Object(Config\Paths))
DEBUG - 2025-10-03 00:15:16 --> Session: Class initialized using 'CodeIgniter\Session\Handlers\FileHandler' driver.
CRITICAL - 2025-10-03 00:15:16 --> CodeIgniter\View\Exceptions\ViewException: Invalid file: "result/marks.php"
[Method: GET, Route: result/course/marks/28]
in SYSTEMPATH\Exceptions\FrameworkException.php on line 39.
 1 SYSTEMPATH\View\View.php(214): CodeIgniter\Exceptions\FrameworkException::forInvalidFile('result/marks.php')
 2 SYSTEMPATH\Common.php(1167): CodeIgniter\View\View->render('result/marks', [], true)
 3 APPPATH\Controllers\ResultController.php(151): view('result/marks', [...])
 4 SYSTEMPATH\CodeIgniter.php(933): App\Controllers\ResultController->marks('course', '28')
 5 SYSTEMPATH\CodeIgniter.php(507): CodeIgniter\CodeIgniter->runController(Object(App\Controllers\ResultController))
 6 SYSTEMPATH\CodeIgniter.php(354): CodeIgniter\CodeIgniter->handleRequest(null, Object(Config\Cache), false)
 7 SYSTEMPATH\Boot.php(363): CodeIgniter\CodeIgniter->run()
 8 SYSTEMPATH\Boot.php(68): CodeIgniter\Boot::runCodeIgniter(Object(CodeIgniter\CodeIgniter))
 9 FCPATH\index.php(59): CodeIgniter\Boot::bootWeb(Object(Config\Paths))
DEBUG - 2025-10-03 00:16:48 --> Session: Class initialized using 'CodeIgniter\Session\Handlers\FileHandler' driver.
CRITICAL - 2025-10-03 00:16:48 --> ErrorException: Undefined variable $sch
[Method: GET, Route: result/course/marks/28]
in APPPATH\Views\result\marks.php on line 12.
 1 APPPATH\Views\result\marks.php(12): CodeIgniter\Debug\Exceptions->errorHandler(2, 'Undefined variable $sch', 'C:\\xampp\\htdocs\\muzani\\app\\Views\\result\\marks.php', 12)
 2 SYSTEMPATH\View\View.php(226): include('C:\\xampp\\htdocs\\muzani\\app\\Views\\result\\marks.php')
 3 SYSTEMPATH\View\View.php(229): CodeIgniter\View\View->CodeIgniter\View\{closure}()
 4 SYSTEMPATH\Common.php(1167): CodeIgniter\View\View->render('result/marks', [], true)
 5 APPPATH\Controllers\ResultController.php(151): view('result/marks', [...])
 6 SYSTEMPATH\CodeIgniter.php(933): App\Controllers\ResultController->marks('course', '28')
 7 SYSTEMPATH\CodeIgniter.php(507): CodeIgniter\CodeIgniter->runController(Object(App\Controllers\ResultController))
 8 SYSTEMPATH\CodeIgniter.php(354): CodeIgniter\CodeIgniter->handleRequest(null, Object(Config\Cache), false)
 9 SYSTEMPATH\Boot.php(363): CodeIgniter\CodeIgniter->run()
10 SYSTEMPATH\Boot.php(68): CodeIgniter\Boot::runCodeIgniter(Object(CodeIgniter\CodeIgniter))
11 FCPATH\index.php(59): CodeIgniter\Boot::bootWeb(Object(Config\Paths))
DEBUG - 2025-10-03 00:17:11 --> Session: Class initialized using 'CodeIgniter\Session\Handlers\FileHandler' driver.
CRITICAL - 2025-10-03 00:17:11 --> ErrorException: Undefined variable $sch
[Method: GET, Route: result/course/marks/28]
in APPPATH\Views\result\marks.php on line 12.
 1 APPPATH\Views\result\marks.php(12): CodeIgniter\Debug\Exceptions->errorHandler(2, 'Undefined variable $sch', 'C:\\xampp\\htdocs\\muzani\\app\\Views\\result\\marks.php', 12)
 2 SYSTEMPATH\View\View.php(226): include('C:\\xampp\\htdocs\\muzani\\app\\Views\\result\\marks.php')
 3 SYSTEMPATH\View\View.php(229): CodeIgniter\View\View->CodeIgniter\View\{closure}()
 4 SYSTEMPATH\Common.php(1167): CodeIgniter\View\View->render('result/marks', [], true)
 5 APPPATH\Controllers\ResultController.php(151): view('result/marks', [...])
 6 SYSTEMPATH\CodeIgniter.php(933): App\Controllers\ResultController->marks('course', '28')
 7 SYSTEMPATH\CodeIgniter.php(507): CodeIgniter\CodeIgniter->runController(Object(App\Controllers\ResultController))
 8 SYSTEMPATH\CodeIgniter.php(354): CodeIgniter\CodeIgniter->handleRequest(null, Object(Config\Cache), false)
 9 SYSTEMPATH\Boot.php(363): CodeIgniter\CodeIgniter->run()
10 SYSTEMPATH\Boot.php(68): CodeIgniter\Boot::runCodeIgniter(Object(CodeIgniter\CodeIgniter))
11 FCPATH\index.php(59): CodeIgniter\Boot::bootWeb(Object(Config\Paths))
DEBUG - 2025-10-03 00:17:14 --> Session: Class initialized using 'CodeIgniter\Session\Handlers\FileHandler' driver.
CRITICAL - 2025-10-03 00:17:14 --> ErrorException: Undefined variable $sch
[Method: GET, Route: result/course/marks/28]
in APPPATH\Views\result\marks.php on line 12.
 1 APPPATH\Views\result\marks.php(12): CodeIgniter\Debug\Exceptions->errorHandler(2, 'Undefined variable $sch', 'C:\\xampp\\htdocs\\muzani\\app\\Views\\result\\marks.php', 12)
 2 SYSTEMPATH\View\View.php(226): include('C:\\xampp\\htdocs\\muzani\\app\\Views\\result\\marks.php')
 3 SYSTEMPATH\View\View.php(229): CodeIgniter\View\View->CodeIgniter\View\{closure}()
 4 SYSTEMPATH\Common.php(1167): CodeIgniter\View\View->render('result/marks', [], true)
 5 APPPATH\Controllers\ResultController.php(151): view('result/marks', [...])
 6 SYSTEMPATH\CodeIgniter.php(933): App\Controllers\ResultController->marks('course', '28')
 7 SYSTEMPATH\CodeIgniter.php(507): CodeIgniter\CodeIgniter->runController(Object(App\Controllers\ResultController))
 8 SYSTEMPATH\CodeIgniter.php(354): CodeIgniter\CodeIgniter->handleRequest(null, Object(Config\Cache), false)
 9 SYSTEMPATH\Boot.php(363): CodeIgniter\CodeIgniter->run()
10 SYSTEMPATH\Boot.php(68): CodeIgniter\Boot::runCodeIgniter(Object(CodeIgniter\CodeIgniter))
11 FCPATH\index.php(59): CodeIgniter\Boot::bootWeb(Object(Config\Paths))
DEBUG - 2025-10-03 00:17:36 --> Session: Class initialized using 'CodeIgniter\Session\Handlers\FileHandler' driver.
CRITICAL - 2025-10-03 00:17:36 --> ErrorException: Undefined variable $sub
[Method: GET, Route: result/course/marks/28]
in APPPATH\Views\result\marks.php on line 14.
 1 APPPATH\Views\result\marks.php(14): CodeIgniter\Debug\Exceptions->errorHandler(2, 'Undefined variable $sub', 'C:\\xampp\\htdocs\\muzani\\app\\Views\\result\\marks.php', 14)
 2 SYSTEMPATH\View\View.php(226): include('C:\\xampp\\htdocs\\muzani\\app\\Views\\result\\marks.php')
 3 SYSTEMPATH\View\View.php(229): CodeIgniter\View\View->CodeIgniter\View\{closure}()
 4 SYSTEMPATH\Common.php(1167): CodeIgniter\View\View->render('result/marks', [], true)
 5 APPPATH\Controllers\ResultController.php(151): view('result/marks', [...])
 6 SYSTEMPATH\CodeIgniter.php(933): App\Controllers\ResultController->marks('course', '28')
 7 SYSTEMPATH\CodeIgniter.php(507): CodeIgniter\CodeIgniter->runController(Object(App\Controllers\ResultController))
 8 SYSTEMPATH\CodeIgniter.php(354): CodeIgniter\CodeIgniter->handleRequest(null, Object(Config\Cache), false)
 9 SYSTEMPATH\Boot.php(363): CodeIgniter\CodeIgniter->run()
10 SYSTEMPATH\Boot.php(68): CodeIgniter\Boot::runCodeIgniter(Object(CodeIgniter\CodeIgniter))
11 FCPATH\index.php(59): CodeIgniter\Boot::bootWeb(Object(Config\Paths))
DEBUG - 2025-10-03 00:17:45 --> Session: Class initialized using 'CodeIgniter\Session\Handlers\FileHandler' driver.
CRITICAL - 2025-10-03 00:17:45 --> TypeError: count(): Argument #1 ($value) must be of type Countable|array, null given
[Method: GET, Route: result/course/marks/28]
in APPPATH\Views\result\marks.php on line 22.
 1 SYSTEMPATH\View\View.php(226): include()
 2 SYSTEMPATH\View\View.php(229): CodeIgniter\View\View->CodeIgniter\View\{closure}()
 3 SYSTEMPATH\Common.php(1167): CodeIgniter\View\View->render('result/marks', [], true)
 4 APPPATH\Controllers\ResultController.php(151): view('result/marks', [...])
 5 SYSTEMPATH\CodeIgniter.php(933): App\Controllers\ResultController->marks('course', '28')
 6 SYSTEMPATH\CodeIgniter.php(507): CodeIgniter\CodeIgniter->runController(Object(App\Controllers\ResultController))
 7 SYSTEMPATH\CodeIgniter.php(354): CodeIgniter\CodeIgniter->handleRequest(null, Object(Config\Cache), false)
 8 SYSTEMPATH\Boot.php(363): CodeIgniter\CodeIgniter->run()
 9 SYSTEMPATH\Boot.php(68): CodeIgniter\Boot::runCodeIgniter(Object(CodeIgniter\CodeIgniter))
10 FCPATH\index.php(59): CodeIgniter\Boot::bootWeb(Object(Config\Paths))
CRITICAL - 2025-10-03 00:17:45 --> [Caused by] ErrorException: Undefined variable $stu
in APPPATH\Views\result\marks.php on line 22.
 1 APPPATH\Views\result\marks.php(22): CodeIgniter\Debug\Exceptions->errorHandler(2, 'Undefined variable $stu', 'C:\\xampp\\htdocs\\muzani\\app\\Views\\result\\marks.php', 22)
 2 SYSTEMPATH\View\View.php(226): include('C:\\xampp\\htdocs\\muzani\\app\\Views\\result\\marks.php')
 3 SYSTEMPATH\View\View.php(229): CodeIgniter\View\View->CodeIgniter\View\{closure}()
 4 SYSTEMPATH\Common.php(1167): CodeIgniter\View\View->render('result/marks', [], true)
 5 APPPATH\Controllers\ResultController.php(151): view('result/marks', [...])
 6 SYSTEMPATH\CodeIgniter.php(933): App\Controllers\ResultController->marks('course', '28')
 7 SYSTEMPATH\CodeIgniter.php(507): CodeIgniter\CodeIgniter->runController(Object(App\Controllers\ResultController))
 8 SYSTEMPATH\CodeIgniter.php(354): CodeIgniter\CodeIgniter->handleRequest(null, Object(Config\Cache), false)
 9 SYSTEMPATH\Boot.php(363): CodeIgniter\CodeIgniter->run()
10 SYSTEMPATH\Boot.php(68): CodeIgniter\Boot::runCodeIgniter(Object(CodeIgniter\CodeIgniter))
11 FCPATH\index.php(59): CodeIgniter\Boot::bootWeb(Object(Config\Paths))
DEBUG - 2025-10-03 00:18:09 --> Session: Class initialized using 'CodeIgniter\Session\Handlers\FileHandler' driver.
CRITICAL - 2025-10-03 00:18:09 --> ErrorException: Undefined variable $sub
[Method: GET, Route: result/course/marks/28]
in APPPATH\Views\result\marks.php on line 28.
 1 APPPATH\Views\result\marks.php(28): CodeIgniter\Debug\Exceptions->errorHandler(2, 'Undefined variable $sub', 'C:\\xampp\\htdocs\\muzani\\app\\Views\\result\\marks.php', 28)
 2 SYSTEMPATH\View\View.php(226): include('C:\\xampp\\htdocs\\muzani\\app\\Views\\result\\marks.php')
 3 SYSTEMPATH\View\View.php(229): CodeIgniter\View\View->CodeIgniter\View\{closure}()
 4 SYSTEMPATH\Common.php(1167): CodeIgniter\View\View->render('result/marks', [], true)
 5 APPPATH\Controllers\ResultController.php(151): view('result/marks', [...])
 6 SYSTEMPATH\CodeIgniter.php(933): App\Controllers\ResultController->marks('course', '28')
 7 SYSTEMPATH\CodeIgniter.php(507): CodeIgniter\CodeIgniter->runController(Object(App\Controllers\ResultController))
 8 SYSTEMPATH\CodeIgniter.php(354): CodeIgniter\CodeIgniter->handleRequest(null, Object(Config\Cache), false)
 9 SYSTEMPATH\Boot.php(363): CodeIgniter\CodeIgniter->run()
10 SYSTEMPATH\Boot.php(68): CodeIgniter\Boot::runCodeIgniter(Object(CodeIgniter\CodeIgniter))
11 FCPATH\index.php(59): CodeIgniter\Boot::bootWeb(Object(Config\Paths))
DEBUG - 2025-10-03 00:18:22 --> Session: Class initialized using 'CodeIgniter\Session\Handlers\FileHandler' driver.
CRITICAL - 2025-10-03 00:18:22 --> ErrorException: Undefined variable $stu
[Method: GET, Route: result/course/marks/28]
in APPPATH\Views\result\marks.php on line 46.
 1 APPPATH\Views\result\marks.php(46): CodeIgniter\Debug\Exceptions->errorHandler(2, 'Undefined variable $stu', 'C:\\xampp\\htdocs\\muzani\\app\\Views\\result\\marks.php', 46)
 2 SYSTEMPATH\View\View.php(226): include('C:\\xampp\\htdocs\\muzani\\app\\Views\\result\\marks.php')
 3 SYSTEMPATH\View\View.php(229): CodeIgniter\View\View->CodeIgniter\View\{closure}()
 4 SYSTEMPATH\Common.php(1167): CodeIgniter\View\View->render('result/marks', [], true)
 5 APPPATH\Controllers\ResultController.php(151): view('result/marks', [...])
 6 SYSTEMPATH\CodeIgniter.php(933): App\Controllers\ResultController->marks('course', '28')
 7 SYSTEMPATH\CodeIgniter.php(507): CodeIgniter\CodeIgniter->runController(Object(App\Controllers\ResultController))
 8 SYSTEMPATH\CodeIgniter.php(354): CodeIgniter\CodeIgniter->handleRequest(null, Object(Config\Cache), false)
 9 SYSTEMPATH\Boot.php(363): CodeIgniter\CodeIgniter->run()
10 SYSTEMPATH\Boot.php(68): CodeIgniter\Boot::runCodeIgniter(Object(CodeIgniter\CodeIgniter))
11 FCPATH\index.php(59): CodeIgniter\Boot::bootWeb(Object(Config\Paths))
DEBUG - 2025-10-03 00:18:32 --> Session: Class initialized using 'CodeIgniter\Session\Handlers\FileHandler' driver.
CRITICAL - 2025-10-03 00:18:32 --> ErrorException: Undefined variable $r
[Method: GET, Route: result/course/marks/28]
in APPPATH\Views\result\marks.php on line 47.
 1 APPPATH\Views\result\marks.php(47): CodeIgniter\Debug\Exceptions->errorHandler(2, 'Undefined variable $r', 'C:\\xampp\\htdocs\\muzani\\app\\Views\\result\\marks.php', 47)
 2 SYSTEMPATH\View\View.php(226): include('C:\\xampp\\htdocs\\muzani\\app\\Views\\result\\marks.php')
 3 SYSTEMPATH\View\View.php(229): CodeIgniter\View\View->CodeIgniter\View\{closure}()
 4 SYSTEMPATH\Common.php(1167): CodeIgniter\View\View->render('result/marks', [], true)
 5 APPPATH\Controllers\ResultController.php(151): view('result/marks', [...])
 6 SYSTEMPATH\CodeIgniter.php(933): App\Controllers\ResultController->marks('course', '28')
 7 SYSTEMPATH\CodeIgniter.php(507): CodeIgniter\CodeIgniter->runController(Object(App\Controllers\ResultController))
 8 SYSTEMPATH\CodeIgniter.php(354): CodeIgniter\CodeIgniter->handleRequest(null, Object(Config\Cache), false)
 9 SYSTEMPATH\Boot.php(363): CodeIgniter\CodeIgniter->run()
10 SYSTEMPATH\Boot.php(68): CodeIgniter\Boot::runCodeIgniter(Object(CodeIgniter\CodeIgniter))
11 FCPATH\index.php(59): CodeIgniter\Boot::bootWeb(Object(Config\Paths))
DEBUG - 2025-10-03 00:19:08 --> Session: Class initialized using 'CodeIgniter\Session\Handlers\FileHandler' driver.
CRITICAL - 2025-10-03 00:19:08 --> ErrorException: Undefined variable $r
[Method: GET, Route: result/course/marks/28]
in APPPATH\Views\result\marks.php on line 47.
 1 APPPATH\Views\result\marks.php(47): CodeIgniter\Debug\Exceptions->errorHandler(2, 'Undefined variable $r', 'C:\\xampp\\htdocs\\muzani\\app\\Views\\result\\marks.php', 47)
 2 SYSTEMPATH\View\View.php(226): include('C:\\xampp\\htdocs\\muzani\\app\\Views\\result\\marks.php')
 3 SYSTEMPATH\View\View.php(229): CodeIgniter\View\View->CodeIgniter\View\{closure}()
 4 SYSTEMPATH\Common.php(1167): CodeIgniter\View\View->render('result/marks', [], true)
 5 APPPATH\Controllers\ResultController.php(151): view('result/marks', [...])
 6 SYSTEMPATH\CodeIgniter.php(933): App\Controllers\ResultController->marks('course', '28')
 7 SYSTEMPATH\CodeIgniter.php(507): CodeIgniter\CodeIgniter->runController(Object(App\Controllers\ResultController))
 8 SYSTEMPATH\CodeIgniter.php(354): CodeIgniter\CodeIgniter->handleRequest(null, Object(Config\Cache), false)
 9 SYSTEMPATH\Boot.php(363): CodeIgniter\CodeIgniter->run()
10 SYSTEMPATH\Boot.php(68): CodeIgniter\Boot::runCodeIgniter(Object(CodeIgniter\CodeIgniter))
11 FCPATH\index.php(59): CodeIgniter\Boot::bootWeb(Object(Config\Paths))
DEBUG - 2025-10-03 00:19:19 --> Session: Class initialized using 'CodeIgniter\Session\Handlers\FileHandler' driver.
CRITICAL - 2025-10-03 00:19:19 --> ErrorException: Undefined variable $sub
[Method: GET, Route: result/course/marks/28]
in APPPATH\Views\result\marks.php on line 47.
 1 APPPATH\Views\result\marks.php(47): CodeIgniter\Debug\Exceptions->errorHandler(2, 'Undefined variable $sub', 'C:\\xampp\\htdocs\\muzani\\app\\Views\\result\\marks.php', 47)
 2 SYSTEMPATH\View\View.php(226): include('C:\\xampp\\htdocs\\muzani\\app\\Views\\result\\marks.php')
 3 SYSTEMPATH\View\View.php(229): CodeIgniter\View\View->CodeIgniter\View\{closure}()
 4 SYSTEMPATH\Common.php(1167): CodeIgniter\View\View->render('result/marks', [], true)
 5 APPPATH\Controllers\ResultController.php(151): view('result/marks', [...])
 6 SYSTEMPATH\CodeIgniter.php(933): App\Controllers\ResultController->marks('course', '28')
 7 SYSTEMPATH\CodeIgniter.php(507): CodeIgniter\CodeIgniter->runController(Object(App\Controllers\ResultController))
 8 SYSTEMPATH\CodeIgniter.php(354): CodeIgniter\CodeIgniter->handleRequest(null, Object(Config\Cache), false)
 9 SYSTEMPATH\Boot.php(363): CodeIgniter\CodeIgniter->run()
10 SYSTEMPATH\Boot.php(68): CodeIgniter\Boot::runCodeIgniter(Object(CodeIgniter\CodeIgniter))
11 FCPATH\index.php(59): CodeIgniter\Boot::bootWeb(Object(Config\Paths))
DEBUG - 2025-10-03 00:19:30 --> Session: Class initialized using 'CodeIgniter\Session\Handlers\FileHandler' driver.
CRITICAL - 2025-10-03 00:19:30 --> ErrorException: Undefined variable $class
[Method: GET, Route: result/course/marks/28]
in APPPATH\Views\result\marks.php on line 51.
 1 APPPATH\Views\result\marks.php(51): CodeIgniter\Debug\Exceptions->errorHandler(2, 'Undefined variable $class', 'C:\\xampp\\htdocs\\muzani\\app\\Views\\result\\marks.php', 51)
 2 SYSTEMPATH\View\View.php(226): include('C:\\xampp\\htdocs\\muzani\\app\\Views\\result\\marks.php')
 3 SYSTEMPATH\View\View.php(229): CodeIgniter\View\View->CodeIgniter\View\{closure}()
 4 SYSTEMPATH\Common.php(1167): CodeIgniter\View\View->render('result/marks', [], true)
 5 APPPATH\Controllers\ResultController.php(151): view('result/marks', [...])
 6 SYSTEMPATH\CodeIgniter.php(933): App\Controllers\ResultController->marks('course', '28')
 7 SYSTEMPATH\CodeIgniter.php(507): CodeIgniter\CodeIgniter->runController(Object(App\Controllers\ResultController))
 8 SYSTEMPATH\CodeIgniter.php(354): CodeIgniter\CodeIgniter->handleRequest(null, Object(Config\Cache), false)
 9 SYSTEMPATH\Boot.php(363): CodeIgniter\CodeIgniter->run()
10 SYSTEMPATH\Boot.php(68): CodeIgniter\Boot::runCodeIgniter(Object(CodeIgniter\CodeIgniter))
11 FCPATH\index.php(59): CodeIgniter\Boot::bootWeb(Object(Config\Paths))
DEBUG - 2025-10-03 00:19:46 --> Session: Class initialized using 'CodeIgniter\Session\Handlers\FileHandler' driver.
CRITICAL - 2025-10-03 00:19:46 --> ErrorException: Undefined array key "course"
[Method: GET, Route: result/course/marks/28]
in APPPATH\Views\result\marks.php on line 62.
 1 APPPATH\Views\result\marks.php(62): CodeIgniter\Debug\Exceptions->errorHandler(2, 'Undefined array key "course"', 'C:\\xampp\\htdocs\\muzani\\app\\Views\\result\\marks.php', 62)
 2 SYSTEMPATH\View\View.php(226): include('C:\\xampp\\htdocs\\muzani\\app\\Views\\result\\marks.php')
 3 SYSTEMPATH\View\View.php(229): CodeIgniter\View\View->CodeIgniter\View\{closure}()
 4 SYSTEMPATH\Common.php(1167): CodeIgniter\View\View->render('result/marks', [], true)
 5 APPPATH\Controllers\ResultController.php(151): view('result/marks', [...])
 6 SYSTEMPATH\CodeIgniter.php(933): App\Controllers\ResultController->marks('course', '28')
 7 SYSTEMPATH\CodeIgniter.php(507): CodeIgniter\CodeIgniter->runController(Object(App\Controllers\ResultController))
 8 SYSTEMPATH\CodeIgniter.php(354): CodeIgniter\CodeIgniter->handleRequest(null, Object(Config\Cache), false)
 9 SYSTEMPATH\Boot.php(363): CodeIgniter\CodeIgniter->run()
10 SYSTEMPATH\Boot.php(68): CodeIgniter\Boot::runCodeIgniter(Object(CodeIgniter\CodeIgniter))
11 FCPATH\index.php(59): CodeIgniter\Boot::bootWeb(Object(Config\Paths))
DEBUG - 2025-10-03 00:21:13 --> Session: Class initialized using 'CodeIgniter\Session\Handlers\FileHandler' driver.
CRITICAL - 2025-10-03 00:21:14 --> ErrorException: Undefined variable $sub
[Method: GET, Route: result/course/marks/28]
in APPPATH\Views\result\marks.php on line 78.
 1 APPPATH\Views\result\marks.php(78): CodeIgniter\Debug\Exceptions->errorHandler(2, 'Undefined variable $sub', 'C:\\xampp\\htdocs\\muzani\\app\\Views\\result\\marks.php', 78)
 2 SYSTEMPATH\View\View.php(226): include('C:\\xampp\\htdocs\\muzani\\app\\Views\\result\\marks.php')
 3 SYSTEMPATH\View\View.php(229): CodeIgniter\View\View->CodeIgniter\View\{closure}()
 4 SYSTEMPATH\Common.php(1167): CodeIgniter\View\View->render('result/marks', [], true)
 5 APPPATH\Controllers\ResultController.php(151): view('result/marks', [...])
 6 SYSTEMPATH\CodeIgniter.php(933): App\Controllers\ResultController->marks('course', '28')
 7 SYSTEMPATH\CodeIgniter.php(507): CodeIgniter\CodeIgniter->runController(Object(App\Controllers\ResultController))
 8 SYSTEMPATH\CodeIgniter.php(354): CodeIgniter\CodeIgniter->handleRequest(null, Object(Config\Cache), false)
 9 SYSTEMPATH\Boot.php(363): CodeIgniter\CodeIgniter->run()
10 SYSTEMPATH\Boot.php(68): CodeIgniter\Boot::runCodeIgniter(Object(CodeIgniter\CodeIgniter))
11 FCPATH\index.php(59): CodeIgniter\Boot::bootWeb(Object(Config\Paths))
DEBUG - 2025-10-03 00:22:49 --> Session: Class initialized using 'CodeIgniter\Session\Handlers\FileHandler' driver.
DEBUG - 2025-10-03 00:23:12 --> Session: Class initialized using 'CodeIgniter\Session\Handlers\FileHandler' driver.
DEBUG - 2025-10-03 00:23:21 --> Session: Class initialized using 'CodeIgniter\Session\Handlers\FileHandler' driver.
DEBUG - 2025-10-03 00:23:39 --> Session: Class initialized using 'CodeIgniter\Session\Handlers\FileHandler' driver.
DEBUG - 2025-10-03 00:23:56 --> Session: Class initialized using 'CodeIgniter\Session\Handlers\FileHandler' driver.
DEBUG - 2025-10-03 00:24:08 --> Session: Class initialized using 'CodeIgniter\Session\Handlers\FileHandler' driver.
DEBUG - 2025-10-03 00:25:14 --> Session: Class initialized using 'CodeIgniter\Session\Handlers\FileHandler' driver.
CRITICAL - 2025-10-03 00:25:14 --> ErrorException: Undefined array key "name_ar"
[Method: GET, Route: result/course/marks/28]
in APPPATH\Views\result\marks.php on line 21.
 1 APPPATH\Views\result\marks.php(21): CodeIgniter\Debug\Exceptions->errorHandler(2, 'Undefined array key "name_ar"', 'C:\\xampp\\htdocs\\muzani\\app\\Views\\result\\marks.php', 21)
 2 SYSTEMPATH\View\View.php(226): include('C:\\xampp\\htdocs\\muzani\\app\\Views\\result\\marks.php')
 3 SYSTEMPATH\View\View.php(229): CodeIgniter\View\View->CodeIgniter\View\{closure}()
 4 SYSTEMPATH\Common.php(1167): CodeIgniter\View\View->render('result/marks', [], true)
 5 APPPATH\Controllers\ResultController.php(151): view('result/marks', [...])
 6 SYSTEMPATH\CodeIgniter.php(933): App\Controllers\ResultController->marks('course', '28')
 7 SYSTEMPATH\CodeIgniter.php(507): CodeIgniter\CodeIgniter->runController(Object(App\Controllers\ResultController))
 8 SYSTEMPATH\CodeIgniter.php(354): CodeIgniter\CodeIgniter->handleRequest(null, Object(Config\Cache), false)
 9 SYSTEMPATH\Boot.php(363): CodeIgniter\CodeIgniter->run()
10 SYSTEMPATH\Boot.php(68): CodeIgniter\Boot::runCodeIgniter(Object(CodeIgniter\CodeIgniter))
11 FCPATH\index.php(59): CodeIgniter\Boot::bootWeb(Object(Config\Paths))
DEBUG - 2025-10-03 00:25:34 --> Session: Class initialized using 'CodeIgniter\Session\Handlers\FileHandler' driver.
DEBUG - 2025-10-03 00:26:27 --> Session: Class initialized using 'CodeIgniter\Session\Handlers\FileHandler' driver.
DEBUG - 2025-10-03 00:26:31 --> Session: Class initialized using 'CodeIgniter\Session\Handlers\FileHandler' driver.
DEBUG - 2025-10-03 00:27:08 --> Session: Class initialized using 'CodeIgniter\Session\Handlers\FileHandler' driver.
DEBUG - 2025-10-03 00:28:01 --> Session: Class initialized using 'CodeIgniter\Session\Handlers\FileHandler' driver.
DEBUG - 2025-10-03 00:28:11 --> Session: Class initialized using 'CodeIgniter\Session\Handlers\FileHandler' driver.
CRITICAL - 2025-10-03 00:28:11 --> ErrorException: Undefined array key "class_id"
[Method: GET, Route: result/sign/28]
in APPPATH\Controllers\ResultController.php on line 163.
 1 APPPATH\Controllers\ResultController.php(163): CodeIgniter\Debug\Exceptions->errorHandler(2, 'Undefined array key "class_id"', 'C:\\xampp\\htdocs\\muzani\\app\\Controllers\\ResultController.php', 163)
 2 SYSTEMPATH\CodeIgniter.php(933): App\Controllers\ResultController->sign('28')
 3 SYSTEMPATH\CodeIgniter.php(507): CodeIgniter\CodeIgniter->runController(Object(App\Controllers\ResultController))
 4 SYSTEMPATH\CodeIgniter.php(354): CodeIgniter\CodeIgniter->handleRequest(null, Object(Config\Cache), false)
 5 SYSTEMPATH\Boot.php(363): CodeIgniter\CodeIgniter->run()
 6 SYSTEMPATH\Boot.php(68): CodeIgniter\Boot::runCodeIgniter(Object(CodeIgniter\CodeIgniter))
 7 FCPATH\index.php(59): CodeIgniter\Boot::bootWeb(Object(Config\Paths))
DEBUG - 2025-10-03 00:28:26 --> Session: Class initialized using 'CodeIgniter\Session\Handlers\FileHandler' driver.
CRITICAL - 2025-10-03 00:28:26 --> ErrorException: Undefined array key "class_id"
[Method: GET, Route: result/sign/28]
in APPPATH\Views\result\sign.php on line 25.
 1 APPPATH\Views\result\sign.php(25): CodeIgniter\Debug\Exceptions->errorHandler(2, 'Undefined array key "class_id"', 'C:\\xampp\\htdocs\\muzani\\app\\Views\\result\\sign.php', 25)
 2 SYSTEMPATH\View\View.php(226): include('C:\\xampp\\htdocs\\muzani\\app\\Views\\result\\sign.php')
 3 SYSTEMPATH\View\View.php(229): CodeIgniter\View\View->CodeIgniter\View\{closure}()
 4 SYSTEMPATH\Common.php(1167): CodeIgniter\View\View->render('result/sign', [], true)
 5 APPPATH\Controllers\ResultController.php(171): view('result/sign', [...])
 6 SYSTEMPATH\CodeIgniter.php(933): App\Controllers\ResultController->sign('28')
 7 SYSTEMPATH\CodeIgniter.php(507): CodeIgniter\CodeIgniter->runController(Object(App\Controllers\ResultController))
 8 SYSTEMPATH\CodeIgniter.php(354): CodeIgniter\CodeIgniter->handleRequest(null, Object(Config\Cache), false)
 9 SYSTEMPATH\Boot.php(363): CodeIgniter\CodeIgniter->run()
10 SYSTEMPATH\Boot.php(68): CodeIgniter\Boot::runCodeIgniter(Object(CodeIgniter\CodeIgniter))
11 FCPATH\index.php(59): CodeIgniter\Boot::bootWeb(Object(Config\Paths))
DEBUG - 2025-10-03 00:28:59 --> Session: Class initialized using 'CodeIgniter\Session\Handlers\FileHandler' driver.
CRITICAL - 2025-10-03 00:29:00 --> ErrorException: Undefined array key "malaf"
[Method: GET, Route: result/sign/28]
in APPPATH\Views\result\sign.php on line 27.
 1 APPPATH\Views\result\sign.php(27): CodeIgniter\Debug\Exceptions->errorHandler(2, 'Undefined array key "malaf"', 'C:\\xampp\\htdocs\\muzani\\app\\Views\\result\\sign.php', 27)
 2 SYSTEMPATH\View\View.php(226): include('C:\\xampp\\htdocs\\muzani\\app\\Views\\result\\sign.php')
 3 SYSTEMPATH\View\View.php(229): CodeIgniter\View\View->CodeIgniter\View\{closure}()
 4 SYSTEMPATH\Common.php(1167): CodeIgniter\View\View->render('result/sign', [], true)
 5 APPPATH\Controllers\ResultController.php(171): view('result/sign', [...])
 6 SYSTEMPATH\CodeIgniter.php(933): App\Controllers\ResultController->sign('28')
 7 SYSTEMPATH\CodeIgniter.php(507): CodeIgniter\CodeIgniter->runController(Object(App\Controllers\ResultController))
 8 SYSTEMPATH\CodeIgniter.php(354): CodeIgniter\CodeIgniter->handleRequest(null, Object(Config\Cache), false)
 9 SYSTEMPATH\Boot.php(363): CodeIgniter\CodeIgniter->run()
10 SYSTEMPATH\Boot.php(68): CodeIgniter\Boot::runCodeIgniter(Object(CodeIgniter\CodeIgniter))
11 FCPATH\index.php(59): CodeIgniter\Boot::bootWeb(Object(Config\Paths))
DEBUG - 2025-10-03 00:29:09 --> Session: Class initialized using 'CodeIgniter\Session\Handlers\FileHandler' driver.
CRITICAL - 2025-10-03 00:29:09 --> ErrorException: Undefined array key "malaf"
[Method: GET, Route: result/sign/28]
in APPPATH\Views\result\sign.php on line 27.
 1 APPPATH\Views\result\sign.php(27): CodeIgniter\Debug\Exceptions->errorHandler(2, 'Undefined array key "malaf"', 'C:\\xampp\\htdocs\\muzani\\app\\Views\\result\\sign.php', 27)
 2 SYSTEMPATH\View\View.php(226): include('C:\\xampp\\htdocs\\muzani\\app\\Views\\result\\sign.php')
 3 SYSTEMPATH\View\View.php(229): CodeIgniter\View\View->CodeIgniter\View\{closure}()
 4 SYSTEMPATH\Common.php(1167): CodeIgniter\View\View->render('result/sign', [], true)
 5 APPPATH\Controllers\ResultController.php(171): view('result/sign', [...])
 6 SYSTEMPATH\CodeIgniter.php(933): App\Controllers\ResultController->sign('28')
 7 SYSTEMPATH\CodeIgniter.php(507): CodeIgniter\CodeIgniter->runController(Object(App\Controllers\ResultController))
 8 SYSTEMPATH\CodeIgniter.php(354): CodeIgniter\CodeIgniter->handleRequest(null, Object(Config\Cache), false)
 9 SYSTEMPATH\Boot.php(363): CodeIgniter\CodeIgniter->run()
10 SYSTEMPATH\Boot.php(68): CodeIgniter\Boot::runCodeIgniter(Object(CodeIgniter\CodeIgniter))
11 FCPATH\index.php(59): CodeIgniter\Boot::bootWeb(Object(Config\Paths))
DEBUG - 2025-10-03 00:29:11 --> Session: Class initialized using 'CodeIgniter\Session\Handlers\FileHandler' driver.
CRITICAL - 2025-10-03 00:29:11 --> ErrorException: Undefined array key "malaf"
[Method: GET, Route: result/sign/28]
in APPPATH\Views\result\sign.php on line 27.
 1 APPPATH\Views\result\sign.php(27): CodeIgniter\Debug\Exceptions->errorHandler(2, 'Undefined array key "malaf"', 'C:\\xampp\\htdocs\\muzani\\app\\Views\\result\\sign.php', 27)
 2 SYSTEMPATH\View\View.php(226): include('C:\\xampp\\htdocs\\muzani\\app\\Views\\result\\sign.php')
 3 SYSTEMPATH\View\View.php(229): CodeIgniter\View\View->CodeIgniter\View\{closure}()
 4 SYSTEMPATH\Common.php(1167): CodeIgniter\View\View->render('result/sign', [], true)
 5 APPPATH\Controllers\ResultController.php(171): view('result/sign', [...])
 6 SYSTEMPATH\CodeIgniter.php(933): App\Controllers\ResultController->sign('28')
 7 SYSTEMPATH\CodeIgniter.php(507): CodeIgniter\CodeIgniter->runController(Object(App\Controllers\ResultController))
 8 SYSTEMPATH\CodeIgniter.php(354): CodeIgniter\CodeIgniter->handleRequest(null, Object(Config\Cache), false)
 9 SYSTEMPATH\Boot.php(363): CodeIgniter\CodeIgniter->run()
10 SYSTEMPATH\Boot.php(68): CodeIgniter\Boot::runCodeIgniter(Object(CodeIgniter\CodeIgniter))
11 FCPATH\index.php(59): CodeIgniter\Boot::bootWeb(Object(Config\Paths))
DEBUG - 2025-10-03 00:29:13 --> Session: Class initialized using 'CodeIgniter\Session\Handlers\FileHandler' driver.
CRITICAL - 2025-10-03 00:29:13 --> ErrorException: Undefined array key "malaf"
[Method: GET, Route: result/sign/28]
in APPPATH\Views\result\sign.php on line 27.
 1 APPPATH\Views\result\sign.php(27): CodeIgniter\Debug\Exceptions->errorHandler(2, 'Undefined array key "malaf"', 'C:\\xampp\\htdocs\\muzani\\app\\Views\\result\\sign.php', 27)
 2 SYSTEMPATH\View\View.php(226): include('C:\\xampp\\htdocs\\muzani\\app\\Views\\result\\sign.php')
 3 SYSTEMPATH\View\View.php(229): CodeIgniter\View\View->CodeIgniter\View\{closure}()
 4 SYSTEMPATH\Common.php(1167): CodeIgniter\View\View->render('result/sign', [], true)
 5 APPPATH\Controllers\ResultController.php(171): view('result/sign', [...])
 6 SYSTEMPATH\CodeIgniter.php(933): App\Controllers\ResultController->sign('28')
 7 SYSTEMPATH\CodeIgniter.php(507): CodeIgniter\CodeIgniter->runController(Object(App\Controllers\ResultController))
 8 SYSTEMPATH\CodeIgniter.php(354): CodeIgniter\CodeIgniter->handleRequest(null, Object(Config\Cache), false)
 9 SYSTEMPATH\Boot.php(363): CodeIgniter\CodeIgniter->run()
10 SYSTEMPATH\Boot.php(68): CodeIgniter\Boot::runCodeIgniter(Object(CodeIgniter\CodeIgniter))
11 FCPATH\index.php(59): CodeIgniter\Boot::bootWeb(Object(Config\Paths))
DEBUG - 2025-10-03 00:29:22 --> Session: Class initialized using 'CodeIgniter\Session\Handlers\FileHandler' driver.
DEBUG - 2025-10-03 00:29:40 --> Session: Class initialized using 'CodeIgniter\Session\Handlers\FileHandler' driver.
DEBUG - 2025-10-03 00:30:15 --> Session: Class initialized using 'CodeIgniter\Session\Handlers\FileHandler' driver.
DEBUG - 2025-10-03 00:32:40 --> Session: Class initialized using 'CodeIgniter\Session\Handlers\FileHandler' driver.
CRITICAL - 2025-10-03 00:32:40 --> ErrorException: Undefined variable $gpa
[Method: GET, Route: result/sign/28]
in APPPATH\Views\result\sign.php on line 90.
 1 APPPATH\Views\result\sign.php(90): CodeIgniter\Debug\Exceptions->errorHandler(2, 'Undefined variable $gpa', 'C:\\xampp\\htdocs\\muzani\\app\\Views\\result\\sign.php', 90)
 2 SYSTEMPATH\View\View.php(226): include('C:\\xampp\\htdocs\\muzani\\app\\Views\\result\\sign.php')
 3 SYSTEMPATH\View\View.php(229): CodeIgniter\View\View->CodeIgniter\View\{closure}()
 4 SYSTEMPATH\Common.php(1167): CodeIgniter\View\View->render('result/sign', [], true)
 5 APPPATH\Controllers\ResultController.php(171): view('result/sign', [...])
 6 SYSTEMPATH\CodeIgniter.php(933): App\Controllers\ResultController->sign('28')
 7 SYSTEMPATH\CodeIgniter.php(507): CodeIgniter\CodeIgniter->runController(Object(App\Controllers\ResultController))
 8 SYSTEMPATH\CodeIgniter.php(354): CodeIgniter\CodeIgniter->handleRequest(null, Object(Config\Cache), false)
 9 SYSTEMPATH\Boot.php(363): CodeIgniter\CodeIgniter->run()
10 SYSTEMPATH\Boot.php(68): CodeIgniter\Boot::runCodeIgniter(Object(CodeIgniter\CodeIgniter))
11 FCPATH\index.php(59): CodeIgniter\Boot::bootWeb(Object(Config\Paths))
DEBUG - 2025-10-03 00:34:18 --> Session: Class initialized using 'CodeIgniter\Session\Handlers\FileHandler' driver.
CRITICAL - 2025-10-03 00:34:18 --> ErrorException: Undefined variable $gpa
[Method: GET, Route: result/sign/28]
in APPPATH\Views\result\sign.php on line 89.
 1 APPPATH\Views\result\sign.php(89): CodeIgniter\Debug\Exceptions->errorHandler(2, 'Undefined variable $gpa', 'C:\\xampp\\htdocs\\muzani\\app\\Views\\result\\sign.php', 89)
 2 SYSTEMPATH\View\View.php(226): include('C:\\xampp\\htdocs\\muzani\\app\\Views\\result\\sign.php')
 3 SYSTEMPATH\View\View.php(229): CodeIgniter\View\View->CodeIgniter\View\{closure}()
 4 SYSTEMPATH\Common.php(1167): CodeIgniter\View\View->render('result/sign', [], true)
 5 APPPATH\Controllers\ResultController.php(169): view('result/sign', [...])
 6 SYSTEMPATH\CodeIgniter.php(933): App\Controllers\ResultController->sign('28')
 7 SYSTEMPATH\CodeIgniter.php(507): CodeIgniter\CodeIgniter->runController(Object(App\Controllers\ResultController))
 8 SYSTEMPATH\CodeIgniter.php(354): CodeIgniter\CodeIgniter->handleRequest(null, Object(Config\Cache), false)
 9 SYSTEMPATH\Boot.php(363): CodeIgniter\CodeIgniter->run()
10 SYSTEMPATH\Boot.php(68): CodeIgniter\Boot::runCodeIgniter(Object(CodeIgniter\CodeIgniter))
11 FCPATH\index.php(59): CodeIgniter\Boot::bootWeb(Object(Config\Paths))
DEBUG - 2025-10-03 00:34:46 --> Session: Class initialized using 'CodeIgniter\Session\Handlers\FileHandler' driver.
CRITICAL - 2025-10-03 00:34:46 --> ErrorException: Undefined variable $user
[Method: GET, Route: result/sign/28]
in APPPATH\Views\result\sign.php on line 94.
 1 APPPATH\Views\result\sign.php(94): CodeIgniter\Debug\Exceptions->errorHandler(2, 'Undefined variable $user', 'C:\\xampp\\htdocs\\muzani\\app\\Views\\result\\sign.php', 94)
 2 SYSTEMPATH\View\View.php(226): include('C:\\xampp\\htdocs\\muzani\\app\\Views\\result\\sign.php')
 3 SYSTEMPATH\View\View.php(229): CodeIgniter\View\View->CodeIgniter\View\{closure}()
 4 SYSTEMPATH\Common.php(1167): CodeIgniter\View\View->render('result/sign', [], true)
 5 APPPATH\Controllers\ResultController.php(169): view('result/sign', [...])
 6 SYSTEMPATH\CodeIgniter.php(933): App\Controllers\ResultController->sign('28')
 7 SYSTEMPATH\CodeIgniter.php(507): CodeIgniter\CodeIgniter->runController(Object(App\Controllers\ResultController))
 8 SYSTEMPATH\CodeIgniter.php(354): CodeIgniter\CodeIgniter->handleRequest(null, Object(Config\Cache), false)
 9 SYSTEMPATH\Boot.php(363): CodeIgniter\CodeIgniter->run()
10 SYSTEMPATH\Boot.php(68): CodeIgniter\Boot::runCodeIgniter(Object(CodeIgniter\CodeIgniter))
11 FCPATH\index.php(59): CodeIgniter\Boot::bootWeb(Object(Config\Paths))
DEBUG - 2025-10-03 00:35:41 --> Session: Class initialized using 'CodeIgniter\Session\Handlers\FileHandler' driver.
CRITICAL - 2025-10-03 00:35:41 --> ErrorException: Undefined variable $user
[Method: GET, Route: result/sign/28]
in APPPATH\Views\result\sign.php on line 95.
 1 APPPATH\Views\result\sign.php(95): CodeIgniter\Debug\Exceptions->errorHandler(2, 'Undefined variable $user', 'C:\\xampp\\htdocs\\muzani\\app\\Views\\result\\sign.php', 95)
 2 SYSTEMPATH\View\View.php(226): include('C:\\xampp\\htdocs\\muzani\\app\\Views\\result\\sign.php')
 3 SYSTEMPATH\View\View.php(229): CodeIgniter\View\View->CodeIgniter\View\{closure}()
 4 SYSTEMPATH\Common.php(1167): CodeIgniter\View\View->render('result/sign', [], true)
 5 APPPATH\Controllers\ResultController.php(169): view('result/sign', [...])
 6 SYSTEMPATH\CodeIgniter.php(933): App\Controllers\ResultController->sign('28')
 7 SYSTEMPATH\CodeIgniter.php(507): CodeIgniter\CodeIgniter->runController(Object(App\Controllers\ResultController))
 8 SYSTEMPATH\CodeIgniter.php(354): CodeIgniter\CodeIgniter->handleRequest(null, Object(Config\Cache), false)
 9 SYSTEMPATH\Boot.php(363): CodeIgniter\CodeIgniter->run()
10 SYSTEMPATH\Boot.php(68): CodeIgniter\Boot::runCodeIgniter(Object(CodeIgniter\CodeIgniter))
11 FCPATH\index.php(59): CodeIgniter\Boot::bootWeb(Object(Config\Paths))
DEBUG - 2025-10-03 00:36:01 --> Session: Class initialized using 'CodeIgniter\Session\Handlers\FileHandler' driver.
CRITICAL - 2025-10-03 00:36:01 --> ErrorException: Undefined variable $user
[Method: GET, Route: result/sign/28]
in APPPATH\Views\result\sign.php on line 95.
 1 APPPATH\Views\result\sign.php(95): CodeIgniter\Debug\Exceptions->errorHandler(2, 'Undefined variable $user', 'C:\\xampp\\htdocs\\muzani\\app\\Views\\result\\sign.php', 95)
 2 SYSTEMPATH\View\View.php(226): include('C:\\xampp\\htdocs\\muzani\\app\\Views\\result\\sign.php')
 3 SYSTEMPATH\View\View.php(229): CodeIgniter\View\View->CodeIgniter\View\{closure}()
 4 SYSTEMPATH\Common.php(1167): CodeIgniter\View\View->render('result/sign', [], true)
 5 APPPATH\Controllers\ResultController.php(169): view('result/sign', [...])
 6 SYSTEMPATH\CodeIgniter.php(933): App\Controllers\ResultController->sign('28')
 7 SYSTEMPATH\CodeIgniter.php(507): CodeIgniter\CodeIgniter->runController(Object(App\Controllers\ResultController))
 8 SYSTEMPATH\CodeIgniter.php(354): CodeIgniter\CodeIgniter->handleRequest(null, Object(Config\Cache), false)
 9 SYSTEMPATH\Boot.php(363): CodeIgniter\CodeIgniter->run()
10 SYSTEMPATH\Boot.php(68): CodeIgniter\Boot::runCodeIgniter(Object(CodeIgniter\CodeIgniter))
11 FCPATH\index.php(59): CodeIgniter\Boot::bootWeb(Object(Config\Paths))
DEBUG - 2025-10-03 00:36:23 --> Session: Class initialized using 'CodeIgniter\Session\Handlers\FileHandler' driver.
CRITICAL - 2025-10-03 00:36:23 --> ErrorException: Undefined variable $user
[Method: GET, Route: result/sign/28]
in APPPATH\Views\result\sign.php on line 96.
 1 APPPATH\Views\result\sign.php(96): CodeIgniter\Debug\Exceptions->errorHandler(2, 'Undefined variable $user', 'C:\\xampp\\htdocs\\muzani\\app\\Views\\result\\sign.php', 96)
 2 SYSTEMPATH\View\View.php(226): include('C:\\xampp\\htdocs\\muzani\\app\\Views\\result\\sign.php')
 3 SYSTEMPATH\View\View.php(229): CodeIgniter\View\View->CodeIgniter\View\{closure}()
 4 SYSTEMPATH\Common.php(1167): CodeIgniter\View\View->render('result/sign', [], true)
 5 APPPATH\Controllers\ResultController.php(169): view('result/sign', [...])
 6 SYSTEMPATH\CodeIgniter.php(933): App\Controllers\ResultController->sign('28')
 7 SYSTEMPATH\CodeIgniter.php(507): CodeIgniter\CodeIgniter->runController(Object(App\Controllers\ResultController))
 8 SYSTEMPATH\CodeIgniter.php(354): CodeIgniter\CodeIgniter->handleRequest(null, Object(Config\Cache), false)
 9 SYSTEMPATH\Boot.php(363): CodeIgniter\CodeIgniter->run()
10 SYSTEMPATH\Boot.php(68): CodeIgniter\Boot::runCodeIgniter(Object(CodeIgniter\CodeIgniter))
11 FCPATH\index.php(59): CodeIgniter\Boot::bootWeb(Object(Config\Paths))
DEBUG - 2025-10-03 00:36:51 --> Session: Class initialized using 'CodeIgniter\Session\Handlers\FileHandler' driver.
CRITICAL - 2025-10-03 00:36:51 --> ErrorException: Undefined variable $user
[Method: GET, Route: result/sign/28]
in APPPATH\Views\result\sign.php on line 96.
 1 APPPATH\Views\result\sign.php(96): CodeIgniter\Debug\Exceptions->errorHandler(2, 'Undefined variable $user', 'C:\\xampp\\htdocs\\muzani\\app\\Views\\result\\sign.php', 96)
 2 SYSTEMPATH\View\View.php(226): include('C:\\xampp\\htdocs\\muzani\\app\\Views\\result\\sign.php')
 3 SYSTEMPATH\View\View.php(229): CodeIgniter\View\View->CodeIgniter\View\{closure}()
 4 SYSTEMPATH\Common.php(1167): CodeIgniter\View\View->render('result/sign', [], true)
 5 APPPATH\Controllers\ResultController.php(169): view('result/sign', [...])
 6 SYSTEMPATH\CodeIgniter.php(933): App\Controllers\ResultController->sign('28')
 7 SYSTEMPATH\CodeIgniter.php(507): CodeIgniter\CodeIgniter->runController(Object(App\Controllers\ResultController))
 8 SYSTEMPATH\CodeIgniter.php(354): CodeIgniter\CodeIgniter->handleRequest(null, Object(Config\Cache), false)
 9 SYSTEMPATH\Boot.php(363): CodeIgniter\CodeIgniter->run()
10 SYSTEMPATH\Boot.php(68): CodeIgniter\Boot::runCodeIgniter(Object(CodeIgniter\CodeIgniter))
11 FCPATH\index.php(59): CodeIgniter\Boot::bootWeb(Object(Config\Paths))
DEBUG - 2025-10-03 00:37:23 --> Session: Class initialized using 'CodeIgniter\Session\Handlers\FileHandler' driver.
CRITICAL - 2025-10-03 00:37:23 --> ErrorException: Undefined variable $year
[Method: GET, Route: result/sign/28]
in APPPATH\Views\result\sign.php on line 96.
 1 APPPATH\Views\result\sign.php(96): CodeIgniter\Debug\Exceptions->errorHandler(2, 'Undefined variable $year', 'C:\\xampp\\htdocs\\muzani\\app\\Views\\result\\sign.php', 96)
 2 SYSTEMPATH\View\View.php(226): include('C:\\xampp\\htdocs\\muzani\\app\\Views\\result\\sign.php')
 3 SYSTEMPATH\View\View.php(229): CodeIgniter\View\View->CodeIgniter\View\{closure}()
 4 SYSTEMPATH\Common.php(1167): CodeIgniter\View\View->render('result/sign', [], true)
 5 APPPATH\Controllers\ResultController.php(169): view('result/sign', [...])
 6 SYSTEMPATH\CodeIgniter.php(933): App\Controllers\ResultController->sign('28')
 7 SYSTEMPATH\CodeIgniter.php(507): CodeIgniter\CodeIgniter->runController(Object(App\Controllers\ResultController))
 8 SYSTEMPATH\CodeIgniter.php(354): CodeIgniter\CodeIgniter->handleRequest(null, Object(Config\Cache), false)
 9 SYSTEMPATH\Boot.php(363): CodeIgniter\CodeIgniter->run()
10 SYSTEMPATH\Boot.php(68): CodeIgniter\Boot::runCodeIgniter(Object(CodeIgniter\CodeIgniter))
11 FCPATH\index.php(59): CodeIgniter\Boot::bootWeb(Object(Config\Paths))
DEBUG - 2025-10-03 00:37:59 --> Session: Class initialized using 'CodeIgniter\Session\Handlers\FileHandler' driver.
CRITICAL - 2025-10-03 00:37:59 --> ErrorException: Undefined variable $g
[Method: GET, Route: result/sign/28]
in APPPATH\Views\result\sign.php on line 116.
 1 APPPATH\Views\result\sign.php(116): CodeIgniter\Debug\Exceptions->errorHandler(2, 'Undefined variable $g', 'C:\\xampp\\htdocs\\muzani\\app\\Views\\result\\sign.php', 116)
 2 SYSTEMPATH\View\View.php(226): include('C:\\xampp\\htdocs\\muzani\\app\\Views\\result\\sign.php')
 3 SYSTEMPATH\View\View.php(229): CodeIgniter\View\View->CodeIgniter\View\{closure}()
 4 SYSTEMPATH\Common.php(1167): CodeIgniter\View\View->render('result/sign', [], true)
 5 APPPATH\Controllers\ResultController.php(169): view('result/sign', [...])
 6 SYSTEMPATH\CodeIgniter.php(933): App\Controllers\ResultController->sign('28')
 7 SYSTEMPATH\CodeIgniter.php(507): CodeIgniter\CodeIgniter->runController(Object(App\Controllers\ResultController))
 8 SYSTEMPATH\CodeIgniter.php(354): CodeIgniter\CodeIgniter->handleRequest(null, Object(Config\Cache), false)
 9 SYSTEMPATH\Boot.php(363): CodeIgniter\CodeIgniter->run()
10 SYSTEMPATH\Boot.php(68): CodeIgniter\Boot::runCodeIgniter(Object(CodeIgniter\CodeIgniter))
11 FCPATH\index.php(59): CodeIgniter\Boot::bootWeb(Object(Config\Paths))
DEBUG - 2025-10-03 00:38:17 --> Session: Class initialized using 'CodeIgniter\Session\Handlers\FileHandler' driver.
DEBUG - 2025-10-03 00:39:02 --> Session: Class initialized using 'CodeIgniter\Session\Handlers\FileHandler' driver.
DEBUG - 2025-10-03 00:39:18 --> Session: Class initialized using 'CodeIgniter\Session\Handlers\FileHandler' driver.
DEBUG - 2025-10-03 00:40:37 --> Session: Class initialized using 'CodeIgniter\Session\Handlers\FileHandler' driver.
CRITICAL - 2025-10-03 00:40:37 --> ErrorException: Undefined variable $g
[Method: GET, Route: result/sign/28]
in APPPATH\Views\result\sign.php on line 116.
 1 APPPATH\Views\result\sign.php(116): CodeIgniter\Debug\Exceptions->errorHandler(2, 'Undefined variable $g', 'C:\\xampp\\htdocs\\muzani\\app\\Views\\result\\sign.php', 116)
 2 SYSTEMPATH\View\View.php(226): include('C:\\xampp\\htdocs\\muzani\\app\\Views\\result\\sign.php')
 3 SYSTEMPATH\View\View.php(229): CodeIgniter\View\View->CodeIgniter\View\{closure}()
 4 SYSTEMPATH\Common.php(1167): CodeIgniter\View\View->render('result/sign', [], true)
 5 APPPATH\Controllers\ResultController.php(169): view('result/sign', [...])
 6 SYSTEMPATH\CodeIgniter.php(933): App\Controllers\ResultController->sign('28')
 7 SYSTEMPATH\CodeIgniter.php(507): CodeIgniter\CodeIgniter->runController(Object(App\Controllers\ResultController))
 8 SYSTEMPATH\CodeIgniter.php(354): CodeIgniter\CodeIgniter->handleRequest(null, Object(Config\Cache), false)
 9 SYSTEMPATH\Boot.php(363): CodeIgniter\CodeIgniter->run()
10 SYSTEMPATH\Boot.php(68): CodeIgniter\Boot::runCodeIgniter(Object(CodeIgniter\CodeIgniter))
11 FCPATH\index.php(59): CodeIgniter\Boot::bootWeb(Object(Config\Paths))
DEBUG - 2025-10-03 00:41:14 --> Session: Class initialized using 'CodeIgniter\Session\Handlers\FileHandler' driver.
CRITICAL - 2025-10-03 00:41:14 --> ErrorException: Undefined variable $r
[Method: GET, Route: result/sign/28]
in APPPATH\Views\result\sign.php on line 129.
 1 APPPATH\Views\result\sign.php(129): CodeIgniter\Debug\Exceptions->errorHandler(2, 'Undefined variable $r', 'C:\\xampp\\htdocs\\muzani\\app\\Views\\result\\sign.php', 129)
 2 SYSTEMPATH\View\View.php(226): include('C:\\xampp\\htdocs\\muzani\\app\\Views\\result\\sign.php')
 3 SYSTEMPATH\View\View.php(229): CodeIgniter\View\View->CodeIgniter\View\{closure}()
 4 SYSTEMPATH\Common.php(1167): CodeIgniter\View\View->render('result/sign', [], true)
 5 APPPATH\Controllers\ResultController.php(169): view('result/sign', [...])
 6 SYSTEMPATH\CodeIgniter.php(933): App\Controllers\ResultController->sign('28')
 7 SYSTEMPATH\CodeIgniter.php(507): CodeIgniter\CodeIgniter->runController(Object(App\Controllers\ResultController))
 8 SYSTEMPATH\CodeIgniter.php(354): CodeIgniter\CodeIgniter->handleRequest(null, Object(Config\Cache), false)
 9 SYSTEMPATH\Boot.php(363): CodeIgniter\CodeIgniter->run()
10 SYSTEMPATH\Boot.php(68): CodeIgniter\Boot::runCodeIgniter(Object(CodeIgniter\CodeIgniter))
11 FCPATH\index.php(59): CodeIgniter\Boot::bootWeb(Object(Config\Paths))
DEBUG - 2025-10-03 00:41:22 --> Session: Class initialized using 'CodeIgniter\Session\Handlers\FileHandler' driver.
CRITICAL - 2025-10-03 00:41:23 --> ErrorException: Undefined variable $sub
[Method: GET, Route: result/sign/28]
in APPPATH\Views\result\sign.php on line 129.
 1 APPPATH\Views\result\sign.php(129): CodeIgniter\Debug\Exceptions->errorHandler(2, 'Undefined variable $sub', 'C:\\xampp\\htdocs\\muzani\\app\\Views\\result\\sign.php', 129)
 2 SYSTEMPATH\View\View.php(226): include('C:\\xampp\\htdocs\\muzani\\app\\Views\\result\\sign.php')
 3 SYSTEMPATH\View\View.php(229): CodeIgniter\View\View->CodeIgniter\View\{closure}()
 4 SYSTEMPATH\Common.php(1167): CodeIgniter\View\View->render('result/sign', [], true)
 5 APPPATH\Controllers\ResultController.php(169): view('result/sign', [...])
 6 SYSTEMPATH\CodeIgniter.php(933): App\Controllers\ResultController->sign('28')
 7 SYSTEMPATH\CodeIgniter.php(507): CodeIgniter\CodeIgniter->runController(Object(App\Controllers\ResultController))
 8 SYSTEMPATH\CodeIgniter.php(354): CodeIgniter\CodeIgniter->handleRequest(null, Object(Config\Cache), false)
 9 SYSTEMPATH\Boot.php(363): CodeIgniter\CodeIgniter->run()
10 SYSTEMPATH\Boot.php(68): CodeIgniter\Boot::runCodeIgniter(Object(CodeIgniter\CodeIgniter))
11 FCPATH\index.php(59): CodeIgniter\Boot::bootWeb(Object(Config\Paths))
DEBUG - 2025-10-03 00:41:33 --> Session: Class initialized using 'CodeIgniter\Session\Handlers\FileHandler' driver.
CRITICAL - 2025-10-03 00:41:33 --> ErrorException: Undefined variable $sub
[Method: GET, Route: result/sign/28]
in APPPATH\Views\result\sign.php on line 129.
 1 APPPATH\Views\result\sign.php(129): CodeIgniter\Debug\Exceptions->errorHandler(2, 'Undefined variable $sub', 'C:\\xampp\\htdocs\\muzani\\app\\Views\\result\\sign.php', 129)
 2 SYSTEMPATH\View\View.php(226): include('C:\\xampp\\htdocs\\muzani\\app\\Views\\result\\sign.php')
 3 SYSTEMPATH\View\View.php(229): CodeIgniter\View\View->CodeIgniter\View\{closure}()
 4 SYSTEMPATH\Common.php(1167): CodeIgniter\View\View->render('result/sign', [], true)
 5 APPPATH\Controllers\ResultController.php(169): view('result/sign', [...])
 6 SYSTEMPATH\CodeIgniter.php(933): App\Controllers\ResultController->sign('28')
 7 SYSTEMPATH\CodeIgniter.php(507): CodeIgniter\CodeIgniter->runController(Object(App\Controllers\ResultController))
 8 SYSTEMPATH\CodeIgniter.php(354): CodeIgniter\CodeIgniter->handleRequest(null, Object(Config\Cache), false)
 9 SYSTEMPATH\Boot.php(363): CodeIgniter\CodeIgniter->run()
10 SYSTEMPATH\Boot.php(68): CodeIgniter\Boot::runCodeIgniter(Object(CodeIgniter\CodeIgniter))
11 FCPATH\index.php(59): CodeIgniter\Boot::bootWeb(Object(Config\Paths))
DEBUG - 2025-10-03 00:41:43 --> Session: Class initialized using 'CodeIgniter\Session\Handlers\FileHandler' driver.
CRITICAL - 2025-10-03 00:41:43 --> ErrorException: Undefined array key "marks"
[Method: GET, Route: result/sign/28]
in APPPATH\Views\result\sign.php on line 139.
 1 APPPATH\Views\result\sign.php(139): CodeIgniter\Debug\Exceptions->errorHandler(2, 'Undefined array key "marks"', 'C:\\xampp\\htdocs\\muzani\\app\\Views\\result\\sign.php', 139)
 2 SYSTEMPATH\View\View.php(226): include('C:\\xampp\\htdocs\\muzani\\app\\Views\\result\\sign.php')
 3 SYSTEMPATH\View\View.php(229): CodeIgniter\View\View->CodeIgniter\View\{closure}()
 4 SYSTEMPATH\Common.php(1167): CodeIgniter\View\View->render('result/sign', [], true)
 5 APPPATH\Controllers\ResultController.php(169): view('result/sign', [...])
 6 SYSTEMPATH\CodeIgniter.php(933): App\Controllers\ResultController->sign('28')
 7 SYSTEMPATH\CodeIgniter.php(507): CodeIgniter\CodeIgniter->runController(Object(App\Controllers\ResultController))
 8 SYSTEMPATH\CodeIgniter.php(354): CodeIgniter\CodeIgniter->handleRequest(null, Object(Config\Cache), false)
 9 SYSTEMPATH\Boot.php(363): CodeIgniter\CodeIgniter->run()
10 SYSTEMPATH\Boot.php(68): CodeIgniter\Boot::runCodeIgniter(Object(CodeIgniter\CodeIgniter))
11 FCPATH\index.php(59): CodeIgniter\Boot::bootWeb(Object(Config\Paths))
DEBUG - 2025-10-03 00:41:54 --> Session: Class initialized using 'CodeIgniter\Session\Handlers\FileHandler' driver.
CRITICAL - 2025-10-03 00:41:54 --> ErrorException: Undefined variable $g
[Method: GET, Route: result/sign/28]
in APPPATH\Views\result\sign.php on line 145.
 1 APPPATH\Views\result\sign.php(145): CodeIgniter\Debug\Exceptions->errorHandler(2, 'Undefined variable $g', 'C:\\xampp\\htdocs\\muzani\\app\\Views\\result\\sign.php', 145)
 2 SYSTEMPATH\View\View.php(226): include('C:\\xampp\\htdocs\\muzani\\app\\Views\\result\\sign.php')
 3 SYSTEMPATH\View\View.php(229): CodeIgniter\View\View->CodeIgniter\View\{closure}()
 4 SYSTEMPATH\Common.php(1167): CodeIgniter\View\View->render('result/sign', [], true)
 5 APPPATH\Controllers\ResultController.php(169): view('result/sign', [...])
 6 SYSTEMPATH\CodeIgniter.php(933): App\Controllers\ResultController->sign('28')
 7 SYSTEMPATH\CodeIgniter.php(507): CodeIgniter\CodeIgniter->runController(Object(App\Controllers\ResultController))
 8 SYSTEMPATH\CodeIgniter.php(354): CodeIgniter\CodeIgniter->handleRequest(null, Object(Config\Cache), false)
 9 SYSTEMPATH\Boot.php(363): CodeIgniter\CodeIgniter->run()
10 SYSTEMPATH\Boot.php(68): CodeIgniter\Boot::runCodeIgniter(Object(CodeIgniter\CodeIgniter))
11 FCPATH\index.php(59): CodeIgniter\Boot::bootWeb(Object(Config\Paths))
DEBUG - 2025-10-03 00:42:06 --> Session: Class initialized using 'CodeIgniter\Session\Handlers\FileHandler' driver.
CRITICAL - 2025-10-03 00:42:06 --> ErrorException: Undefined array key "link"
[Method: GET, Route: result/sign/28]
in APPPATH\Views\result\sign.php on line 152.
 1 APPPATH\Views\result\sign.php(152): CodeIgniter\Debug\Exceptions->errorHandler(2, 'Undefined array key "link"', 'C:\\xampp\\htdocs\\muzani\\app\\Views\\result\\sign.php', 152)
 2 SYSTEMPATH\View\View.php(226): include('C:\\xampp\\htdocs\\muzani\\app\\Views\\result\\sign.php')
 3 SYSTEMPATH\View\View.php(229): CodeIgniter\View\View->CodeIgniter\View\{closure}()
 4 SYSTEMPATH\Common.php(1167): CodeIgniter\View\View->render('result/sign', [], true)
 5 APPPATH\Controllers\ResultController.php(169): view('result/sign', [...])
 6 SYSTEMPATH\CodeIgniter.php(933): App\Controllers\ResultController->sign('28')
 7 SYSTEMPATH\CodeIgniter.php(507): CodeIgniter\CodeIgniter->runController(Object(App\Controllers\ResultController))
 8 SYSTEMPATH\CodeIgniter.php(354): CodeIgniter\CodeIgniter->handleRequest(null, Object(Config\Cache), false)
 9 SYSTEMPATH\Boot.php(363): CodeIgniter\CodeIgniter->run()
10 SYSTEMPATH\Boot.php(68): CodeIgniter\Boot::runCodeIgniter(Object(CodeIgniter\CodeIgniter))
11 FCPATH\index.php(59): CodeIgniter\Boot::bootWeb(Object(Config\Paths))
DEBUG - 2025-10-03 00:42:17 --> Session: Class initialized using 'CodeIgniter\Session\Handlers\FileHandler' driver.
DEBUG - 2025-10-03 00:42:48 --> Session: Class initialized using 'CodeIgniter\Session\Handlers\FileHandler' driver.
DEBUG - 2025-10-03 00:43:11 --> Session: Class initialized using 'CodeIgniter\Session\Handlers\FileHandler' driver.
DEBUG - 2025-10-03 00:43:24 --> Session: Class initialized using 'CodeIgniter\Session\Handlers\FileHandler' driver.
DEBUG - 2025-10-03 00:44:15 --> Session: Class initialized using 'CodeIgniter\Session\Handlers\FileHandler' driver.
DEBUG - 2025-10-03 00:44:31 --> Session: Class initialized using 'CodeIgniter\Session\Handlers\FileHandler' driver.
DEBUG - 2025-10-03 00:45:05 --> Session: Class initialized using 'CodeIgniter\Session\Handlers\FileHandler' driver.
DEBUG - 2025-10-03 00:45:28 --> Session: Class initialized using 'CodeIgniter\Session\Handlers\FileHandler' driver.
DEBUG - 2025-10-03 00:47:12 --> Session: Class initialized using 'CodeIgniter\Session\Handlers\FileHandler' driver.
DEBUG - 2025-10-03 00:47:28 --> Session: Class initialized using 'CodeIgniter\Session\Handlers\FileHandler' driver.
DEBUG - 2025-10-03 00:47:39 --> Session: Class initialized using 'CodeIgniter\Session\Handlers\FileHandler' driver.
DEBUG - 2025-10-03 00:47:56 --> Session: Class initialized using 'CodeIgniter\Session\Handlers\FileHandler' driver.
DEBUG - 2025-10-03 00:47:59 --> Session: Class initialized using 'CodeIgniter\Session\Handlers\FileHandler' driver.
DEBUG - 2025-10-03 00:50:59 --> Session: Class initialized using 'CodeIgniter\Session\Handlers\FileHandler' driver.
DEBUG - 2025-10-03 00:51:01 --> Session: Class initialized using 'CodeIgniter\Session\Handlers\FileHandler' driver.
DEBUG - 2025-10-03 00:51:37 --> Session: Class initialized using 'CodeIgniter\Session\Handlers\FileHandler' driver.
DEBUG - 2025-10-03 00:52:21 --> Session: Class initialized using 'CodeIgniter\Session\Handlers\FileHandler' driver.
DEBUG - 2025-10-03 00:53:37 --> Session: Class initialized using 'CodeIgniter\Session\Handlers\FileHandler' driver.
DEBUG - 2025-10-03 00:53:41 --> Session: Class initialized using 'CodeIgniter\Session\Handlers\FileHandler' driver.
DEBUG - 2025-10-03 00:53:50 --> Session: Class initialized using 'CodeIgniter\Session\Handlers\FileHandler' driver.
DEBUG - 2025-10-03 00:53:51 --> Session: Class initialized using 'CodeIgniter\Session\Handlers\FileHandler' driver.
DEBUG - 2025-10-03 00:53:54 --> Session: Class initialized using 'CodeIgniter\Session\Handlers\FileHandler' driver.
DEBUG - 2025-10-03 00:53:59 --> Session: Class initialized using 'CodeIgniter\Session\Handlers\FileHandler' driver.
DEBUG - 2025-10-03 00:53:59 --> Session: Class initialized using 'CodeIgniter\Session\Handlers\FileHandler' driver.
DEBUG - 2025-10-03 00:55:00 --> Session: Class initialized using 'CodeIgniter\Session\Handlers\FileHandler' driver.
DEBUG - 2025-10-03 00:55:28 --> Session: Class initialized using 'CodeIgniter\Session\Handlers\FileHandler' driver.
DEBUG - 2025-10-03 00:55:31 --> Session: Class initialized using 'CodeIgniter\Session\Handlers\FileHandler' driver.
DEBUG - 2025-10-03 00:55:31 --> Session: Class initialized using 'CodeIgniter\Session\Handlers\FileHandler' driver.
DEBUG - 2025-10-03 00:56:01 --> Session: Class initialized using 'CodeIgniter\Session\Handlers\FileHandler' driver.
DEBUG - 2025-10-03 00:56:04 --> Session: Class initialized using 'CodeIgniter\Session\Handlers\FileHandler' driver.
DEBUG - 2025-10-03 00:56:04 --> Session: Class initialized using 'CodeIgniter\Session\Handlers\FileHandler' driver.
DEBUG - 2025-10-03 00:56:17 --> Session: Class initialized using 'CodeIgniter\Session\Handlers\FileHandler' driver.
DEBUG - 2025-10-03 00:56:46 --> Session: Class initialized using 'CodeIgniter\Session\Handlers\FileHandler' driver.
DEBUG - 2025-10-03 00:57:05 --> Session: Class initialized using 'CodeIgniter\Session\Handlers\FileHandler' driver.
DEBUG - 2025-10-03 00:58:02 --> Session: Class initialized using 'CodeIgniter\Session\Handlers\FileHandler' driver.
DEBUG - 2025-10-03 00:58:13 --> Session: Class initialized using 'CodeIgniter\Session\Handlers\FileHandler' driver.
DEBUG - 2025-10-03 00:58:34 --> Session: Class initialized using 'CodeIgniter\Session\Handlers\FileHandler' driver.
DEBUG - 2025-10-03 00:58:53 --> Session: Class initialized using 'CodeIgniter\Session\Handlers\FileHandler' driver.
DEBUG - 2025-10-03 00:59:07 --> Session: Class initialized using 'CodeIgniter\Session\Handlers\FileHandler' driver.
DEBUG - 2025-10-03 00:59:35 --> Session: Class initialized using 'CodeIgniter\Session\Handlers\FileHandler' driver.
DEBUG - 2025-10-03 00:59:55 --> Session: Class initialized using 'CodeIgniter\Session\Handlers\FileHandler' driver.
DEBUG - 2025-10-03 01:00:27 --> Session: Class initialized using 'CodeIgniter\Session\Handlers\FileHandler' driver.
DEBUG - 2025-10-03 01:00:51 --> Session: Class initialized using 'CodeIgniter\Session\Handlers\FileHandler' driver.
DEBUG - 2025-10-03 01:00:57 --> Session: Class initialized using 'CodeIgniter\Session\Handlers\FileHandler' driver.
DEBUG - 2025-10-03 01:01:12 --> Session: Class initialized using 'CodeIgniter\Session\Handlers\FileHandler' driver.
DEBUG - 2025-10-03 01:01:48 --> Session: Class initialized using 'CodeIgniter\Session\Handlers\FileHandler' driver.
WARNING - 2025-10-03 01:01:48 --> [DEPRECATED] strtoupper(): Passing null to parameter #1 ($string) of type string is deprecated in APPPATH\Controllers\CourseController.php on line 50.
 1 APPPATH\Controllers\CourseController.php(50): strtoupper(null)
 2 SYSTEMPATH\CodeIgniter.php(933): App\Controllers\CourseController->update('course')
 3 SYSTEMPATH\CodeIgniter.php(507): CodeIgniter\CodeIgniter->runController(Object(App\Controllers\CourseController))
 4 SYSTEMPATH\CodeIgniter.php(354): CodeIgniter\CodeIgniter->handleRequest(null, Object(Config\Cache), false)
 5 SYSTEMPATH\Boot.php(363): CodeIgniter\CodeIgniter->run()
 6 SYSTEMPATH\Boot.php(68): CodeIgniter\Boot::runCodeIgniter(Object(CodeIgniter\CodeIgniter))
 7 FCPATH\index.php(59): CodeIgniter\Boot::bootWeb(Object(Config\Paths))
CRITICAL - 2025-10-03 01:01:48 --> ErrorException: Array to string conversion
[Method: POST, Route: result/course/update]
in APPPATH\Controllers\CourseController.php on line 60.
 1 APPPATH\Controllers\CourseController.php(60): CodeIgniter\Debug\Exceptions->errorHandler(2, 'Array to string conversion', 'C:\\xampp\\htdocs\\muzani\\app\\Controllers\\CourseController.php', 60)
 2 SYSTEMPATH\CodeIgniter.php(933): App\Controllers\CourseController->update('course')
 3 SYSTEMPATH\CodeIgniter.php(507): CodeIgniter\CodeIgniter->runController(Object(App\Controllers\CourseController))
 4 SYSTEMPATH\CodeIgniter.php(354): CodeIgniter\CodeIgniter->handleRequest(null, Object(Config\Cache), false)
 5 SYSTEMPATH\Boot.php(363): CodeIgniter\CodeIgniter->run()
 6 SYSTEMPATH\Boot.php(68): CodeIgniter\Boot::runCodeIgniter(Object(CodeIgniter\CodeIgniter))
 7 FCPATH\index.php(59): CodeIgniter\Boot::bootWeb(Object(Config\Paths))
DEBUG - 2025-10-03 01:02:20 --> Session: Class initialized using 'CodeIgniter\Session\Handlers\FileHandler' driver.
DEBUG - 2025-10-03 01:02:39 --> Session: Class initialized using 'CodeIgniter\Session\Handlers\FileHandler' driver.
DEBUG - 2025-10-03 01:03:07 --> Session: Class initialized using 'CodeIgniter\Session\Handlers\FileHandler' driver.
DEBUG - 2025-10-03 01:04:38 --> Session: Class initialized using 'CodeIgniter\Session\Handlers\FileHandler' driver.
DEBUG - 2025-10-03 01:06:20 --> Session: Class initialized using 'CodeIgniter\Session\Handlers\FileHandler' driver.
DEBUG - 2025-10-03 01:06:33 --> Session: Class initialized using 'CodeIgniter\Session\Handlers\FileHandler' driver.
DEBUG - 2025-10-03 01:07:46 --> Session: Class initialized using 'CodeIgniter\Session\Handlers\FileHandler' driver.
DEBUG - 2025-10-03 01:07:46 --> Session: Class initialized using 'CodeIgniter\Session\Handlers\FileHandler' driver.
DEBUG - 2025-10-03 01:08:24 --> Session: Class initialized using 'CodeIgniter\Session\Handlers\FileHandler' driver.
DEBUG - 2025-10-03 01:08:24 --> Session: Class initialized using 'CodeIgniter\Session\Handlers\FileHandler' driver.
DEBUG - 2025-10-03 01:09:11 --> Session: Class initialized using 'CodeIgniter\Session\Handlers\FileHandler' driver.
DEBUG - 2025-10-03 01:09:15 --> Session: Class initialized using 'CodeIgniter\Session\Handlers\FileHandler' driver.
DEBUG - 2025-10-03 01:09:15 --> Session: Class initialized using 'CodeIgniter\Session\Handlers\FileHandler' driver.
DEBUG - 2025-10-03 01:09:28 --> Session: Class initialized using 'CodeIgniter\Session\Handlers\FileHandler' driver.
DEBUG - 2025-10-03 01:09:35 --> Session: Class initialized using 'CodeIgniter\Session\Handlers\FileHandler' driver.
DEBUG - 2025-10-03 01:09:36 --> Session: Class initialized using 'CodeIgniter\Session\Handlers\FileHandler' driver.
DEBUG - 2025-10-03 01:09:37 --> Session: Class initialized using 'CodeIgniter\Session\Handlers\FileHandler' driver.
DEBUG - 2025-10-03 01:09:37 --> Session: Class initialized using 'CodeIgniter\Session\Handlers\FileHandler' driver.
DEBUG - 2025-10-03 01:09:39 --> Session: Class initialized using 'CodeIgniter\Session\Handlers\FileHandler' driver.
DEBUG - 2025-10-03 01:09:42 --> Session: Class initialized using 'CodeIgniter\Session\Handlers\FileHandler' driver.
DEBUG - 2025-10-03 01:09:46 --> Session: Class initialized using 'CodeIgniter\Session\Handlers\FileHandler' driver.
DEBUG - 2025-10-03 01:09:53 --> Session: Class initialized using 'CodeIgniter\Session\Handlers\FileHandler' driver.
DEBUG - 2025-10-03 01:10:32 --> Session: Class initialized using 'CodeIgniter\Session\Handlers\FileHandler' driver.
DEBUG - 2025-10-03 01:13:24 --> Session: Class initialized using 'CodeIgniter\Session\Handlers\FileHandler' driver.
DEBUG - 2025-10-03 01:13:45 --> Session: Class initialized using 'CodeIgniter\Session\Handlers\FileHandler' driver.
DEBUG - 2025-10-03 01:14:10 --> Session: Class initialized using 'CodeIgniter\Session\Handlers\FileHandler' driver.
DEBUG - 2025-10-03 01:14:26 --> Session: Class initialized using 'CodeIgniter\Session\Handlers\FileHandler' driver.
DEBUG - 2025-10-03 01:14:35 --> Session: Class initialized using 'CodeIgniter\Session\Handlers\FileHandler' driver.
DEBUG - 2025-10-03 01:14:45 --> Session: Class initialized using 'CodeIgniter\Session\Handlers\FileHandler' driver.
DEBUG - 2025-10-03 01:14:46 --> Session: Class initialized using 'CodeIgniter\Session\Handlers\FileHandler' driver.
DEBUG - 2025-10-03 01:15:09 --> Session: Class initialized using 'CodeIgniter\Session\Handlers\FileHandler' driver.
DEBUG - 2025-10-03 01:15:10 --> Session: Class initialized using 'CodeIgniter\Session\Handlers\FileHandler' driver.
DEBUG - 2025-10-03 01:15:27 --> Session: Class initialized using 'CodeIgniter\Session\Handlers\FileHandler' driver.
DEBUG - 2025-10-03 01:16:01 --> Session: Class initialized using 'CodeIgniter\Session\Handlers\FileHandler' driver.
DEBUG - 2025-10-03 01:16:03 --> Session: Class initialized using 'CodeIgniter\Session\Handlers\FileHandler' driver.
DEBUG - 2025-10-03 01:16:04 --> Session: Class initialized using 'CodeIgniter\Session\Handlers\FileHandler' driver.
DEBUG - 2025-10-03 01:16:08 --> Session: Class initialized using 'CodeIgniter\Session\Handlers\FileHandler' driver.
DEBUG - 2025-10-03 01:16:26 --> Session: Class initialized using 'CodeIgniter\Session\Handlers\FileHandler' driver.
DEBUG - 2025-10-03 01:16:27 --> Session: Class initialized using 'CodeIgniter\Session\Handlers\FileHandler' driver.
DEBUG - 2025-10-03 01:16:35 --> Session: Class initialized using 'CodeIgniter\Session\Handlers\FileHandler' driver.
DEBUG - 2025-10-03 01:16:38 --> Session: Class initialized using 'CodeIgniter\Session\Handlers\FileHandler' driver.
DEBUG - 2025-10-03 01:17:42 --> Session: Class initialized using 'CodeIgniter\Session\Handlers\FileHandler' driver.
DEBUG - 2025-10-03 01:18:57 --> Session: Class initialized using 'CodeIgniter\Session\Handlers\FileHandler' driver.
DEBUG - 2025-10-03 01:19:38 --> Session: Class initialized using 'CodeIgniter\Session\Handlers\FileHandler' driver.
DEBUG - 2025-10-03 01:20:03 --> Session: Class initialized using 'CodeIgniter\Session\Handlers\FileHandler' driver.
DEBUG - 2025-10-03 01:20:22 --> Session: Class initialized using 'CodeIgniter\Session\Handlers\FileHandler' driver.
DEBUG - 2025-10-03 01:21:10 --> Session: Class initialized using 'CodeIgniter\Session\Handlers\FileHandler' driver.
DEBUG - 2025-10-03 01:21:13 --> Session: Class initialized using 'CodeIgniter\Session\Handlers\FileHandler' driver.
DEBUG - 2025-10-03 01:21:14 --> Session: Class initialized using 'CodeIgniter\Session\Handlers\FileHandler' driver.
DEBUG - 2025-10-03 01:21:15 --> Session: Class initialized using 'CodeIgniter\Session\Handlers\FileHandler' driver.
DEBUG - 2025-10-03 01:21:16 --> Session: Class initialized using 'CodeIgniter\Session\Handlers\FileHandler' driver.
DEBUG - 2025-10-03 01:21:16 --> Session: Class initialized using 'CodeIgniter\Session\Handlers\FileHandler' driver.
DEBUG - 2025-10-03 01:21:17 --> Session: Class initialized using 'CodeIgniter\Session\Handlers\FileHandler' driver.
DEBUG - 2025-10-03 01:21:19 --> Session: Class initialized using 'CodeIgniter\Session\Handlers\FileHandler' driver.
DEBUG - 2025-10-03 01:21:20 --> Session: Class initialized using 'CodeIgniter\Session\Handlers\FileHandler' driver.
DEBUG - 2025-10-03 01:21:29 --> Session: Class initialized using 'CodeIgniter\Session\Handlers\FileHandler' driver.
DEBUG - 2025-10-03 01:21:48 --> Session: Class initialized using 'CodeIgniter\Session\Handlers\FileHandler' driver.
DEBUG - 2025-10-03 01:21:54 --> Session: Class initialized using 'CodeIgniter\Session\Handlers\FileHandler' driver.
DEBUG - 2025-10-03 01:22:35 --> Session: Class initialized using 'CodeIgniter\Session\Handlers\FileHandler' driver.
DEBUG - 2025-10-03 01:22:35 --> Session: Class initialized using 'CodeIgniter\Session\Handlers\FileHandler' driver.
DEBUG - 2025-10-03 01:22:39 --> Session: Class initialized using 'CodeIgniter\Session\Handlers\FileHandler' driver.
DEBUG - 2025-10-03 01:22:40 --> Session: Class initialized using 'CodeIgniter\Session\Handlers\FileHandler' driver.
DEBUG - 2025-10-03 01:22:44 --> Session: Class initialized using 'CodeIgniter\Session\Handlers\FileHandler' driver.
DEBUG - 2025-10-03 01:23:22 --> Session: Class initialized using 'CodeIgniter\Session\Handlers\FileHandler' driver.
DEBUG - 2025-10-03 01:23:22 --> Session: Class initialized using 'CodeIgniter\Session\Handlers\FileHandler' driver.
DEBUG - 2025-10-03 01:23:27 --> Session: Class initialized using 'CodeIgniter\Session\Handlers\FileHandler' driver.
DEBUG - 2025-10-03 01:23:28 --> Session: Class initialized using 'CodeIgniter\Session\Handlers\FileHandler' driver.
DEBUG - 2025-10-03 01:23:32 --> Session: Class initialized using 'CodeIgniter\Session\Handlers\FileHandler' driver.
DEBUG - 2025-10-03 01:24:04 --> Session: Class initialized using 'CodeIgniter\Session\Handlers\FileHandler' driver.
DEBUG - 2025-10-03 01:24:05 --> Session: Class initialized using 'CodeIgniter\Session\Handlers\FileHandler' driver.
DEBUG - 2025-10-03 01:24:09 --> Session: Class initialized using 'CodeIgniter\Session\Handlers\FileHandler' driver.
DEBUG - 2025-10-03 01:24:10 --> Session: Class initialized using 'CodeIgniter\Session\Handlers\FileHandler' driver.
DEBUG - 2025-10-03 01:24:15 --> Session: Class initialized using 'CodeIgniter\Session\Handlers\FileHandler' driver.
DEBUG - 2025-10-03 01:26:10 --> Session: Class initialized using 'CodeIgniter\Session\Handlers\FileHandler' driver.
DEBUG - 2025-10-03 01:26:11 --> Session: Class initialized using 'CodeIgniter\Session\Handlers\FileHandler' driver.
DEBUG - 2025-10-03 01:26:28 --> Session: Class initialized using 'CodeIgniter\Session\Handlers\FileHandler' driver.
DEBUG - 2025-10-03 01:26:28 --> Session: Class initialized using 'CodeIgniter\Session\Handlers\FileHandler' driver.
DEBUG - 2025-10-03 01:26:35 --> Session: Class initialized using 'CodeIgniter\Session\Handlers\FileHandler' driver.
DEBUG - 2025-10-03 01:26:36 --> Session: Class initialized using 'CodeIgniter\Session\Handlers\FileHandler' driver.
DEBUG - 2025-10-03 01:26:39 --> Session: Class initialized using 'CodeIgniter\Session\Handlers\FileHandler' driver.
DEBUG - 2025-10-03 01:27:18 --> Session: Class initialized using 'CodeIgniter\Session\Handlers\FileHandler' driver.
DEBUG - 2025-10-03 01:27:19 --> Session: Class initialized using 'CodeIgniter\Session\Handlers\FileHandler' driver.
DEBUG - 2025-10-03 01:27:24 --> Session: Class initialized using 'CodeIgniter\Session\Handlers\FileHandler' driver.
DEBUG - 2025-10-03 01:27:25 --> Session: Class initialized using 'CodeIgniter\Session\Handlers\FileHandler' driver.
DEBUG - 2025-10-03 01:27:33 --> Session: Class initialized using 'CodeIgniter\Session\Handlers\FileHandler' driver.
DEBUG - 2025-10-03 01:29:31 --> Session: Class initialized using 'CodeIgniter\Session\Handlers\FileHandler' driver.
CRITICAL - 2025-10-03 01:29:31 --> ErrorException: Trying to access array offset on value of type null
[Method: GET, Route: result/course/gpa/2]
in APPPATH\Controllers\ResultController.php on line 232.
 1 APPPATH\Controllers\ResultController.php(232): CodeIgniter\Debug\Exceptions->errorHandler(2, 'Trying to access array offset on value of type null', 'C:\\xampp\\htdocs\\muzani\\app\\Controllers\\ResultController.php', 232)
 2 SYSTEMPATH\CodeIgniter.php(933): App\Controllers\ResultController->gpa('course', '2')
 3 SYSTEMPATH\CodeIgniter.php(507): CodeIgniter\CodeIgniter->runController(Object(App\Controllers\ResultController))
 4 SYSTEMPATH\CodeIgniter.php(354): CodeIgniter\CodeIgniter->handleRequest(null, Object(Config\Cache), false)
 5 SYSTEMPATH\Boot.php(363): CodeIgniter\CodeIgniter->run()
 6 SYSTEMPATH\Boot.php(68): CodeIgniter\Boot::runCodeIgniter(Object(CodeIgniter\CodeIgniter))
 7 FCPATH\index.php(59): CodeIgniter\Boot::bootWeb(Object(Config\Paths))
DEBUG - 2025-10-03 01:29:50 --> Session: Class initialized using 'CodeIgniter\Session\Handlers\FileHandler' driver.
ERROR - 2025-10-03 01:29:50 --> mysqli_sql_exception: Unknown column 'class_id' in 'where clause' in C:\xampp\htdocs\muzani\system\Database\MySQLi\Connection.php:327
Stack trace:
#0 C:\xampp\htdocs\muzani\system\Database\MySQLi\Connection.php(327): mysqli->query('SELECT COUNT(*)...', 0)
#1 C:\xampp\htdocs\muzani\system\Database\BaseConnection.php(729): CodeIgniter\Database\MySQLi\Connection->execute('SELECT COUNT(*)...')
#2 C:\xampp\htdocs\muzani\system\Database\BaseConnection.php(646): CodeIgniter\Database\BaseConnection->simpleQuery('SELECT COUNT(*)...')
#3 C:\xampp\htdocs\muzani\system\Database\BaseBuilder.php(1733): CodeIgniter\Database\BaseConnection->query('SELECT COUNT(*)...', Array, false)
#4 C:\xampp\htdocs\muzani\system\Model.php(675): CodeIgniter\Database\BaseBuilder->countAllResults(true)
#5 C:\xampp\htdocs\muzani\app\Controllers\ResultController.php(234): CodeIgniter\Model->countAllResults()
#6 C:\xampp\htdocs\muzani\system\CodeIgniter.php(933): App\Controllers\ResultController->gpa('course', '2')
#7 C:\xampp\htdocs\muzani\system\CodeIgniter.php(507): CodeIgniter\CodeIgniter->runController(Object(App\Controllers\ResultController))
#8 C:\xampp\htdocs\muzani\system\CodeIgniter.php(354): CodeIgniter\CodeIgniter->handleRequest(NULL, Object(Config\Cache), false)
#9 C:\xampp\htdocs\muzani\system\Boot.php(363): CodeIgniter\CodeIgniter->run()
#10 C:\xampp\htdocs\muzani\system\Boot.php(68): CodeIgniter\Boot::runCodeIgniter(Object(CodeIgniter\CodeIgniter))
#11 C:\xampp\htdocs\muzani\index.php(59): CodeIgniter\Boot::bootWeb(Object(Config\Paths))
#12 {main}
CRITICAL - 2025-10-03 01:29:50 --> CodeIgniter\Database\Exceptions\DatabaseException: Unknown column 'class_id' in 'where clause'
[Method: GET, Route: result/course/gpa/2]
in SYSTEMPATH\Database\BaseConnection.php on line 684.
 1 SYSTEMPATH\Database\BaseBuilder.php(1733): CodeIgniter\Database\BaseConnection->query('SELECT COUNT(*) AS `numrows`
FROM `subjects`
WHERE `class_id` = :class_id:', [...], false)
 2 SYSTEMPATH\Model.php(675): CodeIgniter\Database\BaseBuilder->countAllResults(true)
 3 APPPATH\Controllers\ResultController.php(234): CodeIgniter\Model->countAllResults()
 4 SYSTEMPATH\CodeIgniter.php(933): App\Controllers\ResultController->gpa('course', '2')
 5 SYSTEMPATH\CodeIgniter.php(507): CodeIgniter\CodeIgniter->runController(Object(App\Controllers\ResultController))
 6 SYSTEMPATH\CodeIgniter.php(354): CodeIgniter\CodeIgniter->handleRequest(null, Object(Config\Cache), false)
 7 SYSTEMPATH\Boot.php(363): CodeIgniter\CodeIgniter->run()
 8 SYSTEMPATH\Boot.php(68): CodeIgniter\Boot::runCodeIgniter(Object(CodeIgniter\CodeIgniter))
 9 FCPATH\index.php(59): CodeIgniter\Boot::bootWeb(Object(Config\Paths))
CRITICAL - 2025-10-03 01:29:50 --> [Caused by] CodeIgniter\Database\Exceptions\DatabaseException: Unknown column 'class_id' in 'where clause'
in SYSTEMPATH\Database\MySQLi\Connection.php on line 332.
 1 SYSTEMPATH\Database\BaseConnection.php(729): CodeIgniter\Database\MySQLi\Connection->execute('SELECT COUNT(*) AS `numrows`
FROM `subjects`
WHERE `class_id` = \'2\'')
 2 SYSTEMPATH\Database\BaseConnection.php(646): CodeIgniter\Database\BaseConnection->simpleQuery('SELECT COUNT(*) AS `numrows`
FROM `subjects`
WHERE `class_id` = \'2\'')
 3 SYSTEMPATH\Database\BaseBuilder.php(1733): CodeIgniter\Database\BaseConnection->query('SELECT COUNT(*) AS `numrows`
FROM `subjects`
WHERE `class_id` = :class_id:', [...], false)
 4 SYSTEMPATH\Model.php(675): CodeIgniter\Database\BaseBuilder->countAllResults(true)
 5 APPPATH\Controllers\ResultController.php(234): CodeIgniter\Model->countAllResults()
 6 SYSTEMPATH\CodeIgniter.php(933): App\Controllers\ResultController->gpa('course', '2')
 7 SYSTEMPATH\CodeIgniter.php(507): CodeIgniter\CodeIgniter->runController(Object(App\Controllers\ResultController))
 8 SYSTEMPATH\CodeIgniter.php(354): CodeIgniter\CodeIgniter->handleRequest(null, Object(Config\Cache), false)
 9 SYSTEMPATH\Boot.php(363): CodeIgniter\CodeIgniter->run()
10 SYSTEMPATH\Boot.php(68): CodeIgniter\Boot::runCodeIgniter(Object(CodeIgniter\CodeIgniter))
11 FCPATH\index.php(59): CodeIgniter\Boot::bootWeb(Object(Config\Paths))
CRITICAL - 2025-10-03 01:29:50 --> [Caused by] mysqli_sql_exception: Unknown column 'class_id' in 'where clause'
in SYSTEMPATH\Database\MySQLi\Connection.php on line 327.
 1 SYSTEMPATH\Database\MySQLi\Connection.php(327): mysqli->query('SELECT COUNT(*) AS `numrows`
FROM `subjects`
WHERE `class_id` = \'2\'', 0)
 2 SYSTEMPATH\Database\BaseConnection.php(729): CodeIgniter\Database\MySQLi\Connection->execute('SELECT COUNT(*) AS `numrows`
FROM `subjects`
WHERE `class_id` = \'2\'')
 3 SYSTEMPATH\Database\BaseConnection.php(646): CodeIgniter\Database\BaseConnection->simpleQuery('SELECT COUNT(*) AS `numrows`
FROM `subjects`
WHERE `class_id` = \'2\'')
 4 SYSTEMPATH\Database\BaseBuilder.php(1733): CodeIgniter\Database\BaseConnection->query('SELECT COUNT(*) AS `numrows`
FROM `subjects`
WHERE `class_id` = :class_id:', [...], false)
 5 SYSTEMPATH\Model.php(675): CodeIgniter\Database\BaseBuilder->countAllResults(true)
 6 APPPATH\Controllers\ResultController.php(234): CodeIgniter\Model->countAllResults()
 7 SYSTEMPATH\CodeIgniter.php(933): App\Controllers\ResultController->gpa('course', '2')
 8 SYSTEMPATH\CodeIgniter.php(507): CodeIgniter\CodeIgniter->runController(Object(App\Controllers\ResultController))
 9 SYSTEMPATH\CodeIgniter.php(354): CodeIgniter\CodeIgniter->handleRequest(null, Object(Config\Cache), false)
10 SYSTEMPATH\Boot.php(363): CodeIgniter\CodeIgniter->run()
11 SYSTEMPATH\Boot.php(68): CodeIgniter\Boot::runCodeIgniter(Object(CodeIgniter\CodeIgniter))
12 FCPATH\index.php(59): CodeIgniter\Boot::bootWeb(Object(Config\Paths))
DEBUG - 2025-10-03 01:30:11 --> Session: Class initialized using 'CodeIgniter\Session\Handlers\FileHandler' driver.
DEBUG - 2025-10-03 01:30:26 --> Session: Class initialized using 'CodeIgniter\Session\Handlers\FileHandler' driver.
DEBUG - 2025-10-03 01:30:38 --> Session: Class initialized using 'CodeIgniter\Session\Handlers\FileHandler' driver.
DEBUG - 2025-10-03 01:31:36 --> Session: Class initialized using 'CodeIgniter\Session\Handlers\FileHandler' driver.
DEBUG - 2025-10-03 01:33:47 --> Session: Class initialized using 'CodeIgniter\Session\Handlers\FileHandler' driver.
CRITICAL - 2025-10-03 01:33:47 --> ErrorException: Undefined variable $y
[Method: GET, Route: result/course/gpa/2]
in APPPATH\Controllers\ResultController.php on line 235.
 1 APPPATH\Controllers\ResultController.php(235): CodeIgniter\Debug\Exceptions->errorHandler(2, 'Undefined variable $y', 'C:\\xampp\\htdocs\\muzani\\app\\Controllers\\ResultController.php', 235)
 2 SYSTEMPATH\CodeIgniter.php(933): App\Controllers\ResultController->gpa('course', '2')
 3 SYSTEMPATH\CodeIgniter.php(507): CodeIgniter\CodeIgniter->runController(Object(App\Controllers\ResultController))
 4 SYSTEMPATH\CodeIgniter.php(354): CodeIgniter\CodeIgniter->handleRequest(null, Object(Config\Cache), false)
 5 SYSTEMPATH\Boot.php(363): CodeIgniter\CodeIgniter->run()
 6 SYSTEMPATH\Boot.php(68): CodeIgniter\Boot::runCodeIgniter(Object(CodeIgniter\CodeIgniter))
 7 FCPATH\index.php(59): CodeIgniter\Boot::bootWeb(Object(Config\Paths))
DEBUG - 2025-10-03 01:33:59 --> Session: Class initialized using 'CodeIgniter\Session\Handlers\FileHandler' driver.
DEBUG - 2025-10-03 01:38:13 --> Session: Class initialized using 'CodeIgniter\Session\Handlers\FileHandler' driver.
DEBUG - 2025-10-03 01:38:21 --> Session: Class initialized using 'CodeIgniter\Session\Handlers\FileHandler' driver.
DEBUG - 2025-10-03 01:38:39 --> Session: Class initialized using 'CodeIgniter\Session\Handlers\FileHandler' driver.
DEBUG - 2025-10-03 01:39:07 --> Session: Class initialized using 'CodeIgniter\Session\Handlers\FileHandler' driver.
CRITICAL - 2025-10-03 01:39:07 --> ErrorException: Undefined array key "id"
[Method: GET, Route: result/course/gpa/2]
in APPPATH\Controllers\ResultController.php on line 248.
 1 APPPATH\Controllers\ResultController.php(248): CodeIgniter\Debug\Exceptions->errorHandler(2, 'Undefined array key "id"', 'C:\\xampp\\htdocs\\muzani\\app\\Controllers\\ResultController.php', 248)
 2 SYSTEMPATH\CodeIgniter.php(933): App\Controllers\ResultController->gpa('course', '2')
 3 SYSTEMPATH\CodeIgniter.php(507): CodeIgniter\CodeIgniter->runController(Object(App\Controllers\ResultController))
 4 SYSTEMPATH\CodeIgniter.php(354): CodeIgniter\CodeIgniter->handleRequest(null, Object(Config\Cache), false)
 5 SYSTEMPATH\Boot.php(363): CodeIgniter\CodeIgniter->run()
 6 SYSTEMPATH\Boot.php(68): CodeIgniter\Boot::runCodeIgniter(Object(CodeIgniter\CodeIgniter))
 7 FCPATH\index.php(59): CodeIgniter\Boot::bootWeb(Object(Config\Paths))
DEBUG - 2025-10-03 01:39:17 --> Session: Class initialized using 'CodeIgniter\Session\Handlers\FileHandler' driver.
CRITICAL - 2025-10-03 01:39:17 --> CodeIgniter\Exceptions\BadMethodCallException: Call to undefined method App\Models\Gpa::sumCourse
[Method: GET, Route: result/course/gpa/2]
in SYSTEMPATH\Model.php on line 927.
 1 APPPATH\Controllers\ResultController.php(248): CodeIgniter\Model->__call('sumCourse', [...])
 2 SYSTEMPATH\CodeIgniter.php(933): App\Controllers\ResultController->gpa('course', '2')
 3 SYSTEMPATH\CodeIgniter.php(507): CodeIgniter\CodeIgniter->runController(Object(App\Controllers\ResultController))
 4 SYSTEMPATH\CodeIgniter.php(354): CodeIgniter\CodeIgniter->handleRequest(null, Object(Config\Cache), false)
 5 SYSTEMPATH\Boot.php(363): CodeIgniter\CodeIgniter->run()
 6 SYSTEMPATH\Boot.php(68): CodeIgniter\Boot::runCodeIgniter(Object(CodeIgniter\CodeIgniter))
 7 FCPATH\index.php(59): CodeIgniter\Boot::bootWeb(Object(Config\Paths))
DEBUG - 2025-10-03 01:40:55 --> Session: Class initialized using 'CodeIgniter\Session\Handlers\FileHandler' driver.
ERROR - 2025-10-03 01:40:55 --> mysqli_sql_exception: Unknown column 'class_id' in 'where clause' in C:\xampp\htdocs\muzani\system\Database\MySQLi\Connection.php:327
Stack trace:
#0 C:\xampp\htdocs\muzani\system\Database\MySQLi\Connection.php(327): mysqli->query('SELECT SUM(`cou...', 0)
#1 C:\xampp\htdocs\muzani\system\Database\BaseConnection.php(729): CodeIgniter\Database\MySQLi\Connection->execute('SELECT SUM(`cou...')
#2 C:\xampp\htdocs\muzani\system\Database\BaseConnection.php(646): CodeIgniter\Database\BaseConnection->simpleQuery('SELECT SUM(`cou...')
#3 C:\xampp\htdocs\muzani\system\Database\BaseBuilder.php(1649): CodeIgniter\Database\BaseConnection->query('SELECT SUM(`cou...', Array, false)
#4 C:\xampp\htdocs\muzani\system\Model.php(925): CodeIgniter\Database\BaseBuilder->get()
#5 C:\xampp\htdocs\muzani\app\Models\Gpa.php(117): CodeIgniter\Model->__call('get', Array)
#6 C:\xampp\htdocs\muzani\app\Controllers\ResultController.php(248): App\Models\Gpa->sum('37', '2')
#7 C:\xampp\htdocs\muzani\system\CodeIgniter.php(933): App\Controllers\ResultController->gpa('course', '2')
#8 C:\xampp\htdocs\muzani\system\CodeIgniter.php(507): CodeIgniter\CodeIgniter->runController(Object(App\Controllers\ResultController))
#9 C:\xampp\htdocs\muzani\system\CodeIgniter.php(354): CodeIgniter\CodeIgniter->handleRequest(NULL, Object(Config\Cache), false)
#10 C:\xampp\htdocs\muzani\system\Boot.php(363): CodeIgniter\CodeIgniter->run()
#11 C:\xampp\htdocs\muzani\system\Boot.php(68): CodeIgniter\Boot::runCodeIgniter(Object(CodeIgniter\CodeIgniter))
#12 C:\xampp\htdocs\muzani\index.php(59): CodeIgniter\Boot::bootWeb(Object(Config\Paths))
#13 {main}
CRITICAL - 2025-10-03 01:40:55 --> CodeIgniter\Database\Exceptions\DatabaseException: Unknown column 'class_id' in 'where clause'
[Method: GET, Route: result/course/gpa/2]
in SYSTEMPATH\Database\BaseConnection.php on line 684.
 1 SYSTEMPATH\Database\BaseBuilder.php(1649): CodeIgniter\Database\BaseConnection->query('SELECT SUM(`course`) AS `course`
FROM `results`
WHERE `student_id` = :student_id:
AND `class_id` = :class_id:', [...], false)
 2 SYSTEMPATH\Model.php(925): CodeIgniter\Database\BaseBuilder->get()
 3 APPPATH\Models\Gpa.php(117): CodeIgniter\Model->__call('get', [])
 4 APPPATH\Controllers\ResultController.php(248): App\Models\Gpa->sum('37', '2')
 5 SYSTEMPATH\CodeIgniter.php(933): App\Controllers\ResultController->gpa('course', '2')
 6 SYSTEMPATH\CodeIgniter.php(507): CodeIgniter\CodeIgniter->runController(Object(App\Controllers\ResultController))
 7 SYSTEMPATH\CodeIgniter.php(354): CodeIgniter\CodeIgniter->handleRequest(null, Object(Config\Cache), false)
 8 SYSTEMPATH\Boot.php(363): CodeIgniter\CodeIgniter->run()
 9 SYSTEMPATH\Boot.php(68): CodeIgniter\Boot::runCodeIgniter(Object(CodeIgniter\CodeIgniter))
10 FCPATH\index.php(59): CodeIgniter\Boot::bootWeb(Object(Config\Paths))
CRITICAL - 2025-10-03 01:40:55 --> [Caused by] CodeIgniter\Database\Exceptions\DatabaseException: Unknown column 'class_id' in 'where clause'
in SYSTEMPATH\Database\MySQLi\Connection.php on line 332.
 1 SYSTEMPATH\Database\BaseConnection.php(729): CodeIgniter\Database\MySQLi\Connection->execute('SELECT SUM(`course`) AS `course`
FROM `results`
WHERE `student_id` = \'37\'
AND `class_id` = \'2\'')
 2 SYSTEMPATH\Database\BaseConnection.php(646): CodeIgniter\Database\BaseConnection->simpleQuery('SELECT SUM(`course`) AS `course`
FROM `results`
WHERE `student_id` = \'37\'
AND `class_id` = \'2\'')
 3 SYSTEMPATH\Database\BaseBuilder.php(1649): CodeIgniter\Database\BaseConnection->query('SELECT SUM(`course`) AS `course`
FROM `results`
WHERE `student_id` = :student_id:
AND `class_id` = :class_id:', [...], false)
 4 SYSTEMPATH\Model.php(925): CodeIgniter\Database\BaseBuilder->get()
 5 APPPATH\Models\Gpa.php(117): CodeIgniter\Model->__call('get', [])
 6 APPPATH\Controllers\ResultController.php(248): App\Models\Gpa->sum('37', '2')
 7 SYSTEMPATH\CodeIgniter.php(933): App\Controllers\ResultController->gpa('course', '2')
 8 SYSTEMPATH\CodeIgniter.php(507): CodeIgniter\CodeIgniter->runController(Object(App\Controllers\ResultController))
 9 SYSTEMPATH\CodeIgniter.php(354): CodeIgniter\CodeIgniter->handleRequest(null, Object(Config\Cache), false)
10 SYSTEMPATH\Boot.php(363): CodeIgniter\CodeIgniter->run()
11 SYSTEMPATH\Boot.php(68): CodeIgniter\Boot::runCodeIgniter(Object(CodeIgniter\CodeIgniter))
12 FCPATH\index.php(59): CodeIgniter\Boot::bootWeb(Object(Config\Paths))
CRITICAL - 2025-10-03 01:40:55 --> [Caused by] mysqli_sql_exception: Unknown column 'class_id' in 'where clause'
in SYSTEMPATH\Database\MySQLi\Connection.php on line 327.
 1 SYSTEMPATH\Database\MySQLi\Connection.php(327): mysqli->query('SELECT SUM(`course`) AS `course`
FROM `results`
WHERE `student_id` = \'37\'
AND `class_id` = \'2\'', 0)
 2 SYSTEMPATH\Database\BaseConnection.php(729): CodeIgniter\Database\MySQLi\Connection->execute('SELECT SUM(`course`) AS `course`
FROM `results`
WHERE `student_id` = \'37\'
AND `class_id` = \'2\'')
 3 SYSTEMPATH\Database\BaseConnection.php(646): CodeIgniter\Database\BaseConnection->simpleQuery('SELECT SUM(`course`) AS `course`
FROM `results`
WHERE `student_id` = \'37\'
AND `class_id` = \'2\'')
 4 SYSTEMPATH\Database\BaseBuilder.php(1649): CodeIgniter\Database\BaseConnection->query('SELECT SUM(`course`) AS `course`
FROM `results`
WHERE `student_id` = :student_id:
AND `class_id` = :class_id:', [...], false)
 5 SYSTEMPATH\Model.php(925): CodeIgniter\Database\BaseBuilder->get()
 6 APPPATH\Models\Gpa.php(117): CodeIgniter\Model->__call('get', [])
 7 APPPATH\Controllers\ResultController.php(248): App\Models\Gpa->sum('37', '2')
 8 SYSTEMPATH\CodeIgniter.php(933): App\Controllers\ResultController->gpa('course', '2')
 9 SYSTEMPATH\CodeIgniter.php(507): CodeIgniter\CodeIgniter->runController(Object(App\Controllers\ResultController))
10 SYSTEMPATH\CodeIgniter.php(354): CodeIgniter\CodeIgniter->handleRequest(null, Object(Config\Cache), false)
11 SYSTEMPATH\Boot.php(363): CodeIgniter\CodeIgniter->run()
12 SYSTEMPATH\Boot.php(68): CodeIgniter\Boot::runCodeIgniter(Object(CodeIgniter\CodeIgniter))
13 FCPATH\index.php(59): CodeIgniter\Boot::bootWeb(Object(Config\Paths))
DEBUG - 2025-10-03 02:51:47 --> Session: Class initialized using 'CodeIgniter\Session\Handlers\FileHandler' driver.
ERROR - 2025-10-03 02:51:47 --> mysqli_sql_exception: Unknown column 'class_id' in 'where clause' in C:\xampp\htdocs\muzani\system\Database\MySQLi\Connection.php:327
Stack trace:
#0 C:\xampp\htdocs\muzani\system\Database\MySQLi\Connection.php(327): mysqli->query('SELECT SUM(`cou...', 0)
#1 C:\xampp\htdocs\muzani\system\Database\BaseConnection.php(729): CodeIgniter\Database\MySQLi\Connection->execute('SELECT SUM(`cou...')
#2 C:\xampp\htdocs\muzani\system\Database\BaseConnection.php(646): CodeIgniter\Database\BaseConnection->simpleQuery('SELECT SUM(`cou...')
#3 C:\xampp\htdocs\muzani\system\Database\BaseBuilder.php(1649): CodeIgniter\Database\BaseConnection->query('SELECT SUM(`cou...', Array, false)
#4 C:\xampp\htdocs\muzani\system\Model.php(925): CodeIgniter\Database\BaseBuilder->get()
#5 C:\xampp\htdocs\muzani\app\Models\Gpa.php(118): CodeIgniter\Model->__call('get', Array)
#6 C:\xampp\htdocs\muzani\app\Controllers\ResultController.php(248): App\Models\Gpa->sum('37', '2')
#7 C:\xampp\htdocs\muzani\system\CodeIgniter.php(933): App\Controllers\ResultController->gpa('course', '2')
#8 C:\xampp\htdocs\muzani\system\CodeIgniter.php(507): CodeIgniter\CodeIgniter->runController(Object(App\Controllers\ResultController))
#9 C:\xampp\htdocs\muzani\system\CodeIgniter.php(354): CodeIgniter\CodeIgniter->handleRequest(NULL, Object(Config\Cache), false)
#10 C:\xampp\htdocs\muzani\system\Boot.php(363): CodeIgniter\CodeIgniter->run()
#11 C:\xampp\htdocs\muzani\system\Boot.php(68): CodeIgniter\Boot::runCodeIgniter(Object(CodeIgniter\CodeIgniter))
#12 C:\xampp\htdocs\muzani\index.php(59): CodeIgniter\Boot::bootWeb(Object(Config\Paths))
#13 {main}
CRITICAL - 2025-10-03 02:51:47 --> CodeIgniter\Database\Exceptions\DatabaseException: Unknown column 'class_id' in 'where clause'
[Method: GET, Route: result/course/gpa/2]
in SYSTEMPATH\Database\BaseConnection.php on line 684.
 1 SYSTEMPATH\Database\BaseBuilder.php(1649): CodeIgniter\Database\BaseConnection->query('SELECT SUM(`course`) AS `course`
FROM `results`
WHERE `student_id` = :student_id:
AND `class_id` = :class_id:', [...], false)
 2 SYSTEMPATH\Model.php(925): CodeIgniter\Database\BaseBuilder->get()
 3 APPPATH\Models\Gpa.php(118): CodeIgniter\Model->__call('get', [])
 4 APPPATH\Controllers\ResultController.php(248): App\Models\Gpa->sum('37', '2')
 5 SYSTEMPATH\CodeIgniter.php(933): App\Controllers\ResultController->gpa('course', '2')
 6 SYSTEMPATH\CodeIgniter.php(507): CodeIgniter\CodeIgniter->runController(Object(App\Controllers\ResultController))
 7 SYSTEMPATH\CodeIgniter.php(354): CodeIgniter\CodeIgniter->handleRequest(null, Object(Config\Cache), false)
 8 SYSTEMPATH\Boot.php(363): CodeIgniter\CodeIgniter->run()
 9 SYSTEMPATH\Boot.php(68): CodeIgniter\Boot::runCodeIgniter(Object(CodeIgniter\CodeIgniter))
10 FCPATH\index.php(59): CodeIgniter\Boot::bootWeb(Object(Config\Paths))
CRITICAL - 2025-10-03 02:51:47 --> [Caused by] CodeIgniter\Database\Exceptions\DatabaseException: Unknown column 'class_id' in 'where clause'
in SYSTEMPATH\Database\MySQLi\Connection.php on line 332.
 1 SYSTEMPATH\Database\BaseConnection.php(729): CodeIgniter\Database\MySQLi\Connection->execute('SELECT SUM(`course`) AS `course`
FROM `results`
WHERE `student_id` = \'37\'
AND `class_id` = \'2\'')
 2 SYSTEMPATH\Database\BaseConnection.php(646): CodeIgniter\Database\BaseConnection->simpleQuery('SELECT SUM(`course`) AS `course`
FROM `results`
WHERE `student_id` = \'37\'
AND `class_id` = \'2\'')
 3 SYSTEMPATH\Database\BaseBuilder.php(1649): CodeIgniter\Database\BaseConnection->query('SELECT SUM(`course`) AS `course`
FROM `results`
WHERE `student_id` = :student_id:
AND `class_id` = :class_id:', [...], false)
 4 SYSTEMPATH\Model.php(925): CodeIgniter\Database\BaseBuilder->get()
 5 APPPATH\Models\Gpa.php(118): CodeIgniter\Model->__call('get', [])
 6 APPPATH\Controllers\ResultController.php(248): App\Models\Gpa->sum('37', '2')
 7 SYSTEMPATH\CodeIgniter.php(933): App\Controllers\ResultController->gpa('course', '2')
 8 SYSTEMPATH\CodeIgniter.php(507): CodeIgniter\CodeIgniter->runController(Object(App\Controllers\ResultController))
 9 SYSTEMPATH\CodeIgniter.php(354): CodeIgniter\CodeIgniter->handleRequest(null, Object(Config\Cache), false)
10 SYSTEMPATH\Boot.php(363): CodeIgniter\CodeIgniter->run()
11 SYSTEMPATH\Boot.php(68): CodeIgniter\Boot::runCodeIgniter(Object(CodeIgniter\CodeIgniter))
12 FCPATH\index.php(59): CodeIgniter\Boot::bootWeb(Object(Config\Paths))
CRITICAL - 2025-10-03 02:51:47 --> [Caused by] mysqli_sql_exception: Unknown column 'class_id' in 'where clause'
in SYSTEMPATH\Database\MySQLi\Connection.php on line 327.
 1 SYSTEMPATH\Database\MySQLi\Connection.php(327): mysqli->query('SELECT SUM(`course`) AS `course`
FROM `results`
WHERE `student_id` = \'37\'
AND `class_id` = \'2\'', 0)
 2 SYSTEMPATH\Database\BaseConnection.php(729): CodeIgniter\Database\MySQLi\Connection->execute('SELECT SUM(`course`) AS `course`
FROM `results`
WHERE `student_id` = \'37\'
AND `class_id` = \'2\'')
 3 SYSTEMPATH\Database\BaseConnection.php(646): CodeIgniter\Database\BaseConnection->simpleQuery('SELECT SUM(`course`) AS `course`
FROM `results`
WHERE `student_id` = \'37\'
AND `class_id` = \'2\'')
 4 SYSTEMPATH\Database\BaseBuilder.php(1649): CodeIgniter\Database\BaseConnection->query('SELECT SUM(`course`) AS `course`
FROM `results`
WHERE `student_id` = :student_id:
AND `class_id` = :class_id:', [...], false)
 5 SYSTEMPATH\Model.php(925): CodeIgniter\Database\BaseBuilder->get()
 6 APPPATH\Models\Gpa.php(118): CodeIgniter\Model->__call('get', [])
 7 APPPATH\Controllers\ResultController.php(248): App\Models\Gpa->sum('37', '2')
 8 SYSTEMPATH\CodeIgniter.php(933): App\Controllers\ResultController->gpa('course', '2')
 9 SYSTEMPATH\CodeIgniter.php(507): CodeIgniter\CodeIgniter->runController(Object(App\Controllers\ResultController))
10 SYSTEMPATH\CodeIgniter.php(354): CodeIgniter\CodeIgniter->handleRequest(null, Object(Config\Cache), false)
11 SYSTEMPATH\Boot.php(363): CodeIgniter\CodeIgniter->run()
12 SYSTEMPATH\Boot.php(68): CodeIgniter\Boot::runCodeIgniter(Object(CodeIgniter\CodeIgniter))
13 FCPATH\index.php(59): CodeIgniter\Boot::bootWeb(Object(Config\Paths))
DEBUG - 2025-10-03 02:52:27 --> Session: Class initialized using 'CodeIgniter\Session\Handlers\FileHandler' driver.
DEBUG - 2025-10-03 02:52:45 --> Session: Class initialized using 'CodeIgniter\Session\Handlers\FileHandler' driver.
DEBUG - 2025-10-03 02:53:29 --> Session: Class initialized using 'CodeIgniter\Session\Handlers\FileHandler' driver.
DEBUG - 2025-10-03 02:53:52 --> Session: Class initialized using 'CodeIgniter\Session\Handlers\FileHandler' driver.
DEBUG - 2025-10-03 02:54:25 --> Session: Class initialized using 'CodeIgniter\Session\Handlers\FileHandler' driver.
DEBUG - 2025-10-03 02:55:44 --> Session: Class initialized using 'CodeIgniter\Session\Handlers\FileHandler' driver.
DEBUG - 2025-10-03 02:55:53 --> Session: Class initialized using 'CodeIgniter\Session\Handlers\FileHandler' driver.
CRITICAL - 2025-10-03 02:55:53 --> ErrorException: Trying to access array offset on value of type null
[Method: GET, Route: result/course/gpa/2]
in APPPATH\Controllers\ResultController.php on line 257.
 1 APPPATH\Controllers\ResultController.php(257): CodeIgniter\Debug\Exceptions->errorHandler(2, 'Trying to access array offset on value of type null', 'C:\\xampp\\htdocs\\muzani\\app\\Controllers\\ResultController.php', 257)
 2 SYSTEMPATH\CodeIgniter.php(933): App\Controllers\ResultController->gpa('course', '2')
 3 SYSTEMPATH\CodeIgniter.php(507): CodeIgniter\CodeIgniter->runController(Object(App\Controllers\ResultController))
 4 SYSTEMPATH\CodeIgniter.php(354): CodeIgniter\CodeIgniter->handleRequest(null, Object(Config\Cache), false)
 5 SYSTEMPATH\Boot.php(363): CodeIgniter\CodeIgniter->run()
 6 SYSTEMPATH\Boot.php(68): CodeIgniter\Boot::runCodeIgniter(Object(CodeIgniter\CodeIgniter))
 7 FCPATH\index.php(59): CodeIgniter\Boot::bootWeb(Object(Config\Paths))
DEBUG - 2025-10-03 02:56:20 --> Session: Class initialized using 'CodeIgniter\Session\Handlers\FileHandler' driver.
DEBUG - 2025-10-03 02:56:31 --> Session: Class initialized using 'CodeIgniter\Session\Handlers\FileHandler' driver.
CRITICAL - 2025-10-03 02:56:31 --> ErrorException: Trying to access array offset on value of type null
[Method: GET, Route: result/course/gpa/2]
in APPPATH\Controllers\ResultController.php on line 257.
 1 APPPATH\Controllers\ResultController.php(257): CodeIgniter\Debug\Exceptions->errorHandler(2, 'Trying to access array offset on value of type null', 'C:\\xampp\\htdocs\\muzani\\app\\Controllers\\ResultController.php', 257)
 2 SYSTEMPATH\CodeIgniter.php(933): App\Controllers\ResultController->gpa('course', '2')
 3 SYSTEMPATH\CodeIgniter.php(507): CodeIgniter\CodeIgniter->runController(Object(App\Controllers\ResultController))
 4 SYSTEMPATH\CodeIgniter.php(354): CodeIgniter\CodeIgniter->handleRequest(null, Object(Config\Cache), false)
 5 SYSTEMPATH\Boot.php(363): CodeIgniter\CodeIgniter->run()
 6 SYSTEMPATH\Boot.php(68): CodeIgniter\Boot::runCodeIgniter(Object(CodeIgniter\CodeIgniter))
 7 FCPATH\index.php(59): CodeIgniter\Boot::bootWeb(Object(Config\Paths))
DEBUG - 2025-10-03 02:57:18 --> Session: Class initialized using 'CodeIgniter\Session\Handlers\FileHandler' driver.
DEBUG - 2025-10-03 02:58:09 --> Session: Class initialized using 'CodeIgniter\Session\Handlers\FileHandler' driver.
DEBUG - 2025-10-03 02:58:39 --> Session: Class initialized using 'CodeIgniter\Session\Handlers\FileHandler' driver.
DEBUG - 2025-10-03 02:59:08 --> Session: Class initialized using 'CodeIgniter\Session\Handlers\FileHandler' driver.
DEBUG - 2025-10-03 02:59:15 --> Session: Class initialized using 'CodeIgniter\Session\Handlers\FileHandler' driver.
CRITICAL - 2025-10-03 02:59:15 --> ErrorException: Trying to access array offset on value of type null
[Method: GET, Route: result/course/gpa/2]
in APPPATH\Controllers\ResultController.php on line 258.
 1 APPPATH\Controllers\ResultController.php(258): CodeIgniter\Debug\Exceptions->errorHandler(2, 'Trying to access array offset on value of type null', 'C:\\xampp\\htdocs\\muzani\\app\\Controllers\\ResultController.php', 258)
 2 SYSTEMPATH\CodeIgniter.php(933): App\Controllers\ResultController->gpa('course', '2')
 3 SYSTEMPATH\CodeIgniter.php(507): CodeIgniter\CodeIgniter->runController(Object(App\Controllers\ResultController))
 4 SYSTEMPATH\CodeIgniter.php(354): CodeIgniter\CodeIgniter->handleRequest(null, Object(Config\Cache), false)
 5 SYSTEMPATH\Boot.php(363): CodeIgniter\CodeIgniter->run()
 6 SYSTEMPATH\Boot.php(68): CodeIgniter\Boot::runCodeIgniter(Object(CodeIgniter\CodeIgniter))
 7 FCPATH\index.php(59): CodeIgniter\Boot::bootWeb(Object(Config\Paths))
DEBUG - 2025-10-03 02:59:43 --> Session: Class initialized using 'CodeIgniter\Session\Handlers\FileHandler' driver.
DEBUG - 2025-10-03 03:01:29 --> Session: Class initialized using 'CodeIgniter\Session\Handlers\FileHandler' driver.
DEBUG - 2025-10-03 03:03:02 --> Session: Class initialized using 'CodeIgniter\Session\Handlers\FileHandler' driver.
DEBUG - 2025-10-03 03:03:11 --> Session: Class initialized using 'CodeIgniter\Session\Handlers\FileHandler' driver.
DEBUG - 2025-10-03 03:03:43 --> Session: Class initialized using 'CodeIgniter\Session\Handlers\FileHandler' driver.
CRITICAL - 2025-10-03 03:03:43 --> ErrorException: Trying to access array offset on value of type null
[Method: GET, Route: result/course/gpa/2]
in APPPATH\Controllers\ResultController.php on line 256.
 1 APPPATH\Controllers\ResultController.php(256): CodeIgniter\Debug\Exceptions->errorHandler(2, 'Trying to access array offset on value of type null', 'C:\\xampp\\htdocs\\muzani\\app\\Controllers\\ResultController.php', 256)
 2 SYSTEMPATH\CodeIgniter.php(933): App\Controllers\ResultController->gpa('course', '2')
 3 SYSTEMPATH\CodeIgniter.php(507): CodeIgniter\CodeIgniter->runController(Object(App\Controllers\ResultController))
 4 SYSTEMPATH\CodeIgniter.php(354): CodeIgniter\CodeIgniter->handleRequest(null, Object(Config\Cache), false)
 5 SYSTEMPATH\Boot.php(363): CodeIgniter\CodeIgniter->run()
 6 SYSTEMPATH\Boot.php(68): CodeIgniter\Boot::runCodeIgniter(Object(CodeIgniter\CodeIgniter))
 7 FCPATH\index.php(59): CodeIgniter\Boot::bootWeb(Object(Config\Paths))
DEBUG - 2025-10-03 03:04:52 --> Session: Class initialized using 'CodeIgniter\Session\Handlers\FileHandler' driver.
DEBUG - 2025-10-03 03:07:14 --> Session: Class initialized using 'CodeIgniter\Session\Handlers\FileHandler' driver.
DEBUG - 2025-10-03 03:07:37 --> Session: Class initialized using 'CodeIgniter\Session\Handlers\FileHandler' driver.
DEBUG - 2025-10-03 03:08:15 --> Session: Class initialized using 'CodeIgniter\Session\Handlers\FileHandler' driver.
DEBUG - 2025-10-03 03:14:54 --> Session: Class initialized using 'CodeIgniter\Session\Handlers\FileHandler' driver.
CRITICAL - 2025-10-03 03:14:54 --> Error: Cannot use object of type App\Models\User as array
[Method: GET, Route: result/course/gpa/2]
in APPPATH\Controllers\ResultController.php on line 263.
 1 SYSTEMPATH\CodeIgniter.php(933): App\Controllers\ResultController->gpa('course', '2')
 2 SYSTEMPATH\CodeIgniter.php(507): CodeIgniter\CodeIgniter->runController(Object(App\Controllers\ResultController))
 3 SYSTEMPATH\CodeIgniter.php(354): CodeIgniter\CodeIgniter->handleRequest(null, Object(Config\Cache), false)
 4 SYSTEMPATH\Boot.php(363): CodeIgniter\CodeIgniter->run()
 5 SYSTEMPATH\Boot.php(68): CodeIgniter\Boot::runCodeIgniter(Object(CodeIgniter\CodeIgniter))
 6 FCPATH\index.php(59): CodeIgniter\Boot::bootWeb(Object(Config\Paths))
DEBUG - 2025-10-03 03:16:09 --> Session: Class initialized using 'CodeIgniter\Session\Handlers\FileHandler' driver.
DEBUG - 2025-10-03 03:17:10 --> Session: Class initialized using 'CodeIgniter\Session\Handlers\FileHandler' driver.
DEBUG - 2025-10-03 03:18:50 --> Session: Class initialized using 'CodeIgniter\Session\Handlers\FileHandler' driver.
DEBUG - 2025-10-03 03:19:08 --> Session: Class initialized using 'CodeIgniter\Session\Handlers\FileHandler' driver.
DEBUG - 2025-10-03 03:19:48 --> Session: Class initialized using 'CodeIgniter\Session\Handlers\FileHandler' driver.
DEBUG - 2025-10-03 03:20:14 --> Session: Class initialized using 'CodeIgniter\Session\Handlers\FileHandler' driver.
DEBUG - 2025-10-03 03:21:46 --> Session: Class initialized using 'CodeIgniter\Session\Handlers\FileHandler' driver.
DEBUG - 2025-10-03 03:21:53 --> Session: Class initialized using 'CodeIgniter\Session\Handlers\FileHandler' driver.
DEBUG - 2025-10-03 03:22:32 --> Session: Class initialized using 'CodeIgniter\Session\Handlers\FileHandler' driver.
DEBUG - 2025-10-03 03:23:30 --> Session: Class initialized using 'CodeIgniter\Session\Handlers\FileHandler' driver.
DEBUG - 2025-10-03 03:23:31 --> Session: Class initialized using 'CodeIgniter\Session\Handlers\FileHandler' driver.
DEBUG - 2025-10-03 03:24:31 --> Session: Class initialized using 'CodeIgniter\Session\Handlers\FileHandler' driver.
DEBUG - 2025-10-03 03:27:46 --> Session: Class initialized using 'CodeIgniter\Session\Handlers\FileHandler' driver.
DEBUG - 2025-10-03 03:27:49 --> Session: Class initialized using 'CodeIgniter\Session\Handlers\FileHandler' driver.
DEBUG - 2025-10-03 03:27:56 --> Session: Class initialized using 'CodeIgniter\Session\Handlers\FileHandler' driver.
DEBUG - 2025-10-03 03:28:01 --> Session: Class initialized using 'CodeIgniter\Session\Handlers\FileHandler' driver.
DEBUG - 2025-10-03 03:28:01 --> Session: Class initialized using 'CodeIgniter\Session\Handlers\FileHandler' driver.
DEBUG - 2025-10-03 03:28:06 --> Session: Class initialized using 'CodeIgniter\Session\Handlers\FileHandler' driver.
DEBUG - 2025-10-03 03:28:06 --> Session: Class initialized using 'CodeIgniter\Session\Handlers\FileHandler' driver.
DEBUG - 2025-10-03 03:28:10 --> Session: Class initialized using 'CodeIgniter\Session\Handlers\FileHandler' driver.
DEBUG - 2025-10-03 03:28:12 --> Session: Class initialized using 'CodeIgniter\Session\Handlers\FileHandler' driver.
DEBUG - 2025-10-03 03:28:13 --> Session: Class initialized using 'CodeIgniter\Session\Handlers\FileHandler' driver.
DEBUG - 2025-10-03 03:28:17 --> Session: Class initialized using 'CodeIgniter\Session\Handlers\FileHandler' driver.
DEBUG - 2025-10-03 03:28:18 --> Session: Class initialized using 'CodeIgniter\Session\Handlers\FileHandler' driver.
DEBUG - 2025-10-03 03:28:21 --> Session: Class initialized using 'CodeIgniter\Session\Handlers\FileHandler' driver.
DEBUG - 2025-10-03 03:28:24 --> Session: Class initialized using 'CodeIgniter\Session\Handlers\FileHandler' driver.
DEBUG - 2025-10-03 03:28:24 --> Session: Class initialized using 'CodeIgniter\Session\Handlers\FileHandler' driver.
DEBUG - 2025-10-03 03:28:28 --> Session: Class initialized using 'CodeIgniter\Session\Handlers\FileHandler' driver.
DEBUG - 2025-10-03 03:28:28 --> Session: Class initialized using 'CodeIgniter\Session\Handlers\FileHandler' driver.
DEBUG - 2025-10-03 03:28:32 --> Session: Class initialized using 'CodeIgniter\Session\Handlers\FileHandler' driver.
DEBUG - 2025-10-03 03:28:34 --> Session: Class initialized using 'CodeIgniter\Session\Handlers\FileHandler' driver.
DEBUG - 2025-10-03 03:28:34 --> Session: Class initialized using 'CodeIgniter\Session\Handlers\FileHandler' driver.
DEBUG - 2025-10-03 03:28:39 --> Session: Class initialized using 'CodeIgniter\Session\Handlers\FileHandler' driver.
DEBUG - 2025-10-03 03:28:39 --> Session: Class initialized using 'CodeIgniter\Session\Handlers\FileHandler' driver.
DEBUG - 2025-10-03 03:28:42 --> Session: Class initialized using 'CodeIgniter\Session\Handlers\FileHandler' driver.
DEBUG - 2025-10-03 03:28:46 --> Session: Class initialized using 'CodeIgniter\Session\Handlers\FileHandler' driver.
DEBUG - 2025-10-03 03:28:46 --> Session: Class initialized using 'CodeIgniter\Session\Handlers\FileHandler' driver.
DEBUG - 2025-10-03 03:28:55 --> Session: Class initialized using 'CodeIgniter\Session\Handlers\FileHandler' driver.
DEBUG - 2025-10-03 03:28:55 --> Session: Class initialized using 'CodeIgniter\Session\Handlers\FileHandler' driver.
DEBUG - 2025-10-03 03:29:00 --> Session: Class initialized using 'CodeIgniter\Session\Handlers\FileHandler' driver.
DEBUG - 2025-10-03 03:29:03 --> Session: Class initialized using 'CodeIgniter\Session\Handlers\FileHandler' driver.
DEBUG - 2025-10-03 03:29:03 --> Session: Class initialized using 'CodeIgniter\Session\Handlers\FileHandler' driver.
DEBUG - 2025-10-03 03:29:12 --> Session: Class initialized using 'CodeIgniter\Session\Handlers\FileHandler' driver.
DEBUG - 2025-10-03 03:29:12 --> Session: Class initialized using 'CodeIgniter\Session\Handlers\FileHandler' driver.
DEBUG - 2025-10-03 03:29:15 --> Session: Class initialized using 'CodeIgniter\Session\Handlers\FileHandler' driver.
DEBUG - 2025-10-03 03:29:16 --> Session: Class initialized using 'CodeIgniter\Session\Handlers\FileHandler' driver.
ERROR - 2025-10-03 03:29:16 --> mysqli_sql_exception: Unknown column 'marks' in 'order clause' in C:\xampp\htdocs\muzani\system\Database\MySQLi\Connection.php:327
Stack trace:
#0 C:\xampp\htdocs\muzani\system\Database\MySQLi\Connection.php(327): mysqli->query('SELECT *\nFROM `...', 0)
#1 C:\xampp\htdocs\muzani\system\Database\BaseConnection.php(729): CodeIgniter\Database\MySQLi\Connection->execute('SELECT *\nFROM `...')
#2 C:\xampp\htdocs\muzani\system\Database\BaseConnection.php(646): CodeIgniter\Database\BaseConnection->simpleQuery('SELECT *\nFROM `...')
#3 C:\xampp\htdocs\muzani\system\Database\BaseBuilder.php(1649): CodeIgniter\Database\BaseConnection->query('SELECT *\nFROM `...', Array, false)
#4 C:\xampp\htdocs\muzani\system\Model.php(286): CodeIgniter\Database\BaseBuilder->get()
#5 C:\xampp\htdocs\muzani\system\BaseModel.php(677): CodeIgniter\Model->doFindAll(0, 0)
#6 C:\xampp\htdocs\muzani\app\Controllers\ResultController.php(305): CodeIgniter\BaseModel->findAll()
#7 C:\xampp\htdocs\muzani\system\CodeIgniter.php(933): App\Controllers\ResultController->position('course', '2')
#8 C:\xampp\htdocs\muzani\system\CodeIgniter.php(507): CodeIgniter\CodeIgniter->runController(Object(App\Controllers\ResultController))
#9 C:\xampp\htdocs\muzani\system\CodeIgniter.php(354): CodeIgniter\CodeIgniter->handleRequest(NULL, Object(Config\Cache), false)
#10 C:\xampp\htdocs\muzani\system\Boot.php(363): CodeIgniter\CodeIgniter->run()
#11 C:\xampp\htdocs\muzani\system\Boot.php(68): CodeIgniter\Boot::runCodeIgniter(Object(CodeIgniter\CodeIgniter))
#12 C:\xampp\htdocs\muzani\index.php(59): CodeIgniter\Boot::bootWeb(Object(Config\Paths))
#13 {main}
CRITICAL - 2025-10-03 03:29:16 --> CodeIgniter\Database\Exceptions\DatabaseException: Unknown column 'marks' in 'order clause'
[Method: GET, Route: result/course/position/2]
in SYSTEMPATH\Database\BaseConnection.php on line 684.
 1 SYSTEMPATH\Database\BaseBuilder.php(1649): CodeIgniter\Database\BaseConnection->query('SELECT *
FROM `gpas`
WHERE `school_id` = :school_id:
AND `course_id` = :course_id:
AND `year_id` = :year_id:
AND `course_position` IS NULL
ORDER BY `marks` DESC', [...], false)
 2 SYSTEMPATH\Model.php(286): CodeIgniter\Database\BaseBuilder->get()
 3 SYSTEMPATH\BaseModel.php(677): CodeIgniter\Model->doFindAll(0, 0)
 4 APPPATH\Controllers\ResultController.php(305): CodeIgniter\BaseModel->findAll()
 5 SYSTEMPATH\CodeIgniter.php(933): App\Controllers\ResultController->position('course', '2')
 6 SYSTEMPATH\CodeIgniter.php(507): CodeIgniter\CodeIgniter->runController(Object(App\Controllers\ResultController))
 7 SYSTEMPATH\CodeIgniter.php(354): CodeIgniter\CodeIgniter->handleRequest(null, Object(Config\Cache), false)
 8 SYSTEMPATH\Boot.php(363): CodeIgniter\CodeIgniter->run()
 9 SYSTEMPATH\Boot.php(68): CodeIgniter\Boot::runCodeIgniter(Object(CodeIgniter\CodeIgniter))
10 FCPATH\index.php(59): CodeIgniter\Boot::bootWeb(Object(Config\Paths))
CRITICAL - 2025-10-03 03:29:16 --> [Caused by] CodeIgniter\Database\Exceptions\DatabaseException: Unknown column 'marks' in 'order clause'
in SYSTEMPATH\Database\MySQLi\Connection.php on line 332.
 1 SYSTEMPATH\Database\BaseConnection.php(729): CodeIgniter\Database\MySQLi\Connection->execute('SELECT *
FROM `gpas`
WHERE `school_id` = \'1\'
AND `course_id` = \'2\'
AND `year_id` = \'3\'
AND `course_position` IS NULL
ORDER BY `marks` DESC')
 2 SYSTEMPATH\Database\BaseConnection.php(646): CodeIgniter\Database\BaseConnection->simpleQuery('SELECT *
FROM `gpas`
WHERE `school_id` = \'1\'
AND `course_id` = \'2\'
AND `year_id` = \'3\'
AND `course_position` IS NULL
ORDER BY `marks` DESC')
 3 SYSTEMPATH\Database\BaseBuilder.php(1649): CodeIgniter\Database\BaseConnection->query('SELECT *
FROM `gpas`
WHERE `school_id` = :school_id:
AND `course_id` = :course_id:
AND `year_id` = :year_id:
AND `course_position` IS NULL
ORDER BY `marks` DESC', [...], false)
 4 SYSTEMPATH\Model.php(286): CodeIgniter\Database\BaseBuilder->get()
 5 SYSTEMPATH\BaseModel.php(677): CodeIgniter\Model->doFindAll(0, 0)
 6 APPPATH\Controllers\ResultController.php(305): CodeIgniter\BaseModel->findAll()
 7 SYSTEMPATH\CodeIgniter.php(933): App\Controllers\ResultController->position('course', '2')
 8 SYSTEMPATH\CodeIgniter.php(507): CodeIgniter\CodeIgniter->runController(Object(App\Controllers\ResultController))
 9 SYSTEMPATH\CodeIgniter.php(354): CodeIgniter\CodeIgniter->handleRequest(null, Object(Config\Cache), false)
10 SYSTEMPATH\Boot.php(363): CodeIgniter\CodeIgniter->run()
11 SYSTEMPATH\Boot.php(68): CodeIgniter\Boot::runCodeIgniter(Object(CodeIgniter\CodeIgniter))
12 FCPATH\index.php(59): CodeIgniter\Boot::bootWeb(Object(Config\Paths))
CRITICAL - 2025-10-03 03:29:16 --> [Caused by] mysqli_sql_exception: Unknown column 'marks' in 'order clause'
in SYSTEMPATH\Database\MySQLi\Connection.php on line 327.
 1 SYSTEMPATH\Database\MySQLi\Connection.php(327): mysqli->query('SELECT *
FROM `gpas`
WHERE `school_id` = \'1\'
AND `course_id` = \'2\'
AND `year_id` = \'3\'
AND `course_position` IS NULL
ORDER BY `marks` DESC', 0)
 2 SYSTEMPATH\Database\BaseConnection.php(729): CodeIgniter\Database\MySQLi\Connection->execute('SELECT *
FROM `gpas`
WHERE `school_id` = \'1\'
AND `course_id` = \'2\'
AND `year_id` = \'3\'
AND `course_position` IS NULL
ORDER BY `marks` DESC')
 3 SYSTEMPATH\Database\BaseConnection.php(646): CodeIgniter\Database\BaseConnection->simpleQuery('SELECT *
FROM `gpas`
WHERE `school_id` = \'1\'
AND `course_id` = \'2\'
AND `year_id` = \'3\'
AND `course_position` IS NULL
ORDER BY `marks` DESC')
 4 SYSTEMPATH\Database\BaseBuilder.php(1649): CodeIgniter\Database\BaseConnection->query('SELECT *
FROM `gpas`
WHERE `school_id` = :school_id:
AND `course_id` = :course_id:
AND `year_id` = :year_id:
AND `course_position` IS NULL
ORDER BY `marks` DESC', [...], false)
 5 SYSTEMPATH\Model.php(286): CodeIgniter\Database\BaseBuilder->get()
 6 SYSTEMPATH\BaseModel.php(677): CodeIgniter\Model->doFindAll(0, 0)
 7 APPPATH\Controllers\ResultController.php(305): CodeIgniter\BaseModel->findAll()
 8 SYSTEMPATH\CodeIgniter.php(933): App\Controllers\ResultController->position('course', '2')
 9 SYSTEMPATH\CodeIgniter.php(507): CodeIgniter\CodeIgniter->runController(Object(App\Controllers\ResultController))
10 SYSTEMPATH\CodeIgniter.php(354): CodeIgniter\CodeIgniter->handleRequest(null, Object(Config\Cache), false)
11 SYSTEMPATH\Boot.php(363): CodeIgniter\CodeIgniter->run()
12 SYSTEMPATH\Boot.php(68): CodeIgniter\Boot::runCodeIgniter(Object(CodeIgniter\CodeIgniter))
13 FCPATH\index.php(59): CodeIgniter\Boot::bootWeb(Object(Config\Paths))
DEBUG - 2025-10-03 03:29:59 --> Session: Class initialized using 'CodeIgniter\Session\Handlers\FileHandler' driver.
DEBUG - 2025-10-03 03:31:42 --> Session: Class initialized using 'CodeIgniter\Session\Handlers\FileHandler' driver.
DEBUG - 2025-10-03 03:34:27 --> Session: Class initialized using 'CodeIgniter\Session\Handlers\FileHandler' driver.
DEBUG - 2025-10-03 03:34:27 --> Session: Class initialized using 'CodeIgniter\Session\Handlers\FileHandler' driver.
DEBUG - 2025-10-03 03:37:14 --> Session: Class initialized using 'CodeIgniter\Session\Handlers\FileHandler' driver.
CRITICAL - 2025-10-03 03:37:15 --> ErrorException: Trying to access array offset on value of type null
[Method: GET, Route: result/course/show/2/3]
in APPPATH\Views\course\show.php on line 5.
 1 APPPATH\Views\course\show.php(5): CodeIgniter\Debug\Exceptions->errorHandler(2, 'Trying to access array offset on value of type null', 'C:\\xampp\\htdocs\\muzani\\app\\Views\\course\\show.php', 5)
 2 SYSTEMPATH\View\View.php(226): include('C:\\xampp\\htdocs\\muzani\\app\\Views\\course\\show.php')
 3 SYSTEMPATH\View\View.php(229): CodeIgniter\View\View->CodeIgniter\View\{closure}()
 4 SYSTEMPATH\Common.php(1167): CodeIgniter\View\View->render('course/show', [], true)
 5 APPPATH\Controllers\CourseController.php(36): view('course/show', [...])
 6 SYSTEMPATH\CodeIgniter.php(933): App\Controllers\CourseController->show('course', '2', '3')
 7 SYSTEMPATH\CodeIgniter.php(507): CodeIgniter\CodeIgniter->runController(Object(App\Controllers\CourseController))
 8 SYSTEMPATH\CodeIgniter.php(354): CodeIgniter\CodeIgniter->handleRequest(null, Object(Config\Cache), false)
 9 SYSTEMPATH\Boot.php(363): CodeIgniter\CodeIgniter->run()
10 SYSTEMPATH\Boot.php(68): CodeIgniter\Boot::runCodeIgniter(Object(CodeIgniter\CodeIgniter))
11 FCPATH\index.php(59): CodeIgniter\Boot::bootWeb(Object(Config\Paths))
DEBUG - 2025-10-03 03:37:37 --> Session: Class initialized using 'CodeIgniter\Session\Handlers\FileHandler' driver.
DEBUG - 2025-10-03 03:38:15 --> Session: Class initialized using 'CodeIgniter\Session\Handlers\FileHandler' driver.
DEBUG - 2025-10-03 03:42:37 --> Session: Class initialized using 'CodeIgniter\Session\Handlers\FileHandler' driver.
DEBUG - 2025-10-03 03:43:44 --> Session: Class initialized using 'CodeIgniter\Session\Handlers\FileHandler' driver.
CRITICAL - 2025-10-03 03:43:44 --> CodeIgniter\View\Exceptions\ViewException: Invalid file: "result/course.php"
[Method: GET, Route: result/course/show/2/3]
in SYSTEMPATH\Exceptions\FrameworkException.php on line 39.
 1 SYSTEMPATH\View\View.php(214): CodeIgniter\Exceptions\FrameworkException::forInvalidFile('result/course.php')
 2 SYSTEMPATH\Common.php(1167): CodeIgniter\View\View->render('result/course', [], true)
 3 APPPATH\Controllers\ResultController.php(337): view('result/course', [...])
 4 SYSTEMPATH\CodeIgniter.php(933): App\Controllers\ResultController->show('course', '2', '3')
 5 SYSTEMPATH\CodeIgniter.php(507): CodeIgniter\CodeIgniter->runController(Object(App\Controllers\ResultController))
 6 SYSTEMPATH\CodeIgniter.php(354): CodeIgniter\CodeIgniter->handleRequest(null, Object(Config\Cache), false)
 7 SYSTEMPATH\Boot.php(363): CodeIgniter\CodeIgniter->run()
 8 SYSTEMPATH\Boot.php(68): CodeIgniter\Boot::runCodeIgniter(Object(CodeIgniter\CodeIgniter))
 9 FCPATH\index.php(59): CodeIgniter\Boot::bootWeb(Object(Config\Paths))
DEBUG - 2025-10-03 03:44:19 --> Session: Class initialized using 'CodeIgniter\Session\Handlers\FileHandler' driver.
CRITICAL - 2025-10-03 03:44:19 --> CodeIgniter\View\Exceptions\ViewException: Invalid file: "result/show/.php"
[Method: GET, Route: result/course/show/2/3]
in SYSTEMPATH\Exceptions\FrameworkException.php on line 39.
 1 SYSTEMPATH\View\View.php(214): CodeIgniter\Exceptions\FrameworkException::forInvalidFile('result/show/.php')
 2 SYSTEMPATH\Common.php(1167): CodeIgniter\View\View->render('result/show/', [], true)
 3 APPPATH\Controllers\ResultController.php(338): view('result/show/', [...])
 4 SYSTEMPATH\CodeIgniter.php(933): App\Controllers\ResultController->show('course', '2', '3')
 5 SYSTEMPATH\CodeIgniter.php(507): CodeIgniter\CodeIgniter->runController(Object(App\Controllers\ResultController))
 6 SYSTEMPATH\CodeIgniter.php(354): CodeIgniter\CodeIgniter->handleRequest(null, Object(Config\Cache), false)
 7 SYSTEMPATH\Boot.php(363): CodeIgniter\CodeIgniter->run()
 8 SYSTEMPATH\Boot.php(68): CodeIgniter\Boot::runCodeIgniter(Object(CodeIgniter\CodeIgniter))
 9 FCPATH\index.php(59): CodeIgniter\Boot::bootWeb(Object(Config\Paths))
DEBUG - 2025-10-03 03:44:42 --> Session: Class initialized using 'CodeIgniter\Session\Handlers\FileHandler' driver.
CRITICAL - 2025-10-03 03:44:42 --> CodeIgniter\View\Exceptions\ViewException: Invalid file: "result/show/.php"
[Method: GET, Route: result/course/show/2/3]
in SYSTEMPATH\Exceptions\FrameworkException.php on line 39.
 1 SYSTEMPATH\View\View.php(214): CodeIgniter\Exceptions\FrameworkException::forInvalidFile('result/show/.php')
 2 SYSTEMPATH\Common.php(1167): CodeIgniter\View\View->render('result/show/', [], true)
 3 APPPATH\Controllers\ResultController.php(338): view('result/show/', [...])
 4 SYSTEMPATH\CodeIgniter.php(933): App\Controllers\ResultController->show('course', '2', '3')
 5 SYSTEMPATH\CodeIgniter.php(507): CodeIgniter\CodeIgniter->runController(Object(App\Controllers\ResultController))
 6 SYSTEMPATH\CodeIgniter.php(354): CodeIgniter\CodeIgniter->handleRequest(null, Object(Config\Cache), false)
 7 SYSTEMPATH\Boot.php(363): CodeIgniter\CodeIgniter->run()
 8 SYSTEMPATH\Boot.php(68): CodeIgniter\Boot::runCodeIgniter(Object(CodeIgniter\CodeIgniter))
 9 FCPATH\index.php(59): CodeIgniter\Boot::bootWeb(Object(Config\Paths))
DEBUG - 2025-10-03 03:44:55 --> Session: Class initialized using 'CodeIgniter\Session\Handlers\FileHandler' driver.
CRITICAL - 2025-10-03 03:44:55 --> ErrorException: Undefined variable $res
[Method: GET, Route: result/course/show/2/3]
in APPPATH\Views\result\show.php on line 3.
 1 APPPATH\Views\result\show.php(3): CodeIgniter\Debug\Exceptions->errorHandler(2, 'Undefined variable $res', 'C:\\xampp\\htdocs\\muzani\\app\\Views\\result\\show.php', 3)
 2 SYSTEMPATH\View\View.php(226): include('C:\\xampp\\htdocs\\muzani\\app\\Views\\result\\show.php')
 3 SYSTEMPATH\View\View.php(229): CodeIgniter\View\View->CodeIgniter\View\{closure}()
 4 SYSTEMPATH\Common.php(1167): CodeIgniter\View\View->render('result/show', [], true)
 5 APPPATH\Controllers\ResultController.php(338): view('result/show', [...])
 6 SYSTEMPATH\CodeIgniter.php(933): App\Controllers\ResultController->show('course', '2', '3')
 7 SYSTEMPATH\CodeIgniter.php(507): CodeIgniter\CodeIgniter->runController(Object(App\Controllers\ResultController))
 8 SYSTEMPATH\CodeIgniter.php(354): CodeIgniter\CodeIgniter->handleRequest(null, Object(Config\Cache), false)
 9 SYSTEMPATH\Boot.php(363): CodeIgniter\CodeIgniter->run()
10 SYSTEMPATH\Boot.php(68): CodeIgniter\Boot::runCodeIgniter(Object(CodeIgniter\CodeIgniter))
11 FCPATH\index.php(59): CodeIgniter\Boot::bootWeb(Object(Config\Paths))
DEBUG - 2025-10-03 03:45:12 --> Session: Class initialized using 'CodeIgniter\Session\Handlers\FileHandler' driver.
CRITICAL - 2025-10-03 03:45:12 --> ErrorException: Undefined variable $sch
[Method: GET, Route: result/course/show/2/3]
in APPPATH\Views\result\show.php on line 10.
 1 APPPATH\Views\result\show.php(10): CodeIgniter\Debug\Exceptions->errorHandler(2, 'Undefined variable $sch', 'C:\\xampp\\htdocs\\muzani\\app\\Views\\result\\show.php', 10)
 2 SYSTEMPATH\View\View.php(226): include('C:\\xampp\\htdocs\\muzani\\app\\Views\\result\\show.php')
 3 SYSTEMPATH\View\View.php(229): CodeIgniter\View\View->CodeIgniter\View\{closure}()
 4 SYSTEMPATH\Common.php(1167): CodeIgniter\View\View->render('result/show', [], true)
 5 APPPATH\Controllers\ResultController.php(338): view('result/show', [...])
 6 SYSTEMPATH\CodeIgniter.php(933): App\Controllers\ResultController->show('course', '2', '3')
 7 SYSTEMPATH\CodeIgniter.php(507): CodeIgniter\CodeIgniter->runController(Object(App\Controllers\ResultController))
 8 SYSTEMPATH\CodeIgniter.php(354): CodeIgniter\CodeIgniter->handleRequest(null, Object(Config\Cache), false)
 9 SYSTEMPATH\Boot.php(363): CodeIgniter\CodeIgniter->run()
10 SYSTEMPATH\Boot.php(68): CodeIgniter\Boot::runCodeIgniter(Object(CodeIgniter\CodeIgniter))
11 FCPATH\index.php(59): CodeIgniter\Boot::bootWeb(Object(Config\Paths))
DEBUG - 2025-10-03 03:45:25 --> Session: Class initialized using 'CodeIgniter\Session\Handlers\FileHandler' driver.
CRITICAL - 2025-10-03 03:45:25 --> ErrorException: Undefined variable $sch
[Method: GET, Route: result/course/show/2/3]
in APPPATH\Views\result\show.php on line 10.
 1 APPPATH\Views\result\show.php(10): CodeIgniter\Debug\Exceptions->errorHandler(2, 'Undefined variable $sch', 'C:\\xampp\\htdocs\\muzani\\app\\Views\\result\\show.php', 10)
 2 SYSTEMPATH\View\View.php(226): include('C:\\xampp\\htdocs\\muzani\\app\\Views\\result\\show.php')
 3 SYSTEMPATH\View\View.php(229): CodeIgniter\View\View->CodeIgniter\View\{closure}()
 4 SYSTEMPATH\Common.php(1167): CodeIgniter\View\View->render('result/show', [], true)
 5 APPPATH\Controllers\ResultController.php(338): view('result/show', [...])
 6 SYSTEMPATH\CodeIgniter.php(933): App\Controllers\ResultController->show('course', '2', '3')
 7 SYSTEMPATH\CodeIgniter.php(507): CodeIgniter\CodeIgniter->runController(Object(App\Controllers\ResultController))
 8 SYSTEMPATH\CodeIgniter.php(354): CodeIgniter\CodeIgniter->handleRequest(null, Object(Config\Cache), false)
 9 SYSTEMPATH\Boot.php(363): CodeIgniter\CodeIgniter->run()
10 SYSTEMPATH\Boot.php(68): CodeIgniter\Boot::runCodeIgniter(Object(CodeIgniter\CodeIgniter))
11 FCPATH\index.php(59): CodeIgniter\Boot::bootWeb(Object(Config\Paths))
DEBUG - 2025-10-03 03:45:59 --> Session: Class initialized using 'CodeIgniter\Session\Handlers\FileHandler' driver.
CRITICAL - 2025-10-03 03:45:59 --> TypeError: count(): Argument #1 ($value) must be of type Countable|array, App\Models\Gpa given
[Method: GET, Route: result/course/show/2/3]
in APPPATH\Views\result\show.php on line 22.
 1 SYSTEMPATH\View\View.php(226): include()
 2 SYSTEMPATH\View\View.php(229): CodeIgniter\View\View->CodeIgniter\View\{closure}()
 3 SYSTEMPATH\Common.php(1167): CodeIgniter\View\View->render('result/show', [], true)
 4 APPPATH\Controllers\ResultController.php(338): view('result/show', [...])
 5 SYSTEMPATH\CodeIgniter.php(933): App\Controllers\ResultController->show('course', '2', '3')
 6 SYSTEMPATH\CodeIgniter.php(507): CodeIgniter\CodeIgniter->runController(Object(App\Controllers\ResultController))
 7 SYSTEMPATH\CodeIgniter.php(354): CodeIgniter\CodeIgniter->handleRequest(null, Object(Config\Cache), false)
 8 SYSTEMPATH\Boot.php(363): CodeIgniter\CodeIgniter->run()
 9 SYSTEMPATH\Boot.php(68): CodeIgniter\Boot::runCodeIgniter(Object(CodeIgniter\CodeIgniter))
10 FCPATH\index.php(59): CodeIgniter\Boot::bootWeb(Object(Config\Paths))
DEBUG - 2025-10-03 03:46:09 --> Session: Class initialized using 'CodeIgniter\Session\Handlers\FileHandler' driver.
CRITICAL - 2025-10-03 03:46:09 --> ErrorException: Undefined variable $gp
[Method: GET, Route: result/course/show/2/3]
in APPPATH\Views\result\show.php on line 47.
 1 APPPATH\Views\result\show.php(47): CodeIgniter\Debug\Exceptions->errorHandler(2, 'Undefined variable $gp', 'C:\\xampp\\htdocs\\muzani\\app\\Views\\result\\show.php', 47)
 2 SYSTEMPATH\View\View.php(226): include('C:\\xampp\\htdocs\\muzani\\app\\Views\\result\\show.php')
 3 SYSTEMPATH\View\View.php(229): CodeIgniter\View\View->CodeIgniter\View\{closure}()
 4 SYSTEMPATH\Common.php(1167): CodeIgniter\View\View->render('result/show', [], true)
 5 APPPATH\Controllers\ResultController.php(338): view('result/show', [...])
 6 SYSTEMPATH\CodeIgniter.php(933): App\Controllers\ResultController->show('course', '2', '3')
 7 SYSTEMPATH\CodeIgniter.php(507): CodeIgniter\CodeIgniter->runController(Object(App\Controllers\ResultController))
 8 SYSTEMPATH\CodeIgniter.php(354): CodeIgniter\CodeIgniter->handleRequest(null, Object(Config\Cache), false)
 9 SYSTEMPATH\Boot.php(363): CodeIgniter\CodeIgniter->run()
10 SYSTEMPATH\Boot.php(68): CodeIgniter\Boot::runCodeIgniter(Object(CodeIgniter\CodeIgniter))
11 FCPATH\index.php(59): CodeIgniter\Boot::bootWeb(Object(Config\Paths))
DEBUG - 2025-10-03 03:47:00 --> Session: Class initialized using 'CodeIgniter\Session\Handlers\FileHandler' driver.
CRITICAL - 2025-10-03 03:47:01 --> ErrorException: Trying to access array offset on value of type null
[Method: GET, Route: result/course/show/2/3]
in APPPATH\Views\result\show.php on line 47.
 1 APPPATH\Views\result\show.php(47): CodeIgniter\Debug\Exceptions->errorHandler(2, 'Trying to access array offset on value of type null', 'C:\\xampp\\htdocs\\muzani\\app\\Views\\result\\show.php', 47)
 2 SYSTEMPATH\View\View.php(226): include('C:\\xampp\\htdocs\\muzani\\app\\Views\\result\\show.php')
 3 SYSTEMPATH\View\View.php(229): CodeIgniter\View\View->CodeIgniter\View\{closure}()
 4 SYSTEMPATH\Common.php(1167): CodeIgniter\View\View->render('result/show', [], true)
 5 APPPATH\Controllers\ResultController.php(338): view('result/show', [...])
 6 SYSTEMPATH\CodeIgniter.php(933): App\Controllers\ResultController->show('course', '2', '3')
 7 SYSTEMPATH\CodeIgniter.php(507): CodeIgniter\CodeIgniter->runController(Object(App\Controllers\ResultController))
 8 SYSTEMPATH\CodeIgniter.php(354): CodeIgniter\CodeIgniter->handleRequest(null, Object(Config\Cache), false)
 9 SYSTEMPATH\Boot.php(363): CodeIgniter\CodeIgniter->run()
10 SYSTEMPATH\Boot.php(68): CodeIgniter\Boot::runCodeIgniter(Object(CodeIgniter\CodeIgniter))
11 FCPATH\index.php(59): CodeIgniter\Boot::bootWeb(Object(Config\Paths))
DEBUG - 2025-10-03 03:47:16 --> Session: Class initialized using 'CodeIgniter\Session\Handlers\FileHandler' driver.
CRITICAL - 2025-10-03 03:47:16 --> ErrorException: Undefined array key "class_id"
[Method: GET, Route: result/course/show/2/3]
in APPPATH\Views\result\show.php on line 50.
 1 APPPATH\Views\result\show.php(50): CodeIgniter\Debug\Exceptions->errorHandler(2, 'Undefined array key "class_id"', 'C:\\xampp\\htdocs\\muzani\\app\\Views\\result\\show.php', 50)
 2 SYSTEMPATH\View\View.php(226): include('C:\\xampp\\htdocs\\muzani\\app\\Views\\result\\show.php')
 3 SYSTEMPATH\View\View.php(229): CodeIgniter\View\View->CodeIgniter\View\{closure}()
 4 SYSTEMPATH\Common.php(1167): CodeIgniter\View\View->render('result/show', [], true)
 5 APPPATH\Controllers\ResultController.php(338): view('result/show', [...])
 6 SYSTEMPATH\CodeIgniter.php(933): App\Controllers\ResultController->show('course', '2', '3')
 7 SYSTEMPATH\CodeIgniter.php(507): CodeIgniter\CodeIgniter->runController(Object(App\Controllers\ResultController))
 8 SYSTEMPATH\CodeIgniter.php(354): CodeIgniter\CodeIgniter->handleRequest(null, Object(Config\Cache), false)
 9 SYSTEMPATH\Boot.php(363): CodeIgniter\CodeIgniter->run()
10 SYSTEMPATH\Boot.php(68): CodeIgniter\Boot::runCodeIgniter(Object(CodeIgniter\CodeIgniter))
11 FCPATH\index.php(59): CodeIgniter\Boot::bootWeb(Object(Config\Paths))
DEBUG - 2025-10-03 03:47:26 --> Session: Class initialized using 'CodeIgniter\Session\Handlers\FileHandler' driver.
CRITICAL - 2025-10-03 03:47:26 --> ErrorException: Undefined array key "malaf"
[Method: GET, Route: result/course/show/2/3]
in APPPATH\Views\result\show.php on line 50.
 1 APPPATH\Views\result\show.php(50): CodeIgniter\Debug\Exceptions->errorHandler(2, 'Undefined array key "malaf"', 'C:\\xampp\\htdocs\\muzani\\app\\Views\\result\\show.php', 50)
 2 SYSTEMPATH\View\View.php(226): include('C:\\xampp\\htdocs\\muzani\\app\\Views\\result\\show.php')
 3 SYSTEMPATH\View\View.php(229): CodeIgniter\View\View->CodeIgniter\View\{closure}()
 4 SYSTEMPATH\Common.php(1167): CodeIgniter\View\View->render('result/show', [], true)
 5 APPPATH\Controllers\ResultController.php(338): view('result/show', [...])
 6 SYSTEMPATH\CodeIgniter.php(933): App\Controllers\ResultController->show('course', '2', '3')
 7 SYSTEMPATH\CodeIgniter.php(507): CodeIgniter\CodeIgniter->runController(Object(App\Controllers\ResultController))
 8 SYSTEMPATH\CodeIgniter.php(354): CodeIgniter\CodeIgniter->handleRequest(null, Object(Config\Cache), false)
 9 SYSTEMPATH\Boot.php(363): CodeIgniter\CodeIgniter->run()
10 SYSTEMPATH\Boot.php(68): CodeIgniter\Boot::runCodeIgniter(Object(CodeIgniter\CodeIgniter))
11 FCPATH\index.php(59): CodeIgniter\Boot::bootWeb(Object(Config\Paths))
DEBUG - 2025-10-03 03:47:36 --> Session: Class initialized using 'CodeIgniter\Session\Handlers\FileHandler' driver.
CRITICAL - 2025-10-03 03:47:36 --> ErrorException: Undefined variable $gp
[Method: GET, Route: result/course/show/2/3]
in APPPATH\Views\result\show.php on line 52.
 1 APPPATH\Views\result\show.php(52): CodeIgniter\Debug\Exceptions->errorHandler(2, 'Undefined variable $gp', 'C:\\xampp\\htdocs\\muzani\\app\\Views\\result\\show.php', 52)
 2 SYSTEMPATH\View\View.php(226): include('C:\\xampp\\htdocs\\muzani\\app\\Views\\result\\show.php')
 3 SYSTEMPATH\View\View.php(229): CodeIgniter\View\View->CodeIgniter\View\{closure}()
 4 SYSTEMPATH\Common.php(1167): CodeIgniter\View\View->render('result/show', [], true)
 5 APPPATH\Controllers\ResultController.php(338): view('result/show', [...])
 6 SYSTEMPATH\CodeIgniter.php(933): App\Controllers\ResultController->show('course', '2', '3')
 7 SYSTEMPATH\CodeIgniter.php(507): CodeIgniter\CodeIgniter->runController(Object(App\Controllers\ResultController))
 8 SYSTEMPATH\CodeIgniter.php(354): CodeIgniter\CodeIgniter->handleRequest(null, Object(Config\Cache), false)
 9 SYSTEMPATH\Boot.php(363): CodeIgniter\CodeIgniter->run()
10 SYSTEMPATH\Boot.php(68): CodeIgniter\Boot::runCodeIgniter(Object(CodeIgniter\CodeIgniter))
11 FCPATH\index.php(59): CodeIgniter\Boot::bootWeb(Object(Config\Paths))
DEBUG - 2025-10-03 03:47:48 --> Session: Class initialized using 'CodeIgniter\Session\Handlers\FileHandler' driver.
CRITICAL - 2025-10-03 03:47:48 --> ErrorException: Undefined array key "class_id"
[Method: GET, Route: result/course/show/2/3]
in APPPATH\Views\result\show.php on line 52.
 1 APPPATH\Views\result\show.php(52): CodeIgniter\Debug\Exceptions->errorHandler(2, 'Undefined array key "class_id"', 'C:\\xampp\\htdocs\\muzani\\app\\Views\\result\\show.php', 52)
 2 SYSTEMPATH\View\View.php(226): include('C:\\xampp\\htdocs\\muzani\\app\\Views\\result\\show.php')
 3 SYSTEMPATH\View\View.php(229): CodeIgniter\View\View->CodeIgniter\View\{closure}()
 4 SYSTEMPATH\Common.php(1167): CodeIgniter\View\View->render('result/show', [], true)
 5 APPPATH\Controllers\ResultController.php(338): view('result/show', [...])
 6 SYSTEMPATH\CodeIgniter.php(933): App\Controllers\ResultController->show('course', '2', '3')
 7 SYSTEMPATH\CodeIgniter.php(507): CodeIgniter\CodeIgniter->runController(Object(App\Controllers\ResultController))
 8 SYSTEMPATH\CodeIgniter.php(354): CodeIgniter\CodeIgniter->handleRequest(null, Object(Config\Cache), false)
 9 SYSTEMPATH\Boot.php(363): CodeIgniter\CodeIgniter->run()
10 SYSTEMPATH\Boot.php(68): CodeIgniter\Boot::runCodeIgniter(Object(CodeIgniter\CodeIgniter))
11 FCPATH\index.php(59): CodeIgniter\Boot::bootWeb(Object(Config\Paths))
DEBUG - 2025-10-03 03:48:08 --> Session: Class initialized using 'CodeIgniter\Session\Handlers\FileHandler' driver.
CRITICAL - 2025-10-03 03:48:08 --> CodeIgniter\Exceptions\BadMethodCallException: Call to undefined method App\Models\Gpa::firstSemester
[Method: GET, Route: result/course/show/2/3]
in SYSTEMPATH\Model.php on line 927.
 1 APPPATH\Views\result\show.php(52): CodeIgniter\Model->__call('firstSemester', [...])
 2 SYSTEMPATH\View\View.php(226): include('C:\\xampp\\htdocs\\muzani\\app\\Views\\result\\show.php')
 3 SYSTEMPATH\View\View.php(229): CodeIgniter\View\View->CodeIgniter\View\{closure}()
 4 SYSTEMPATH\Common.php(1167): CodeIgniter\View\View->render('result/show', [], true)
 5 APPPATH\Controllers\ResultController.php(338): view('result/show', [...])
 6 SYSTEMPATH\CodeIgniter.php(933): App\Controllers\ResultController->show('course', '2', '3')
 7 SYSTEMPATH\CodeIgniter.php(507): CodeIgniter\CodeIgniter->runController(Object(App\Controllers\ResultController))
 8 SYSTEMPATH\CodeIgniter.php(354): CodeIgniter\CodeIgniter->handleRequest(null, Object(Config\Cache), false)
 9 SYSTEMPATH\Boot.php(363): CodeIgniter\CodeIgniter->run()
10 SYSTEMPATH\Boot.php(68): CodeIgniter\Boot::runCodeIgniter(Object(CodeIgniter\CodeIgniter))
11 FCPATH\index.php(59): CodeIgniter\Boot::bootWeb(Object(Config\Paths))
DEBUG - 2025-10-03 03:49:39 --> Session: Class initialized using 'CodeIgniter\Session\Handlers\FileHandler' driver.
CRITICAL - 2025-10-03 03:49:39 --> CodeIgniter\Exceptions\BadMethodCallException: Call to undefined method App\Models\Gpa::firstSemester
[Method: GET, Route: result/course/show/2/3]
in SYSTEMPATH\Model.php on line 927.
 1 APPPATH\Views\result\show.php(52): CodeIgniter\Model->__call('firstSemester', [...])
 2 SYSTEMPATH\View\View.php(226): include('C:\\xampp\\htdocs\\muzani\\app\\Views\\result\\show.php')
 3 SYSTEMPATH\View\View.php(229): CodeIgniter\View\View->CodeIgniter\View\{closure}()
 4 SYSTEMPATH\Common.php(1167): CodeIgniter\View\View->render('result/show', [], true)
 5 APPPATH\Controllers\ResultController.php(338): view('result/show', [...])
 6 SYSTEMPATH\CodeIgniter.php(933): App\Controllers\ResultController->show('course', '2', '3')
 7 SYSTEMPATH\CodeIgniter.php(507): CodeIgniter\CodeIgniter->runController(Object(App\Controllers\ResultController))
 8 SYSTEMPATH\CodeIgniter.php(354): CodeIgniter\CodeIgniter->handleRequest(null, Object(Config\Cache), false)
 9 SYSTEMPATH\Boot.php(363): CodeIgniter\CodeIgniter->run()
10 SYSTEMPATH\Boot.php(68): CodeIgniter\Boot::runCodeIgniter(Object(CodeIgniter\CodeIgniter))
11 FCPATH\index.php(59): CodeIgniter\Boot::bootWeb(Object(Config\Paths))
DEBUG - 2025-10-03 03:50:03 --> Session: Class initialized using 'CodeIgniter\Session\Handlers\FileHandler' driver.
ERROR - 2025-10-03 03:50:03 --> mysqli_sql_exception: Unknown column 'class_id' in 'where clause' in C:\xampp\htdocs\muzani\system\Database\MySQLi\Connection.php:327
Stack trace:
#0 C:\xampp\htdocs\muzani\system\Database\MySQLi\Connection.php(327): mysqli->query('SELECT COUNT(*)...', 0)
#1 C:\xampp\htdocs\muzani\system\Database\BaseConnection.php(729): CodeIgniter\Database\MySQLi\Connection->execute('SELECT COUNT(*)...')
#2 C:\xampp\htdocs\muzani\system\Database\BaseConnection.php(646): CodeIgniter\Database\BaseConnection->simpleQuery('SELECT COUNT(*)...')
#3 C:\xampp\htdocs\muzani\system\Database\BaseBuilder.php(1733): CodeIgniter\Database\BaseConnection->query('SELECT COUNT(*)...', Array, false)
#4 C:\xampp\htdocs\muzani\system\Model.php(675): CodeIgniter\Database\BaseBuilder->countAllResults(true)
#5 C:\xampp\htdocs\muzani\app\Models\Gpa.php(131): CodeIgniter\Model->countAllResults()
#6 C:\xampp\htdocs\muzani\app\Views\result\show.php(52): App\Models\Gpa->gpa('44', '2')
#7 C:\xampp\htdocs\muzani\system\View\View.php(226): include('C:\\xampp\\htdocs...')
#8 C:\xampp\htdocs\muzani\system\View\View.php(229): CodeIgniter\View\View->CodeIgniter\View\{closure}()
#9 C:\xampp\htdocs\muzani\system\Common.php(1167): CodeIgniter\View\View->render('result/show', Array, true)
#10 C:\xampp\htdocs\muzani\app\Controllers\ResultController.php(338): view('result/show', Array)
#11 C:\xampp\htdocs\muzani\system\CodeIgniter.php(933): App\Controllers\ResultController->show('course', '2', '3')
#12 C:\xampp\htdocs\muzani\system\CodeIgniter.php(507): CodeIgniter\CodeIgniter->runController(Object(App\Controllers\ResultController))
#13 C:\xampp\htdocs\muzani\system\CodeIgniter.php(354): CodeIgniter\CodeIgniter->handleRequest(NULL, Object(Config\Cache), false)
#14 C:\xampp\htdocs\muzani\system\Boot.php(363): CodeIgniter\CodeIgniter->run()
#15 C:\xampp\htdocs\muzani\system\Boot.php(68): CodeIgniter\Boot::runCodeIgniter(Object(CodeIgniter\CodeIgniter))
#16 C:\xampp\htdocs\muzani\index.php(59): CodeIgniter\Boot::bootWeb(Object(Config\Paths))
#17 {main}
CRITICAL - 2025-10-03 03:50:03 --> CodeIgniter\Database\Exceptions\DatabaseException: Unknown column 'class_id' in 'where clause'
[Method: GET, Route: result/course/show/2/3]
in SYSTEMPATH\Database\BaseConnection.php on line 684.
 1 SYSTEMPATH\Database\BaseBuilder.php(1733): CodeIgniter\Database\BaseConnection->query('SELECT COUNT(*) AS `numrows`
FROM `subjects`
WHERE `class_id` = :class_id:', [...], false)
 2 SYSTEMPATH\Model.php(675): CodeIgniter\Database\BaseBuilder->countAllResults(true)
 3 APPPATH\Models\Gpa.php(131): CodeIgniter\Model->countAllResults()
 4 APPPATH\Views\result\show.php(52): App\Models\Gpa->gpa('44', '2')
 5 SYSTEMPATH\View\View.php(226): include('C:\\xampp\\htdocs\\muzani\\app\\Views\\result\\show.php')
 6 SYSTEMPATH\View\View.php(229): CodeIgniter\View\View->CodeIgniter\View\{closure}()
 7 SYSTEMPATH\Common.php(1167): CodeIgniter\View\View->render('result/show', [], true)
 8 APPPATH\Controllers\ResultController.php(338): view('result/show', [...])
 9 SYSTEMPATH\CodeIgniter.php(933): App\Controllers\ResultController->show('course', '2', '3')
10 SYSTEMPATH\CodeIgniter.php(507): CodeIgniter\CodeIgniter->runController(Object(App\Controllers\ResultController))
11 SYSTEMPATH\CodeIgniter.php(354): CodeIgniter\CodeIgniter->handleRequest(null, Object(Config\Cache), false)
12 SYSTEMPATH\Boot.php(363): CodeIgniter\CodeIgniter->run()
13 SYSTEMPATH\Boot.php(68): CodeIgniter\Boot::runCodeIgniter(Object(CodeIgniter\CodeIgniter))
14 FCPATH\index.php(59): CodeIgniter\Boot::bootWeb(Object(Config\Paths))
CRITICAL - 2025-10-03 03:50:03 --> [Caused by] CodeIgniter\Database\Exceptions\DatabaseException: Unknown column 'class_id' in 'where clause'
in SYSTEMPATH\Database\MySQLi\Connection.php on line 332.
 1 SYSTEMPATH\Database\BaseConnection.php(729): CodeIgniter\Database\MySQLi\Connection->execute('SELECT COUNT(*) AS `numrows`
FROM `subjects`
WHERE `class_id` = \'2\'')
 2 SYSTEMPATH\Database\BaseConnection.php(646): CodeIgniter\Database\BaseConnection->simpleQuery('SELECT COUNT(*) AS `numrows`
FROM `subjects`
WHERE `class_id` = \'2\'')
 3 SYSTEMPATH\Database\BaseBuilder.php(1733): CodeIgniter\Database\BaseConnection->query('SELECT COUNT(*) AS `numrows`
FROM `subjects`
WHERE `class_id` = :class_id:', [...], false)
 4 SYSTEMPATH\Model.php(675): CodeIgniter\Database\BaseBuilder->countAllResults(true)
 5 APPPATH\Models\Gpa.php(131): CodeIgniter\Model->countAllResults()
 6 APPPATH\Views\result\show.php(52): App\Models\Gpa->gpa('44', '2')
 7 SYSTEMPATH\View\View.php(226): include('C:\\xampp\\htdocs\\muzani\\app\\Views\\result\\show.php')
 8 SYSTEMPATH\View\View.php(229): CodeIgniter\View\View->CodeIgniter\View\{closure}()
 9 SYSTEMPATH\Common.php(1167): CodeIgniter\View\View->render('result/show', [], true)
10 APPPATH\Controllers\ResultController.php(338): view('result/show', [...])
11 SYSTEMPATH\CodeIgniter.php(933): App\Controllers\ResultController->show('course', '2', '3')
12 SYSTEMPATH\CodeIgniter.php(507): CodeIgniter\CodeIgniter->runController(Object(App\Controllers\ResultController))
13 SYSTEMPATH\CodeIgniter.php(354): CodeIgniter\CodeIgniter->handleRequest(null, Object(Config\Cache), false)
14 SYSTEMPATH\Boot.php(363): CodeIgniter\CodeIgniter->run()
15 SYSTEMPATH\Boot.php(68): CodeIgniter\Boot::runCodeIgniter(Object(CodeIgniter\CodeIgniter))
16 FCPATH\index.php(59): CodeIgniter\Boot::bootWeb(Object(Config\Paths))
CRITICAL - 2025-10-03 03:50:03 --> [Caused by] mysqli_sql_exception: Unknown column 'class_id' in 'where clause'
in SYSTEMPATH\Database\MySQLi\Connection.php on line 327.
 1 SYSTEMPATH\Database\MySQLi\Connection.php(327): mysqli->query('SELECT COUNT(*) AS `numrows`
FROM `subjects`
WHERE `class_id` = \'2\'', 0)
 2 SYSTEMPATH\Database\BaseConnection.php(729): CodeIgniter\Database\MySQLi\Connection->execute('SELECT COUNT(*) AS `numrows`
FROM `subjects`
WHERE `class_id` = \'2\'')
 3 SYSTEMPATH\Database\BaseConnection.php(646): CodeIgniter\Database\BaseConnection->simpleQuery('SELECT COUNT(*) AS `numrows`
FROM `subjects`
WHERE `class_id` = \'2\'')
 4 SYSTEMPATH\Database\BaseBuilder.php(1733): CodeIgniter\Database\BaseConnection->query('SELECT COUNT(*) AS `numrows`
FROM `subjects`
WHERE `class_id` = :class_id:', [...], false)
 5 SYSTEMPATH\Model.php(675): CodeIgniter\Database\BaseBuilder->countAllResults(true)
 6 APPPATH\Models\Gpa.php(131): CodeIgniter\Model->countAllResults()
 7 APPPATH\Views\result\show.php(52): App\Models\Gpa->gpa('44', '2')
 8 SYSTEMPATH\View\View.php(226): include('C:\\xampp\\htdocs\\muzani\\app\\Views\\result\\show.php')
 9 SYSTEMPATH\View\View.php(229): CodeIgniter\View\View->CodeIgniter\View\{closure}()
10 SYSTEMPATH\Common.php(1167): CodeIgniter\View\View->render('result/show', [], true)
11 APPPATH\Controllers\ResultController.php(338): view('result/show', [...])
12 SYSTEMPATH\CodeIgniter.php(933): App\Controllers\ResultController->show('course', '2', '3')
13 SYSTEMPATH\CodeIgniter.php(507): CodeIgniter\CodeIgniter->runController(Object(App\Controllers\ResultController))
14 SYSTEMPATH\CodeIgniter.php(354): CodeIgniter\CodeIgniter->handleRequest(null, Object(Config\Cache), false)
15 SYSTEMPATH\Boot.php(363): CodeIgniter\CodeIgniter->run()
16 SYSTEMPATH\Boot.php(68): CodeIgniter\Boot::runCodeIgniter(Object(CodeIgniter\CodeIgniter))
17 FCPATH\index.php(59): CodeIgniter\Boot::bootWeb(Object(Config\Paths))
DEBUG - 2025-10-03 03:50:23 --> Session: Class initialized using 'CodeIgniter\Session\Handlers\FileHandler' driver.
CRITICAL - 2025-10-03 03:50:23 --> CodeIgniter\Exceptions\BadMethodCallException: Call to undefined method App\Models\Gpa::gpaFirstSemester
[Method: GET, Route: result/course/show/2/3]
in SYSTEMPATH\Model.php on line 927.
 1 APPPATH\Views\result\show.php(53): CodeIgniter\Model->__call('gpaFirstSemester', [...])
 2 SYSTEMPATH\View\View.php(226): include('C:\\xampp\\htdocs\\muzani\\app\\Views\\result\\show.php')
 3 SYSTEMPATH\View\View.php(229): CodeIgniter\View\View->CodeIgniter\View\{closure}()
 4 SYSTEMPATH\Common.php(1167): CodeIgniter\View\View->render('result/show', [], true)
 5 APPPATH\Controllers\ResultController.php(338): view('result/show', [...])
 6 SYSTEMPATH\CodeIgniter.php(933): App\Controllers\ResultController->show('course', '2', '3')
 7 SYSTEMPATH\CodeIgniter.php(507): CodeIgniter\CodeIgniter->runController(Object(App\Controllers\ResultController))
 8 SYSTEMPATH\CodeIgniter.php(354): CodeIgniter\CodeIgniter->handleRequest(null, Object(Config\Cache), false)
 9 SYSTEMPATH\Boot.php(363): CodeIgniter\CodeIgniter->run()
10 SYSTEMPATH\Boot.php(68): CodeIgniter\Boot::runCodeIgniter(Object(CodeIgniter\CodeIgniter))
11 FCPATH\index.php(59): CodeIgniter\Boot::bootWeb(Object(Config\Paths))
DEBUG - 2025-10-03 03:50:49 --> Session: Class initialized using 'CodeIgniter\Session\Handlers\FileHandler' driver.
CRITICAL - 2025-10-03 03:50:49 --> ErrorException: Undefined array key "position_course"
[Method: GET, Route: result/course/show/2/3]
in APPPATH\Views\result\show.php on line 54.
 1 APPPATH\Views\result\show.php(54): CodeIgniter\Debug\Exceptions->errorHandler(2, 'Undefined array key "position_course"', 'C:\\xampp\\htdocs\\muzani\\app\\Views\\result\\show.php', 54)
 2 SYSTEMPATH\View\View.php(226): include('C:\\xampp\\htdocs\\muzani\\app\\Views\\result\\show.php')
 3 SYSTEMPATH\View\View.php(229): CodeIgniter\View\View->CodeIgniter\View\{closure}()
 4 SYSTEMPATH\Common.php(1167): CodeIgniter\View\View->render('result/show', [], true)
 5 APPPATH\Controllers\ResultController.php(338): view('result/show', [...])
 6 SYSTEMPATH\CodeIgniter.php(933): App\Controllers\ResultController->show('course', '2', '3')
 7 SYSTEMPATH\CodeIgniter.php(507): CodeIgniter\CodeIgniter->runController(Object(App\Controllers\ResultController))
 8 SYSTEMPATH\CodeIgniter.php(354): CodeIgniter\CodeIgniter->handleRequest(null, Object(Config\Cache), false)
 9 SYSTEMPATH\Boot.php(363): CodeIgniter\CodeIgniter->run()
10 SYSTEMPATH\Boot.php(68): CodeIgniter\Boot::runCodeIgniter(Object(CodeIgniter\CodeIgniter))
11 FCPATH\index.php(59): CodeIgniter\Boot::bootWeb(Object(Config\Paths))
DEBUG - 2025-10-03 03:51:12 --> Session: Class initialized using 'CodeIgniter\Session\Handlers\FileHandler' driver.
DEBUG - 2025-10-03 03:51:23 --> Session: Class initialized using 'CodeIgniter\Session\Handlers\FileHandler' driver.
DEBUG - 2025-10-03 03:51:39 --> Session: Class initialized using 'CodeIgniter\Session\Handlers\FileHandler' driver.
DEBUG - 2025-10-03 03:51:56 --> Session: Class initialized using 'CodeIgniter\Session\Handlers\FileHandler' driver.
DEBUG - 2025-10-03 03:52:13 --> Session: Class initialized using 'CodeIgniter\Session\Handlers\FileHandler' driver.
DEBUG - 2025-10-03 03:52:54 --> Session: Class initialized using 'CodeIgniter\Session\Handlers\FileHandler' driver.
DEBUG - 2025-10-03 03:53:29 --> Session: Class initialized using 'CodeIgniter\Session\Handlers\FileHandler' driver.
DEBUG - 2025-10-03 03:53:42 --> Session: Class initialized using 'CodeIgniter\Session\Handlers\FileHandler' driver.
DEBUG - 2025-10-03 03:54:18 --> Session: Class initialized using 'CodeIgniter\Session\Handlers\FileHandler' driver.
DEBUG - 2025-10-03 03:55:57 --> Session: Class initialized using 'CodeIgniter\Session\Handlers\FileHandler' driver.
DEBUG - 2025-10-03 03:56:09 --> Session: Class initialized using 'CodeIgniter\Session\Handlers\FileHandler' driver.
DEBUG - 2025-10-03 03:57:57 --> Session: Class initialized using 'CodeIgniter\Session\Handlers\FileHandler' driver.
DEBUG - 2025-10-03 03:58:54 --> Session: Class initialized using 'CodeIgniter\Session\Handlers\FileHandler' driver.
DEBUG - 2025-10-03 04:00:32 --> Session: Class initialized using 'CodeIgniter\Session\Handlers\FileHandler' driver.
DEBUG - 2025-10-03 04:02:26 --> Session: Class initialized using 'CodeIgniter\Session\Handlers\FileHandler' driver.
CRITICAL - 2025-10-03 04:02:26 --> ErrorException: Array to string conversion
[Method: GET, Route: result/course/show/2/3]
in APPPATH\Views\result\show.php on line 60.
 1 APPPATH\Views\result\show.php(60): CodeIgniter\Debug\Exceptions->errorHandler(2, 'Array to string conversion', 'C:\\xampp\\htdocs\\muzani\\app\\Views\\result\\show.php', 60)
 2 SYSTEMPATH\View\View.php(226): include('C:\\xampp\\htdocs\\muzani\\app\\Views\\result\\show.php')
 3 SYSTEMPATH\View\View.php(229): CodeIgniter\View\View->CodeIgniter\View\{closure}()
 4 SYSTEMPATH\Common.php(1167): CodeIgniter\View\View->render('result/show', [], true)
 5 APPPATH\Controllers\ResultController.php(338): view('result/show', [...])
 6 SYSTEMPATH\CodeIgniter.php(933): App\Controllers\ResultController->show('course', '2', '3')
 7 SYSTEMPATH\CodeIgniter.php(507): CodeIgniter\CodeIgniter->runController(Object(App\Controllers\ResultController))
 8 SYSTEMPATH\CodeIgniter.php(354): CodeIgniter\CodeIgniter->handleRequest(null, Object(Config\Cache), false)
 9 SYSTEMPATH\Boot.php(363): CodeIgniter\CodeIgniter->run()
10 SYSTEMPATH\Boot.php(68): CodeIgniter\Boot::runCodeIgniter(Object(CodeIgniter\CodeIgniter))
11 FCPATH\index.php(59): CodeIgniter\Boot::bootWeb(Object(Config\Paths))
DEBUG - 2025-10-03 04:02:36 --> Session: Class initialized using 'CodeIgniter\Session\Handlers\FileHandler' driver.
DEBUG - 2025-10-03 04:02:55 --> Session: Class initialized using 'CodeIgniter\Session\Handlers\FileHandler' driver.
DEBUG - 2025-10-03 04:03:06 --> Session: Class initialized using 'CodeIgniter\Session\Handlers\FileHandler' driver.
DEBUG - 2025-10-03 04:03:52 --> Session: Class initialized using 'CodeIgniter\Session\Handlers\FileHandler' driver.
DEBUG - 2025-10-03 04:04:43 --> Session: Class initialized using 'CodeIgniter\Session\Handlers\FileHandler' driver.
DEBUG - 2025-10-03 04:04:50 --> Session: Class initialized using 'CodeIgniter\Session\Handlers\FileHandler' driver.
DEBUG - 2025-10-03 04:05:19 --> Session: Class initialized using 'CodeIgniter\Session\Handlers\FileHandler' driver.
DEBUG - 2025-10-03 04:06:14 --> Session: Class initialized using 'CodeIgniter\Session\Handlers\FileHandler' driver.
CRITICAL - 2025-10-03 04:06:14 --> ErrorException: Undefined variable $class
[Method: GET, Route: result/course/show/2/3]
in APPPATH\Views\result\show.php on line 27.
 1 APPPATH\Views\result\show.php(27): CodeIgniter\Debug\Exceptions->errorHandler(2, 'Undefined variable $class', 'C:\\xampp\\htdocs\\muzani\\app\\Views\\result\\show.php', 27)
 2 SYSTEMPATH\View\View.php(226): include('C:\\xampp\\htdocs\\muzani\\app\\Views\\result\\show.php')
 3 SYSTEMPATH\View\View.php(229): CodeIgniter\View\View->CodeIgniter\View\{closure}()
 4 SYSTEMPATH\Common.php(1167): CodeIgniter\View\View->render('result/show', [], true)
 5 APPPATH\Controllers\ResultController.php(338): view('result/show', [...])
 6 SYSTEMPATH\CodeIgniter.php(933): App\Controllers\ResultController->show('course', '2', '3')
 7 SYSTEMPATH\CodeIgniter.php(507): CodeIgniter\CodeIgniter->runController(Object(App\Controllers\ResultController))
 8 SYSTEMPATH\CodeIgniter.php(354): CodeIgniter\CodeIgniter->handleRequest(null, Object(Config\Cache), false)
 9 SYSTEMPATH\Boot.php(363): CodeIgniter\CodeIgniter->run()
10 SYSTEMPATH\Boot.php(68): CodeIgniter\Boot::runCodeIgniter(Object(CodeIgniter\CodeIgniter))
11 FCPATH\index.php(59): CodeIgniter\Boot::bootWeb(Object(Config\Paths))
DEBUG - 2025-10-03 04:06:24 --> Session: Class initialized using 'CodeIgniter\Session\Handlers\FileHandler' driver.
DEBUG - 2025-10-03 04:08:32 --> Session: Class initialized using 'CodeIgniter\Session\Handlers\FileHandler' driver.
DEBUG - 2025-10-03 04:09:07 --> Session: Class initialized using 'CodeIgniter\Session\Handlers\FileHandler' driver.
DEBUG - 2025-10-03 04:09:09 --> Session: Class initialized using 'CodeIgniter\Session\Handlers\FileHandler' driver.
DEBUG - 2025-10-03 04:09:43 --> Session: Class initialized using 'CodeIgniter\Session\Handlers\FileHandler' driver.
DEBUG - 2025-10-03 04:10:51 --> Session: Class initialized using 'CodeIgniter\Session\Handlers\FileHandler' driver.
DEBUG - 2025-10-03 04:11:57 --> Session: Class initialized using 'CodeIgniter\Session\Handlers\FileHandler' driver.
DEBUG - 2025-10-03 04:12:00 --> Session: Class initialized using 'CodeIgniter\Session\Handlers\FileHandler' driver.
DEBUG - 2025-10-03 04:12:17 --> Session: Class initialized using 'CodeIgniter\Session\Handlers\FileHandler' driver.
DEBUG - 2025-10-03 04:12:19 --> Session: Class initialized using 'CodeIgniter\Session\Handlers\FileHandler' driver.
DEBUG - 2025-10-03 04:12:28 --> Session: Class initialized using 'CodeIgniter\Session\Handlers\FileHandler' driver.
DEBUG - 2025-10-03 04:12:31 --> Session: Class initialized using 'CodeIgniter\Session\Handlers\FileHandler' driver.
DEBUG - 2025-10-03 04:12:31 --> Session: Class initialized using 'CodeIgniter\Session\Handlers\FileHandler' driver.
DEBUG - 2025-10-03 04:12:31 --> Session: Class initialized using 'CodeIgniter\Session\Handlers\FileHandler' driver.
DEBUG - 2025-10-03 04:12:38 --> Session: Class initialized using 'CodeIgniter\Session\Handlers\FileHandler' driver.
DEBUG - 2025-10-03 04:12:43 --> Session: Class initialized using 'CodeIgniter\Session\Handlers\FileHandler' driver.
DEBUG - 2025-10-03 04:12:43 --> Session: Class initialized using 'CodeIgniter\Session\Handlers\FileHandler' driver.
DEBUG - 2025-10-03 04:12:43 --> Session: Class initialized using 'CodeIgniter\Session\Handlers\FileHandler' driver.
DEBUG - 2025-10-03 04:12:46 --> Session: Class initialized using 'CodeIgniter\Session\Handlers\FileHandler' driver.
DEBUG - 2025-10-03 04:14:34 --> Session: Class initialized using 'CodeIgniter\Session\Handlers\FileHandler' driver.
DEBUG - 2025-10-03 04:15:58 --> Session: Class initialized using 'CodeIgniter\Session\Handlers\FileHandler' driver.
DEBUG - 2025-10-03 04:16:35 --> Session: Class initialized using 'CodeIgniter\Session\Handlers\FileHandler' driver.
DEBUG - 2025-10-03 04:16:48 --> Session: Class initialized using 'CodeIgniter\Session\Handlers\FileHandler' driver.
CRITICAL - 2025-10-03 04:16:48 --> ErrorException: Undefined variable $school
[Method: GET, Route: result/course/show/2/3]
in APPPATH\Views\result\show.php on line 14.
 1 APPPATH\Views\result\show.php(14): CodeIgniter\Debug\Exceptions->errorHandler(2, 'Undefined variable $school', 'C:\\xampp\\htdocs\\muzani\\app\\Views\\result\\show.php', 14)
 2 SYSTEMPATH\View\View.php(226): include('C:\\xampp\\htdocs\\muzani\\app\\Views\\result\\show.php')
 3 SYSTEMPATH\View\View.php(229): CodeIgniter\View\View->CodeIgniter\View\{closure}()
 4 SYSTEMPATH\Common.php(1167): CodeIgniter\View\View->render('result/show', [], true)
 5 APPPATH\Controllers\ResultController.php(337): view('result/show', [...])
 6 SYSTEMPATH\CodeIgniter.php(933): App\Controllers\ResultController->show('course', '2', '3')
 7 SYSTEMPATH\CodeIgniter.php(507): CodeIgniter\CodeIgniter->runController(Object(App\Controllers\ResultController))
 8 SYSTEMPATH\CodeIgniter.php(354): CodeIgniter\CodeIgniter->handleRequest(null, Object(Config\Cache), false)
 9 SYSTEMPATH\Boot.php(363): CodeIgniter\CodeIgniter->run()
10 SYSTEMPATH\Boot.php(68): CodeIgniter\Boot::runCodeIgniter(Object(CodeIgniter\CodeIgniter))
11 FCPATH\index.php(59): CodeIgniter\Boot::bootWeb(Object(Config\Paths))
DEBUG - 2025-10-03 04:16:55 --> Session: Class initialized using 'CodeIgniter\Session\Handlers\FileHandler' driver.
CRITICAL - 2025-10-03 04:16:55 --> ErrorException: Undefined variable $school
[Method: GET, Route: result/course/show/2/3]
in APPPATH\Views\result\show.php on line 14.
 1 APPPATH\Views\result\show.php(14): CodeIgniter\Debug\Exceptions->errorHandler(2, 'Undefined variable $school', 'C:\\xampp\\htdocs\\muzani\\app\\Views\\result\\show.php', 14)
 2 SYSTEMPATH\View\View.php(226): include('C:\\xampp\\htdocs\\muzani\\app\\Views\\result\\show.php')
 3 SYSTEMPATH\View\View.php(229): CodeIgniter\View\View->CodeIgniter\View\{closure}()
 4 SYSTEMPATH\Common.php(1167): CodeIgniter\View\View->render('result/show', [], true)
 5 APPPATH\Controllers\ResultController.php(337): view('result/show', [...])
 6 SYSTEMPATH\CodeIgniter.php(933): App\Controllers\ResultController->show('course', '2', '3')
 7 SYSTEMPATH\CodeIgniter.php(507): CodeIgniter\CodeIgniter->runController(Object(App\Controllers\ResultController))
 8 SYSTEMPATH\CodeIgniter.php(354): CodeIgniter\CodeIgniter->handleRequest(null, Object(Config\Cache), false)
 9 SYSTEMPATH\Boot.php(363): CodeIgniter\CodeIgniter->run()
10 SYSTEMPATH\Boot.php(68): CodeIgniter\Boot::runCodeIgniter(Object(CodeIgniter\CodeIgniter))
11 FCPATH\index.php(59): CodeIgniter\Boot::bootWeb(Object(Config\Paths))
DEBUG - 2025-10-03 04:17:07 --> Session: Class initialized using 'CodeIgniter\Session\Handlers\FileHandler' driver.
CRITICAL - 2025-10-03 04:17:07 --> ErrorException: Undefined variable $course
[Method: GET, Route: result/course/show/2/3]
in APPPATH\Views\result\show.php on line 15.
 1 APPPATH\Views\result\show.php(15): CodeIgniter\Debug\Exceptions->errorHandler(2, 'Undefined variable $course', 'C:\\xampp\\htdocs\\muzani\\app\\Views\\result\\show.php', 15)
 2 SYSTEMPATH\View\View.php(226): include('C:\\xampp\\htdocs\\muzani\\app\\Views\\result\\show.php')
 3 SYSTEMPATH\View\View.php(229): CodeIgniter\View\View->CodeIgniter\View\{closure}()
 4 SYSTEMPATH\Common.php(1167): CodeIgniter\View\View->render('result/show', [], true)
 5 APPPATH\Controllers\ResultController.php(337): view('result/show', [...])
 6 SYSTEMPATH\CodeIgniter.php(933): App\Controllers\ResultController->show('course', '2', '3')
 7 SYSTEMPATH\CodeIgniter.php(507): CodeIgniter\CodeIgniter->runController(Object(App\Controllers\ResultController))
 8 SYSTEMPATH\CodeIgniter.php(354): CodeIgniter\CodeIgniter->handleRequest(null, Object(Config\Cache), false)
 9 SYSTEMPATH\Boot.php(363): CodeIgniter\CodeIgniter->run()
10 SYSTEMPATH\Boot.php(68): CodeIgniter\Boot::runCodeIgniter(Object(CodeIgniter\CodeIgniter))
11 FCPATH\index.php(59): CodeIgniter\Boot::bootWeb(Object(Config\Paths))
DEBUG - 2025-10-03 04:17:13 --> Session: Class initialized using 'CodeIgniter\Session\Handlers\FileHandler' driver.
CRITICAL - 2025-10-03 04:17:13 --> ErrorException: Undefined variable $year
[Method: GET, Route: result/course/show/2/3]
in APPPATH\Views\result\show.php on line 17.
 1 APPPATH\Views\result\show.php(17): CodeIgniter\Debug\Exceptions->errorHandler(2, 'Undefined variable $year', 'C:\\xampp\\htdocs\\muzani\\app\\Views\\result\\show.php', 17)
 2 SYSTEMPATH\View\View.php(226): include('C:\\xampp\\htdocs\\muzani\\app\\Views\\result\\show.php')
 3 SYSTEMPATH\View\View.php(229): CodeIgniter\View\View->CodeIgniter\View\{closure}()
 4 SYSTEMPATH\Common.php(1167): CodeIgniter\View\View->render('result/show', [], true)
 5 APPPATH\Controllers\ResultController.php(337): view('result/show', [...])
 6 SYSTEMPATH\CodeIgniter.php(933): App\Controllers\ResultController->show('course', '2', '3')
 7 SYSTEMPATH\CodeIgniter.php(507): CodeIgniter\CodeIgniter->runController(Object(App\Controllers\ResultController))
 8 SYSTEMPATH\CodeIgniter.php(354): CodeIgniter\CodeIgniter->handleRequest(null, Object(Config\Cache), false)
 9 SYSTEMPATH\Boot.php(363): CodeIgniter\CodeIgniter->run()
10 SYSTEMPATH\Boot.php(68): CodeIgniter\Boot::runCodeIgniter(Object(CodeIgniter\CodeIgniter))
11 FCPATH\index.php(59): CodeIgniter\Boot::bootWeb(Object(Config\Paths))
DEBUG - 2025-10-03 04:17:23 --> Session: Class initialized using 'CodeIgniter\Session\Handlers\FileHandler' driver.
CRITICAL - 2025-10-03 04:17:23 --> TypeError: count(): Argument #1 ($value) must be of type Countable|array, null given
[Method: GET, Route: result/course/show/2/3]
in APPPATH\Views\result\show.php on line 27.
 1 SYSTEMPATH\View\View.php(226): include()
 2 SYSTEMPATH\View\View.php(229): CodeIgniter\View\View->CodeIgniter\View\{closure}()
 3 SYSTEMPATH\Common.php(1167): CodeIgniter\View\View->render('result/show', [], true)
 4 APPPATH\Controllers\ResultController.php(337): view('result/show', [...])
 5 SYSTEMPATH\CodeIgniter.php(933): App\Controllers\ResultController->show('course', '2', '3')
 6 SYSTEMPATH\CodeIgniter.php(507): CodeIgniter\CodeIgniter->runController(Object(App\Controllers\ResultController))
 7 SYSTEMPATH\CodeIgniter.php(354): CodeIgniter\CodeIgniter->handleRequest(null, Object(Config\Cache), false)
 8 SYSTEMPATH\Boot.php(363): CodeIgniter\CodeIgniter->run()
 9 SYSTEMPATH\Boot.php(68): CodeIgniter\Boot::runCodeIgniter(Object(CodeIgniter\CodeIgniter))
10 FCPATH\index.php(59): CodeIgniter\Boot::bootWeb(Object(Config\Paths))
CRITICAL - 2025-10-03 04:17:23 --> [Caused by] ErrorException: Undefined variable $class_gpa
in APPPATH\Views\result\show.php on line 27.
 1 APPPATH\Views\result\show.php(27): CodeIgniter\Debug\Exceptions->errorHandler(2, 'Undefined variable $class_gpa', 'C:\\xampp\\htdocs\\muzani\\app\\Views\\result\\show.php', 27)
 2 SYSTEMPATH\View\View.php(226): include('C:\\xampp\\htdocs\\muzani\\app\\Views\\result\\show.php')
 3 SYSTEMPATH\View\View.php(229): CodeIgniter\View\View->CodeIgniter\View\{closure}()
 4 SYSTEMPATH\Common.php(1167): CodeIgniter\View\View->render('result/show', [], true)
 5 APPPATH\Controllers\ResultController.php(337): view('result/show', [...])
 6 SYSTEMPATH\CodeIgniter.php(933): App\Controllers\ResultController->show('course', '2', '3')
 7 SYSTEMPATH\CodeIgniter.php(507): CodeIgniter\CodeIgniter->runController(Object(App\Controllers\ResultController))
 8 SYSTEMPATH\CodeIgniter.php(354): CodeIgniter\CodeIgniter->handleRequest(null, Object(Config\Cache), false)
 9 SYSTEMPATH\Boot.php(363): CodeIgniter\CodeIgniter->run()
10 SYSTEMPATH\Boot.php(68): CodeIgniter\Boot::runCodeIgniter(Object(CodeIgniter\CodeIgniter))
11 FCPATH\index.php(59): CodeIgniter\Boot::bootWeb(Object(Config\Paths))
DEBUG - 2025-10-03 04:17:32 --> Session: Class initialized using 'CodeIgniter\Session\Handlers\FileHandler' driver.
CRITICAL - 2025-10-03 04:17:32 --> ErrorException: Undefined variable $exam
[Method: GET, Route: result/course/show/2/3]
in APPPATH\Views\result\show.php on line 32.
 1 APPPATH\Views\result\show.php(32): CodeIgniter\Debug\Exceptions->errorHandler(2, 'Undefined variable $exam', 'C:\\xampp\\htdocs\\muzani\\app\\Views\\result\\show.php', 32)
 2 SYSTEMPATH\View\View.php(226): include('C:\\xampp\\htdocs\\muzani\\app\\Views\\result\\show.php')
 3 SYSTEMPATH\View\View.php(229): CodeIgniter\View\View->CodeIgniter\View\{closure}()
 4 SYSTEMPATH\Common.php(1167): CodeIgniter\View\View->render('result/show', [], true)
 5 APPPATH\Controllers\ResultController.php(337): view('result/show', [...])
 6 SYSTEMPATH\CodeIgniter.php(933): App\Controllers\ResultController->show('course', '2', '3')
 7 SYSTEMPATH\CodeIgniter.php(507): CodeIgniter\CodeIgniter->runController(Object(App\Controllers\ResultController))
 8 SYSTEMPATH\CodeIgniter.php(354): CodeIgniter\CodeIgniter->handleRequest(null, Object(Config\Cache), false)
 9 SYSTEMPATH\Boot.php(363): CodeIgniter\CodeIgniter->run()
10 SYSTEMPATH\Boot.php(68): CodeIgniter\Boot::runCodeIgniter(Object(CodeIgniter\CodeIgniter))
11 FCPATH\index.php(59): CodeIgniter\Boot::bootWeb(Object(Config\Paths))
DEBUG - 2025-10-03 04:17:38 --> Session: Class initialized using 'CodeIgniter\Session\Handlers\FileHandler' driver.
CRITICAL - 2025-10-03 04:17:39 --> ErrorException: Undefined variable $gpa
[Method: GET, Route: result/course/show/2/3]
in APPPATH\Views\result\show.php on line 50.
 1 APPPATH\Views\result\show.php(50): CodeIgniter\Debug\Exceptions->errorHandler(2, 'Undefined variable $gpa', 'C:\\xampp\\htdocs\\muzani\\app\\Views\\result\\show.php', 50)
 2 SYSTEMPATH\View\View.php(226): include('C:\\xampp\\htdocs\\muzani\\app\\Views\\result\\show.php')
 3 SYSTEMPATH\View\View.php(229): CodeIgniter\View\View->CodeIgniter\View\{closure}()
 4 SYSTEMPATH\Common.php(1167): CodeIgniter\View\View->render('result/show', [], true)
 5 APPPATH\Controllers\ResultController.php(337): view('result/show', [...])
 6 SYSTEMPATH\CodeIgniter.php(933): App\Controllers\ResultController->show('course', '2', '3')
 7 SYSTEMPATH\CodeIgniter.php(507): CodeIgniter\CodeIgniter->runController(Object(App\Controllers\ResultController))
 8 SYSTEMPATH\CodeIgniter.php(354): CodeIgniter\CodeIgniter->handleRequest(null, Object(Config\Cache), false)
 9 SYSTEMPATH\Boot.php(363): CodeIgniter\CodeIgniter->run()
10 SYSTEMPATH\Boot.php(68): CodeIgniter\Boot::runCodeIgniter(Object(CodeIgniter\CodeIgniter))
11 FCPATH\index.php(59): CodeIgniter\Boot::bootWeb(Object(Config\Paths))
DEBUG - 2025-10-03 04:17:45 --> Session: Class initialized using 'CodeIgniter\Session\Handlers\FileHandler' driver.
DEBUG - 2025-10-03 04:18:05 --> Session: Class initialized using 'CodeIgniter\Session\Handlers\FileHandler' driver.
DEBUG - 2025-10-03 04:18:08 --> Session: Class initialized using 'CodeIgniter\Session\Handlers\FileHandler' driver.
DEBUG - 2025-10-03 04:22:54 --> Session: Class initialized using 'CodeIgniter\Session\Handlers\FileHandler' driver.
CRITICAL - 2025-10-03 04:22:54 --> ErrorException: Undefined variable $sub
[Method: GET, Route: gpa/course/3]
in APPPATH\Views\gpa\index.php on line 16.
 1 APPPATH\Views\gpa\index.php(16): CodeIgniter\Debug\Exceptions->errorHandler(2, 'Undefined variable $sub', 'C:\\xampp\\htdocs\\muzani\\app\\Views\\gpa\\index.php', 16)
 2 SYSTEMPATH\View\View.php(226): include('C:\\xampp\\htdocs\\muzani\\app\\Views\\gpa\\index.php')
 3 SYSTEMPATH\View\View.php(229): CodeIgniter\View\View->CodeIgniter\View\{closure}()
 4 SYSTEMPATH\Common.php(1167): CodeIgniter\View\View->render('gpa/index', [], true)
 5 APPPATH\Controllers\GpaController.php(38): view('gpa/index', [...])
 6 SYSTEMPATH\CodeIgniter.php(933): App\Controllers\GpaController->index('course', '3')
 7 SYSTEMPATH\CodeIgniter.php(507): CodeIgniter\CodeIgniter->runController(Object(App\Controllers\GpaController))
 8 SYSTEMPATH\CodeIgniter.php(354): CodeIgniter\CodeIgniter->handleRequest(null, Object(Config\Cache), false)
 9 SYSTEMPATH\Boot.php(363): CodeIgniter\CodeIgniter->run()
10 SYSTEMPATH\Boot.php(68): CodeIgniter\Boot::runCodeIgniter(Object(CodeIgniter\CodeIgniter))
11 FCPATH\index.php(59): CodeIgniter\Boot::bootWeb(Object(Config\Paths))
DEBUG - 2025-10-03 04:24:21 --> Session: Class initialized using 'CodeIgniter\Session\Handlers\FileHandler' driver.
CRITICAL - 2025-10-03 04:24:21 --> ErrorException: Undefined variable $class_gpa
[Method: GET, Route: gpa/course/3]
in APPPATH\Views\gpa\index.php on line 22.
 1 APPPATH\Views\gpa\index.php(22): CodeIgniter\Debug\Exceptions->errorHandler(2, 'Undefined variable $class_gpa', 'C:\\xampp\\htdocs\\muzani\\app\\Views\\gpa\\index.php', 22)
 2 SYSTEMPATH\View\View.php(226): include('C:\\xampp\\htdocs\\muzani\\app\\Views\\gpa\\index.php')
 3 SYSTEMPATH\View\View.php(229): CodeIgniter\View\View->CodeIgniter\View\{closure}()
 4 SYSTEMPATH\Common.php(1167): CodeIgniter\View\View->render('gpa/index', [], true)
 5 APPPATH\Controllers\GpaController.php(38): view('gpa/index', [...])
 6 SYSTEMPATH\CodeIgniter.php(933): App\Controllers\GpaController->index('course', '3')
 7 SYSTEMPATH\CodeIgniter.php(507): CodeIgniter\CodeIgniter->runController(Object(App\Controllers\GpaController))
 8 SYSTEMPATH\CodeIgniter.php(354): CodeIgniter\CodeIgniter->handleRequest(null, Object(Config\Cache), false)
 9 SYSTEMPATH\Boot.php(363): CodeIgniter\CodeIgniter->run()
10 SYSTEMPATH\Boot.php(68): CodeIgniter\Boot::runCodeIgniter(Object(CodeIgniter\CodeIgniter))
11 FCPATH\index.php(59): CodeIgniter\Boot::bootWeb(Object(Config\Paths))
DEBUG - 2025-10-03 04:24:33 --> Session: Class initialized using 'CodeIgniter\Session\Handlers\FileHandler' driver.
CRITICAL - 2025-10-03 04:24:33 --> ErrorException: Undefined variable $year_id
[Method: GET, Route: gpa/course/3]
in APPPATH\Controllers\GpaController.php on line 36.
 1 APPPATH\Controllers\GpaController.php(36): CodeIgniter\Debug\Exceptions->errorHandler(2, 'Undefined variable $year_id', 'C:\\xampp\\htdocs\\muzani\\app\\Controllers\\GpaController.php', 36)
 2 SYSTEMPATH\CodeIgniter.php(933): App\Controllers\GpaController->index('course', '3')
 3 SYSTEMPATH\CodeIgniter.php(507): CodeIgniter\CodeIgniter->runController(Object(App\Controllers\GpaController))
 4 SYSTEMPATH\CodeIgniter.php(354): CodeIgniter\CodeIgniter->handleRequest(null, Object(Config\Cache), false)
 5 SYSTEMPATH\Boot.php(363): CodeIgniter\CodeIgniter->run()
 6 SYSTEMPATH\Boot.php(68): CodeIgniter\Boot::runCodeIgniter(Object(CodeIgniter\CodeIgniter))
 7 FCPATH\index.php(59): CodeIgniter\Boot::bootWeb(Object(Config\Paths))
DEBUG - 2025-10-03 04:25:39 --> Session: Class initialized using 'CodeIgniter\Session\Handlers\FileHandler' driver.
DEBUG - 2025-10-03 04:25:43 --> Session: Class initialized using 'CodeIgniter\Session\Handlers\FileHandler' driver.
DEBUG - 2025-10-03 04:26:04 --> Session: Class initialized using 'CodeIgniter\Session\Handlers\FileHandler' driver.
CRITICAL - 2025-10-03 04:26:04 --> ErrorException: Undefined variable $year_id
[Method: GET, Route: gpa/course/2/3]
in APPPATH\Controllers\GpaController.php on line 36.
 1 APPPATH\Controllers\GpaController.php(36): CodeIgniter\Debug\Exceptions->errorHandler(2, 'Undefined variable $year_id', 'C:\\xampp\\htdocs\\muzani\\app\\Controllers\\GpaController.php', 36)
 2 SYSTEMPATH\CodeIgniter.php(933): App\Controllers\GpaController->index('course', '2', '3')
 3 SYSTEMPATH\CodeIgniter.php(507): CodeIgniter\CodeIgniter->runController(Object(App\Controllers\GpaController))
 4 SYSTEMPATH\CodeIgniter.php(354): CodeIgniter\CodeIgniter->handleRequest(null, Object(Config\Cache), false)
 5 SYSTEMPATH\Boot.php(363): CodeIgniter\CodeIgniter->run()
 6 SYSTEMPATH\Boot.php(68): CodeIgniter\Boot::runCodeIgniter(Object(CodeIgniter\CodeIgniter))
 7 FCPATH\index.php(59): CodeIgniter\Boot::bootWeb(Object(Config\Paths))
DEBUG - 2025-10-03 04:26:19 --> Session: Class initialized using 'CodeIgniter\Session\Handlers\FileHandler' driver.
DEBUG - 2025-10-03 04:28:09 --> Session: Class initialized using 'CodeIgniter\Session\Handlers\FileHandler' driver.
CRITICAL - 2025-10-03 04:28:09 --> ErrorException: Undefined variable $subject
[Method: GET, Route: gpa/course/2/3]
in APPPATH\Views\gpa\index.php on line 94.
 1 APPPATH\Views\gpa\index.php(94): CodeIgniter\Debug\Exceptions->errorHandler(2, 'Undefined variable $subject', 'C:\\xampp\\htdocs\\muzani\\app\\Views\\gpa\\index.php', 94)
 2 SYSTEMPATH\View\View.php(226): include('C:\\xampp\\htdocs\\muzani\\app\\Views\\gpa\\index.php')
 3 SYSTEMPATH\View\View.php(229): CodeIgniter\View\View->CodeIgniter\View\{closure}()
 4 SYSTEMPATH\Common.php(1167): CodeIgniter\View\View->render('gpa/index', [], true)
 5 APPPATH\Controllers\GpaController.php(38): view('gpa/index', [...])
 6 SYSTEMPATH\CodeIgniter.php(933): App\Controllers\GpaController->index('course', '2', '3')
 7 SYSTEMPATH\CodeIgniter.php(507): CodeIgniter\CodeIgniter->runController(Object(App\Controllers\GpaController))
 8 SYSTEMPATH\CodeIgniter.php(354): CodeIgniter\CodeIgniter->handleRequest(null, Object(Config\Cache), false)
 9 SYSTEMPATH\Boot.php(363): CodeIgniter\CodeIgniter->run()
10 SYSTEMPATH\Boot.php(68): CodeIgniter\Boot::runCodeIgniter(Object(CodeIgniter\CodeIgniter))
11 FCPATH\index.php(59): CodeIgniter\Boot::bootWeb(Object(Config\Paths))
DEBUG - 2025-10-03 04:28:55 --> Session: Class initialized using 'CodeIgniter\Session\Handlers\FileHandler' driver.
CRITICAL - 2025-10-03 04:28:55 --> ErrorException: Undefined variable $subject
[Method: GET, Route: gpa/course/2/3]
in APPPATH\Views\gpa\index.php on line 94.
 1 APPPATH\Views\gpa\index.php(94): CodeIgniter\Debug\Exceptions->errorHandler(2, 'Undefined variable $subject', 'C:\\xampp\\htdocs\\muzani\\app\\Views\\gpa\\index.php', 94)
 2 SYSTEMPATH\View\View.php(226): include('C:\\xampp\\htdocs\\muzani\\app\\Views\\gpa\\index.php')
 3 SYSTEMPATH\View\View.php(229): CodeIgniter\View\View->CodeIgniter\View\{closure}()
 4 SYSTEMPATH\Common.php(1167): CodeIgniter\View\View->render('gpa/index', [], true)
 5 APPPATH\Controllers\GpaController.php(38): view('gpa/index', [...])
 6 SYSTEMPATH\CodeIgniter.php(933): App\Controllers\GpaController->index('course', '2', '3')
 7 SYSTEMPATH\CodeIgniter.php(507): CodeIgniter\CodeIgniter->runController(Object(App\Controllers\GpaController))
 8 SYSTEMPATH\CodeIgniter.php(354): CodeIgniter\CodeIgniter->handleRequest(null, Object(Config\Cache), false)
 9 SYSTEMPATH\Boot.php(363): CodeIgniter\CodeIgniter->run()
10 SYSTEMPATH\Boot.php(68): CodeIgniter\Boot::runCodeIgniter(Object(CodeIgniter\CodeIgniter))
11 FCPATH\index.php(59): CodeIgniter\Boot::bootWeb(Object(Config\Paths))
DEBUG - 2025-10-03 04:29:06 --> Session: Class initialized using 'CodeIgniter\Session\Handlers\FileHandler' driver.
CRITICAL - 2025-10-03 04:29:06 --> TypeError: count(): Argument #1 ($value) must be of type Countable|array, null given
[Method: GET, Route: gpa/course/2/3]
in APPPATH\Views\gpa\index.php on line 95.
 1 SYSTEMPATH\View\View.php(226): include()
 2 SYSTEMPATH\View\View.php(229): CodeIgniter\View\View->CodeIgniter\View\{closure}()
 3 SYSTEMPATH\Common.php(1167): CodeIgniter\View\View->render('gpa/index', [], true)
 4 APPPATH\Controllers\GpaController.php(38): view('gpa/index', [...])
 5 SYSTEMPATH\CodeIgniter.php(933): App\Controllers\GpaController->index('course', '2', '3')
 6 SYSTEMPATH\CodeIgniter.php(507): CodeIgniter\CodeIgniter->runController(Object(App\Controllers\GpaController))
 7 SYSTEMPATH\CodeIgniter.php(354): CodeIgniter\CodeIgniter->handleRequest(null, Object(Config\Cache), false)
 8 SYSTEMPATH\Boot.php(363): CodeIgniter\CodeIgniter->run()
 9 SYSTEMPATH\Boot.php(68): CodeIgniter\Boot::runCodeIgniter(Object(CodeIgniter\CodeIgniter))
10 FCPATH\index.php(59): CodeIgniter\Boot::bootWeb(Object(Config\Paths))
CRITICAL - 2025-10-03 04:29:06 --> [Caused by] ErrorException: Undefined variable $students
in APPPATH\Views\gpa\index.php on line 95.
 1 APPPATH\Views\gpa\index.php(95): CodeIgniter\Debug\Exceptions->errorHandler(2, 'Undefined variable $students', 'C:\\xampp\\htdocs\\muzani\\app\\Views\\gpa\\index.php', 95)
 2 SYSTEMPATH\View\View.php(226): include('C:\\xampp\\htdocs\\muzani\\app\\Views\\gpa\\index.php')
 3 SYSTEMPATH\View\View.php(229): CodeIgniter\View\View->CodeIgniter\View\{closure}()
 4 SYSTEMPATH\Common.php(1167): CodeIgniter\View\View->render('gpa/index', [], true)
 5 APPPATH\Controllers\GpaController.php(38): view('gpa/index', [...])
 6 SYSTEMPATH\CodeIgniter.php(933): App\Controllers\GpaController->index('course', '2', '3')
 7 SYSTEMPATH\CodeIgniter.php(507): CodeIgniter\CodeIgniter->runController(Object(App\Controllers\GpaController))
 8 SYSTEMPATH\CodeIgniter.php(354): CodeIgniter\CodeIgniter->handleRequest(null, Object(Config\Cache), false)
 9 SYSTEMPATH\Boot.php(363): CodeIgniter\CodeIgniter->run()
10 SYSTEMPATH\Boot.php(68): CodeIgniter\Boot::runCodeIgniter(Object(CodeIgniter\CodeIgniter))
11 FCPATH\index.php(59): CodeIgniter\Boot::bootWeb(Object(Config\Paths))
DEBUG - 2025-10-03 04:29:49 --> Session: Class initialized using 'CodeIgniter\Session\Handlers\FileHandler' driver.
DEBUG - 2025-10-03 04:30:40 --> Session: Class initialized using 'CodeIgniter\Session\Handlers\FileHandler' driver.
DEBUG - 2025-10-03 04:31:04 --> Session: Class initialized using 'CodeIgniter\Session\Handlers\FileHandler' driver.
DEBUG - 2025-10-03 04:31:27 --> Session: Class initialized using 'CodeIgniter\Session\Handlers\FileHandler' driver.
DEBUG - 2025-10-03 04:31:29 --> Session: Class initialized using 'CodeIgniter\Session\Handlers\FileHandler' driver.
DEBUG - 2025-10-03 04:31:42 --> Session: Class initialized using 'CodeIgniter\Session\Handlers\FileHandler' driver.
DEBUG - 2025-10-03 04:32:17 --> Session: Class initialized using 'CodeIgniter\Session\Handlers\FileHandler' driver.
DEBUG - 2025-10-03 04:32:34 --> Session: Class initialized using 'CodeIgniter\Session\Handlers\FileHandler' driver.
DEBUG - 2025-10-03 04:33:04 --> Session: Class initialized using 'CodeIgniter\Session\Handlers\FileHandler' driver.
DEBUG - 2025-10-03 04:33:16 --> Session: Class initialized using 'CodeIgniter\Session\Handlers\FileHandler' driver.
DEBUG - 2025-10-03 04:33:21 --> Session: Class initialized using 'CodeIgniter\Session\Handlers\FileHandler' driver.
DEBUG - 2025-10-03 04:33:23 --> Session: Class initialized using 'CodeIgniter\Session\Handlers\FileHandler' driver.
DEBUG - 2025-10-03 04:34:00 --> Session: Class initialized using 'CodeIgniter\Session\Handlers\FileHandler' driver.
DEBUG - 2025-10-03 04:34:00 --> Session: Class initialized using 'CodeIgniter\Session\Handlers\FileHandler' driver.
DEBUG - 2025-10-03 04:34:02 --> Session: Class initialized using 'CodeIgniter\Session\Handlers\FileHandler' driver.
CRITICAL - 2025-10-03 04:34:02 --> CodeIgniter\Exceptions\BadMethodCallException: Call to undefined method App\Models\Year::year
[Method: GET, Route: result]
in SYSTEMPATH\Model.php on line 927.
 1 APPPATH\Views\result\index.php(31): CodeIgniter\Model->__call('year', [...])
 2 SYSTEMPATH\View\View.php(226): include('C:\\xampp\\htdocs\\muzani\\app\\Views\\result\\index.php')
 3 SYSTEMPATH\View\View.php(229): CodeIgniter\View\View->CodeIgniter\View\{closure}()
 4 SYSTEMPATH\Common.php(1167): CodeIgniter\View\View->render('result/index', [], true)
 5 APPPATH\Controllers\ResultController.php(46): view('result/index', [...])
 6 SYSTEMPATH\CodeIgniter.php(933): App\Controllers\ResultController->index()
 7 SYSTEMPATH\CodeIgniter.php(507): CodeIgniter\CodeIgniter->runController(Object(App\Controllers\ResultController))
 8 SYSTEMPATH\CodeIgniter.php(354): CodeIgniter\CodeIgniter->handleRequest(null, Object(Config\Cache), false)
 9 SYSTEMPATH\Boot.php(363): CodeIgniter\CodeIgniter->run()
10 SYSTEMPATH\Boot.php(68): CodeIgniter\Boot::runCodeIgniter(Object(CodeIgniter\CodeIgniter))
11 FCPATH\index.php(59): CodeIgniter\Boot::bootWeb(Object(Config\Paths))
DEBUG - 2025-10-03 05:52:32 --> Session: Class initialized using 'CodeIgniter\Session\Handlers\FileHandler' driver.
CRITICAL - 2025-10-03 05:52:32 --> CodeIgniter\Exceptions\BadMethodCallException: Call to undefined method App\Models\Year::year
[Method: GET, Route: result]
in SYSTEMPATH\Model.php on line 927.
 1 APPPATH\Views\result\index.php(31): CodeIgniter\Model->__call('year', [...])
 2 SYSTEMPATH\View\View.php(226): include('C:\\xampp\\htdocs\\muzani\\app\\Views\\result\\index.php')
 3 SYSTEMPATH\View\View.php(229): CodeIgniter\View\View->CodeIgniter\View\{closure}()
 4 SYSTEMPATH\Common.php(1167): CodeIgniter\View\View->render('result/index', [], true)
 5 APPPATH\Controllers\ResultController.php(46): view('result/index', [...])
 6 SYSTEMPATH\CodeIgniter.php(933): App\Controllers\ResultController->index()
 7 SYSTEMPATH\CodeIgniter.php(507): CodeIgniter\CodeIgniter->runController(Object(App\Controllers\ResultController))
 8 SYSTEMPATH\CodeIgniter.php(354): CodeIgniter\CodeIgniter->handleRequest(null, Object(Config\Cache), false)
 9 SYSTEMPATH\Boot.php(363): CodeIgniter\CodeIgniter->run()
10 SYSTEMPATH\Boot.php(68): CodeIgniter\Boot::runCodeIgniter(Object(CodeIgniter\CodeIgniter))
11 FCPATH\index.php(59): CodeIgniter\Boot::bootWeb(Object(Config\Paths))
DEBUG - 2025-10-03 05:53:49 --> Session: Class initialized using 'CodeIgniter\Session\Handlers\FileHandler' driver.
CRITICAL - 2025-10-03 05:53:49 --> ErrorException: Undefined variable $cls
[Method: GET, Route: result]
in APPPATH\Views\result\index.php on line 45.
 1 APPPATH\Views\result\index.php(45): CodeIgniter\Debug\Exceptions->errorHandler(2, 'Undefined variable $cls', 'C:\\xampp\\htdocs\\muzani\\app\\Views\\result\\index.php', 45)
 2 SYSTEMPATH\View\View.php(226): include('C:\\xampp\\htdocs\\muzani\\app\\Views\\result\\index.php')
 3 SYSTEMPATH\View\View.php(229): CodeIgniter\View\View->CodeIgniter\View\{closure}()
 4 SYSTEMPATH\Common.php(1167): CodeIgniter\View\View->render('result/index', [], true)
 5 APPPATH\Controllers\ResultController.php(46): view('result/index', [...])
 6 SYSTEMPATH\CodeIgniter.php(933): App\Controllers\ResultController->index()
 7 SYSTEMPATH\CodeIgniter.php(507): CodeIgniter\CodeIgniter->runController(Object(App\Controllers\ResultController))
 8 SYSTEMPATH\CodeIgniter.php(354): CodeIgniter\CodeIgniter->handleRequest(null, Object(Config\Cache), false)
 9 SYSTEMPATH\Boot.php(363): CodeIgniter\CodeIgniter->run()
10 SYSTEMPATH\Boot.php(68): CodeIgniter\Boot::runCodeIgniter(Object(CodeIgniter\CodeIgniter))
11 FCPATH\index.php(59): CodeIgniter\Boot::bootWeb(Object(Config\Paths))
DEBUG - 2025-10-03 05:54:31 --> Session: Class initialized using 'CodeIgniter\Session\Handlers\FileHandler' driver.
CRITICAL - 2025-10-03 05:54:31 --> CodeIgniter\Exceptions\BadMethodCallException: Call to undefined method App\Models\Course::result
[Method: GET, Route: result]
in SYSTEMPATH\Model.php on line 927.
 1 APPPATH\Views\result\index.php(45): CodeIgniter\Model->__call('result', [...])
 2 SYSTEMPATH\View\View.php(226): include('C:\\xampp\\htdocs\\muzani\\app\\Views\\result\\index.php')
 3 SYSTEMPATH\View\View.php(229): CodeIgniter\View\View->CodeIgniter\View\{closure}()
 4 SYSTEMPATH\Common.php(1167): CodeIgniter\View\View->render('result/index', [], true)
 5 APPPATH\Controllers\ResultController.php(46): view('result/index', [...])
 6 SYSTEMPATH\CodeIgniter.php(933): App\Controllers\ResultController->index()
 7 SYSTEMPATH\CodeIgniter.php(507): CodeIgniter\CodeIgniter->runController(Object(App\Controllers\ResultController))
 8 SYSTEMPATH\CodeIgniter.php(354): CodeIgniter\CodeIgniter->handleRequest(null, Object(Config\Cache), false)
 9 SYSTEMPATH\Boot.php(363): CodeIgniter\CodeIgniter->run()
10 SYSTEMPATH\Boot.php(68): CodeIgniter\Boot::runCodeIgniter(Object(CodeIgniter\CodeIgniter))
11 FCPATH\index.php(59): CodeIgniter\Boot::bootWeb(Object(Config\Paths))
DEBUG - 2025-10-03 05:55:28 --> Session: Class initialized using 'CodeIgniter\Session\Handlers\FileHandler' driver.
CRITICAL - 2025-10-03 05:55:28 --> CodeIgniter\Exceptions\BadMethodCallException: Call to undefined method App\Models\Course::result
[Method: GET, Route: result]
in SYSTEMPATH\Model.php on line 927.
 1 APPPATH\Views\result\index.php(45): CodeIgniter\Model->__call('result', [...])
 2 SYSTEMPATH\View\View.php(226): include('C:\\xampp\\htdocs\\muzani\\app\\Views\\result\\index.php')
 3 SYSTEMPATH\View\View.php(229): CodeIgniter\View\View->CodeIgniter\View\{closure}()
 4 SYSTEMPATH\Common.php(1167): CodeIgniter\View\View->render('result/index', [], true)
 5 APPPATH\Controllers\ResultController.php(46): view('result/index', [...])
 6 SYSTEMPATH\CodeIgniter.php(933): App\Controllers\ResultController->index()
 7 SYSTEMPATH\CodeIgniter.php(507): CodeIgniter\CodeIgniter->runController(Object(App\Controllers\ResultController))
 8 SYSTEMPATH\CodeIgniter.php(354): CodeIgniter\CodeIgniter->handleRequest(null, Object(Config\Cache), false)
 9 SYSTEMPATH\Boot.php(363): CodeIgniter\CodeIgniter->run()
10 SYSTEMPATH\Boot.php(68): CodeIgniter\Boot::runCodeIgniter(Object(CodeIgniter\CodeIgniter))
11 FCPATH\index.php(59): CodeIgniter\Boot::bootWeb(Object(Config\Paths))
DEBUG - 2025-10-03 05:56:04 --> Session: Class initialized using 'CodeIgniter\Session\Handlers\FileHandler' driver.
CRITICAL - 2025-10-03 05:56:04 --> CodeIgniter\Exceptions\BadMethodCallException: Call to undefined method App\Models\Course::result
[Method: GET, Route: result]
in SYSTEMPATH\Model.php on line 927.
 1 APPPATH\Views\result\index.php(45): CodeIgniter\Model->__call('result', [...])
 2 SYSTEMPATH\View\View.php(226): include('C:\\xampp\\htdocs\\muzani\\app\\Views\\result\\index.php')
 3 SYSTEMPATH\View\View.php(229): CodeIgniter\View\View->CodeIgniter\View\{closure}()
 4 SYSTEMPATH\Common.php(1167): CodeIgniter\View\View->render('result/index', [], true)
 5 APPPATH\Controllers\ResultController.php(46): view('result/index', [...])
 6 SYSTEMPATH\CodeIgniter.php(933): App\Controllers\ResultController->index()
 7 SYSTEMPATH\CodeIgniter.php(507): CodeIgniter\CodeIgniter->runController(Object(App\Controllers\ResultController))
 8 SYSTEMPATH\CodeIgniter.php(354): CodeIgniter\CodeIgniter->handleRequest(null, Object(Config\Cache), false)
 9 SYSTEMPATH\Boot.php(363): CodeIgniter\CodeIgniter->run()
10 SYSTEMPATH\Boot.php(68): CodeIgniter\Boot::runCodeIgniter(Object(CodeIgniter\CodeIgniter))
11 FCPATH\index.php(59): CodeIgniter\Boot::bootWeb(Object(Config\Paths))
DEBUG - 2025-10-03 05:56:24 --> Session: Class initialized using 'CodeIgniter\Session\Handlers\FileHandler' driver.
ERROR - 2025-10-03 05:56:24 --> mysqli_sql_exception: Unknown column 'class_id' in 'field list' in C:\xampp\htdocs\muzani\system\Database\MySQLi\Connection.php:327
Stack trace:
#0 C:\xampp\htdocs\muzani\system\Database\MySQLi\Connection.php(327): mysqli->query('SELECT DISTINCT...', 0)
#1 C:\xampp\htdocs\muzani\system\Database\BaseConnection.php(729): CodeIgniter\Database\MySQLi\Connection->execute('SELECT DISTINCT...')
#2 C:\xampp\htdocs\muzani\system\Database\BaseConnection.php(646): CodeIgniter\Database\BaseConnection->simpleQuery('SELECT DISTINCT...')
#3 C:\xampp\htdocs\muzani\system\Database\BaseBuilder.php(1649): CodeIgniter\Database\BaseConnection->query('SELECT DISTINCT...', Array, false)
#4 C:\xampp\htdocs\muzani\system\Model.php(286): CodeIgniter\Database\BaseBuilder->get()
#5 C:\xampp\htdocs\muzani\system\BaseModel.php(677): CodeIgniter\Model->doFindAll(0, 0)
#6 C:\xampp\htdocs\muzani\app\Models\Course.php(106): CodeIgniter\BaseModel->findAll()
#7 C:\xampp\htdocs\muzani\app\Views\result\index.php(45): App\Models\Course->result('3')
#8 C:\xampp\htdocs\muzani\system\View\View.php(226): include('C:\\xampp\\htdocs...')
#9 C:\xampp\htdocs\muzani\system\View\View.php(229): CodeIgniter\View\View->CodeIgniter\View\{closure}()
#10 C:\xampp\htdocs\muzani\system\Common.php(1167): CodeIgniter\View\View->render('result/index', Array, true)
#11 C:\xampp\htdocs\muzani\app\Controllers\ResultController.php(46): view('result/index', Array)
#12 C:\xampp\htdocs\muzani\system\CodeIgniter.php(933): App\Controllers\ResultController->index()
#13 C:\xampp\htdocs\muzani\system\CodeIgniter.php(507): CodeIgniter\CodeIgniter->runController(Object(App\Controllers\ResultController))
#14 C:\xampp\htdocs\muzani\system\CodeIgniter.php(354): CodeIgniter\CodeIgniter->handleRequest(NULL, Object(Config\Cache), false)
#15 C:\xampp\htdocs\muzani\system\Boot.php(363): CodeIgniter\CodeIgniter->run()
#16 C:\xampp\htdocs\muzani\system\Boot.php(68): CodeIgniter\Boot::runCodeIgniter(Object(CodeIgniter\CodeIgniter))
#17 C:\xampp\htdocs\muzani\index.php(59): CodeIgniter\Boot::bootWeb(Object(Config\Paths))
#18 {main}
CRITICAL - 2025-10-03 05:56:24 --> CodeIgniter\Database\Exceptions\DatabaseException: Unknown column 'class_id' in 'field list'
[Method: GET, Route: result]
in SYSTEMPATH\Database\BaseConnection.php on line 684.
 1 SYSTEMPATH\Database\BaseBuilder.php(1649): CodeIgniter\Database\BaseConnection->query('SELECT DISTINCT `class_id`
FROM `results`
WHERE `year_id` = :year_id:', [...], false)
 2 SYSTEMPATH\Model.php(286): CodeIgniter\Database\BaseBuilder->get()
 3 SYSTEMPATH\BaseModel.php(677): CodeIgniter\Model->doFindAll(0, 0)
 4 APPPATH\Models\Course.php(106): CodeIgniter\BaseModel->findAll()
 5 APPPATH\Views\result\index.php(45): App\Models\Course->result('3')
 6 SYSTEMPATH\View\View.php(226): include('C:\\xampp\\htdocs\\muzani\\app\\Views\\result\\index.php')
 7 SYSTEMPATH\View\View.php(229): CodeIgniter\View\View->CodeIgniter\View\{closure}()
 8 SYSTEMPATH\Common.php(1167): CodeIgniter\View\View->render('result/index', [], true)
 9 APPPATH\Controllers\ResultController.php(46): view('result/index', [...])
10 SYSTEMPATH\CodeIgniter.php(933): App\Controllers\ResultController->index()
11 SYSTEMPATH\CodeIgniter.php(507): CodeIgniter\CodeIgniter->runController(Object(App\Controllers\ResultController))
12 SYSTEMPATH\CodeIgniter.php(354): CodeIgniter\CodeIgniter->handleRequest(null, Object(Config\Cache), false)
13 SYSTEMPATH\Boot.php(363): CodeIgniter\CodeIgniter->run()
14 SYSTEMPATH\Boot.php(68): CodeIgniter\Boot::runCodeIgniter(Object(CodeIgniter\CodeIgniter))
15 FCPATH\index.php(59): CodeIgniter\Boot::bootWeb(Object(Config\Paths))
CRITICAL - 2025-10-03 05:56:24 --> [Caused by] CodeIgniter\Database\Exceptions\DatabaseException: Unknown column 'class_id' in 'field list'
in SYSTEMPATH\Database\MySQLi\Connection.php on line 332.
 1 SYSTEMPATH\Database\BaseConnection.php(729): CodeIgniter\Database\MySQLi\Connection->execute('SELECT DISTINCT `class_id`
FROM `results`
WHERE `year_id` = \'3\'')
 2 SYSTEMPATH\Database\BaseConnection.php(646): CodeIgniter\Database\BaseConnection->simpleQuery('SELECT DISTINCT `class_id`
FROM `results`
WHERE `year_id` = \'3\'')
 3 SYSTEMPATH\Database\BaseBuilder.php(1649): CodeIgniter\Database\BaseConnection->query('SELECT DISTINCT `class_id`
FROM `results`
WHERE `year_id` = :year_id:', [...], false)
 4 SYSTEMPATH\Model.php(286): CodeIgniter\Database\BaseBuilder->get()
 5 SYSTEMPATH\BaseModel.php(677): CodeIgniter\Model->doFindAll(0, 0)
 6 APPPATH\Models\Course.php(106): CodeIgniter\BaseModel->findAll()
 7 APPPATH\Views\result\index.php(45): App\Models\Course->result('3')
 8 SYSTEMPATH\View\View.php(226): include('C:\\xampp\\htdocs\\muzani\\app\\Views\\result\\index.php')
 9 SYSTEMPATH\View\View.php(229): CodeIgniter\View\View->CodeIgniter\View\{closure}()
10 SYSTEMPATH\Common.php(1167): CodeIgniter\View\View->render('result/index', [], true)
11 APPPATH\Controllers\ResultController.php(46): view('result/index', [...])
12 SYSTEMPATH\CodeIgniter.php(933): App\Controllers\ResultController->index()
13 SYSTEMPATH\CodeIgniter.php(507): CodeIgniter\CodeIgniter->runController(Object(App\Controllers\ResultController))
14 SYSTEMPATH\CodeIgniter.php(354): CodeIgniter\CodeIgniter->handleRequest(null, Object(Config\Cache), false)
15 SYSTEMPATH\Boot.php(363): CodeIgniter\CodeIgniter->run()
16 SYSTEMPATH\Boot.php(68): CodeIgniter\Boot::runCodeIgniter(Object(CodeIgniter\CodeIgniter))
17 FCPATH\index.php(59): CodeIgniter\Boot::bootWeb(Object(Config\Paths))
CRITICAL - 2025-10-03 05:56:24 --> [Caused by] mysqli_sql_exception: Unknown column 'class_id' in 'field list'
in SYSTEMPATH\Database\MySQLi\Connection.php on line 327.
 1 SYSTEMPATH\Database\MySQLi\Connection.php(327): mysqli->query('SELECT DISTINCT `class_id`
FROM `results`
WHERE `year_id` = \'3\'', 0)
 2 SYSTEMPATH\Database\BaseConnection.php(729): CodeIgniter\Database\MySQLi\Connection->execute('SELECT DISTINCT `class_id`
FROM `results`
WHERE `year_id` = \'3\'')
 3 SYSTEMPATH\Database\BaseConnection.php(646): CodeIgniter\Database\BaseConnection->simpleQuery('SELECT DISTINCT `class_id`
FROM `results`
WHERE `year_id` = \'3\'')
 4 SYSTEMPATH\Database\BaseBuilder.php(1649): CodeIgniter\Database\BaseConnection->query('SELECT DISTINCT `class_id`
FROM `results`
WHERE `year_id` = :year_id:', [...], false)
 5 SYSTEMPATH\Model.php(286): CodeIgniter\Database\BaseBuilder->get()
 6 SYSTEMPATH\BaseModel.php(677): CodeIgniter\Model->doFindAll(0, 0)
 7 APPPATH\Models\Course.php(106): CodeIgniter\BaseModel->findAll()
 8 APPPATH\Views\result\index.php(45): App\Models\Course->result('3')
 9 SYSTEMPATH\View\View.php(226): include('C:\\xampp\\htdocs\\muzani\\app\\Views\\result\\index.php')
10 SYSTEMPATH\View\View.php(229): CodeIgniter\View\View->CodeIgniter\View\{closure}()
11 SYSTEMPATH\Common.php(1167): CodeIgniter\View\View->render('result/index', [], true)
12 APPPATH\Controllers\ResultController.php(46): view('result/index', [...])
13 SYSTEMPATH\CodeIgniter.php(933): App\Controllers\ResultController->index()
14 SYSTEMPATH\CodeIgniter.php(507): CodeIgniter\CodeIgniter->runController(Object(App\Controllers\ResultController))
15 SYSTEMPATH\CodeIgniter.php(354): CodeIgniter\CodeIgniter->handleRequest(null, Object(Config\Cache), false)
16 SYSTEMPATH\Boot.php(363): CodeIgniter\CodeIgniter->run()
17 SYSTEMPATH\Boot.php(68): CodeIgniter\Boot::runCodeIgniter(Object(CodeIgniter\CodeIgniter))
18 FCPATH\index.php(59): CodeIgniter\Boot::bootWeb(Object(Config\Paths))
DEBUG - 2025-10-03 05:56:35 --> Session: Class initialized using 'CodeIgniter\Session\Handlers\FileHandler' driver.
CRITICAL - 2025-10-03 05:56:36 --> ErrorException: Undefined array key "class_id"
[Method: GET, Route: result]
in APPPATH\Views\result\index.php on line 47.
 1 APPPATH\Views\result\index.php(47): CodeIgniter\Debug\Exceptions->errorHandler(2, 'Undefined array key "class_id"', 'C:\\xampp\\htdocs\\muzani\\app\\Views\\result\\index.php', 47)
 2 SYSTEMPATH\View\View.php(226): include('C:\\xampp\\htdocs\\muzani\\app\\Views\\result\\index.php')
 3 SYSTEMPATH\View\View.php(229): CodeIgniter\View\View->CodeIgniter\View\{closure}()
 4 SYSTEMPATH\Common.php(1167): CodeIgniter\View\View->render('result/index', [], true)
 5 APPPATH\Controllers\ResultController.php(46): view('result/index', [...])
 6 SYSTEMPATH\CodeIgniter.php(933): App\Controllers\ResultController->index()
 7 SYSTEMPATH\CodeIgniter.php(507): CodeIgniter\CodeIgniter->runController(Object(App\Controllers\ResultController))
 8 SYSTEMPATH\CodeIgniter.php(354): CodeIgniter\CodeIgniter->handleRequest(null, Object(Config\Cache), false)
 9 SYSTEMPATH\Boot.php(363): CodeIgniter\CodeIgniter->run()
10 SYSTEMPATH\Boot.php(68): CodeIgniter\Boot::runCodeIgniter(Object(CodeIgniter\CodeIgniter))
11 FCPATH\index.php(59): CodeIgniter\Boot::bootWeb(Object(Config\Paths))
DEBUG - 2025-10-03 05:56:55 --> Session: Class initialized using 'CodeIgniter\Session\Handlers\FileHandler' driver.
CRITICAL - 2025-10-03 05:56:55 --> CodeIgniter\Exceptions\BadMethodCallException: Call to undefined method App\Models\Course::class
[Method: GET, Route: result]
in SYSTEMPATH\Model.php on line 927.
 1 APPPATH\Views\result\index.php(47): CodeIgniter\Model->__call('class', [...])
 2 SYSTEMPATH\View\View.php(226): include('C:\\xampp\\htdocs\\muzani\\app\\Views\\result\\index.php')
 3 SYSTEMPATH\View\View.php(229): CodeIgniter\View\View->CodeIgniter\View\{closure}()
 4 SYSTEMPATH\Common.php(1167): CodeIgniter\View\View->render('result/index', [], true)
 5 APPPATH\Controllers\ResultController.php(46): view('result/index', [...])
 6 SYSTEMPATH\CodeIgniter.php(933): App\Controllers\ResultController->index()
 7 SYSTEMPATH\CodeIgniter.php(507): CodeIgniter\CodeIgniter->runController(Object(App\Controllers\ResultController))
 8 SYSTEMPATH\CodeIgniter.php(354): CodeIgniter\CodeIgniter->handleRequest(null, Object(Config\Cache), false)
 9 SYSTEMPATH\Boot.php(363): CodeIgniter\CodeIgniter->run()
10 SYSTEMPATH\Boot.php(68): CodeIgniter\Boot::runCodeIgniter(Object(CodeIgniter\CodeIgniter))
11 FCPATH\index.php(59): CodeIgniter\Boot::bootWeb(Object(Config\Paths))
DEBUG - 2025-10-03 05:57:24 --> Session: Class initialized using 'CodeIgniter\Session\Handlers\FileHandler' driver.
CRITICAL - 2025-10-03 05:57:24 --> ErrorException: Undefined array key "name"
[Method: GET, Route: result]
in APPPATH\Views\result\index.php on line 47.
 1 APPPATH\Views\result\index.php(47): CodeIgniter\Debug\Exceptions->errorHandler(2, 'Undefined array key "name"', 'C:\\xampp\\htdocs\\muzani\\app\\Views\\result\\index.php', 47)
 2 SYSTEMPATH\View\View.php(226): include('C:\\xampp\\htdocs\\muzani\\app\\Views\\result\\index.php')
 3 SYSTEMPATH\View\View.php(229): CodeIgniter\View\View->CodeIgniter\View\{closure}()
 4 SYSTEMPATH\Common.php(1167): CodeIgniter\View\View->render('result/index', [], true)
 5 APPPATH\Controllers\ResultController.php(46): view('result/index', [...])
 6 SYSTEMPATH\CodeIgniter.php(933): App\Controllers\ResultController->index()
 7 SYSTEMPATH\CodeIgniter.php(507): CodeIgniter\CodeIgniter->runController(Object(App\Controllers\ResultController))
 8 SYSTEMPATH\CodeIgniter.php(354): CodeIgniter\CodeIgniter->handleRequest(null, Object(Config\Cache), false)
 9 SYSTEMPATH\Boot.php(363): CodeIgniter\CodeIgniter->run()
10 SYSTEMPATH\Boot.php(68): CodeIgniter\Boot::runCodeIgniter(Object(CodeIgniter\CodeIgniter))
11 FCPATH\index.php(59): CodeIgniter\Boot::bootWeb(Object(Config\Paths))
DEBUG - 2025-10-03 05:58:44 --> Session: Class initialized using 'CodeIgniter\Session\Handlers\FileHandler' driver.
DEBUG - 2025-10-03 05:58:56 --> Session: Class initialized using 'CodeIgniter\Session\Handlers\FileHandler' driver.
DEBUG - 2025-10-03 05:59:00 --> Session: Class initialized using 'CodeIgniter\Session\Handlers\FileHandler' driver.
DEBUG - 2025-10-03 05:59:06 --> Session: Class initialized using 'CodeIgniter\Session\Handlers\FileHandler' driver.
CRITICAL - 2025-10-03 05:59:06 --> TypeError: count(): Argument #1 ($value) must be of type Countable|array, null given
[Method: GET, Route: result/final/show/2/3]
in APPPATH\Views\result\show.php on line 70.
 1 SYSTEMPATH\View\View.php(226): include()
 2 SYSTEMPATH\View\View.php(229): CodeIgniter\View\View->CodeIgniter\View\{closure}()
 3 SYSTEMPATH\Common.php(1167): CodeIgniter\View\View->render('result/show', [], true)
 4 APPPATH\Controllers\ResultController.php(329): view('result/show', [...])
 5 SYSTEMPATH\CodeIgniter.php(933): App\Controllers\ResultController->show('final', '2', '3')
 6 SYSTEMPATH\CodeIgniter.php(507): CodeIgniter\CodeIgniter->runController(Object(App\Controllers\ResultController))
 7 SYSTEMPATH\CodeIgniter.php(354): CodeIgniter\CodeIgniter->handleRequest(null, Object(Config\Cache), false)
 8 SYSTEMPATH\Boot.php(363): CodeIgniter\CodeIgniter->run()
 9 SYSTEMPATH\Boot.php(68): CodeIgniter\Boot::runCodeIgniter(Object(CodeIgniter\CodeIgniter))
10 FCPATH\index.php(59): CodeIgniter\Boot::bootWeb(Object(Config\Paths))
CRITICAL - 2025-10-03 05:59:06 --> [Caused by] ErrorException: Undefined variable $results
in APPPATH\Views\result\show.php on line 70.
 1 APPPATH\Views\result\show.php(70): CodeIgniter\Debug\Exceptions->errorHandler(2, 'Undefined variable $results', 'C:\\xampp\\htdocs\\muzani\\app\\Views\\result\\show.php', 70)
 2 SYSTEMPATH\View\View.php(226): include('C:\\xampp\\htdocs\\muzani\\app\\Views\\result\\show.php')
 3 SYSTEMPATH\View\View.php(229): CodeIgniter\View\View->CodeIgniter\View\{closure}()
 4 SYSTEMPATH\Common.php(1167): CodeIgniter\View\View->render('result/show', [], true)
 5 APPPATH\Controllers\ResultController.php(329): view('result/show', [...])
 6 SYSTEMPATH\CodeIgniter.php(933): App\Controllers\ResultController->show('final', '2', '3')
 7 SYSTEMPATH\CodeIgniter.php(507): CodeIgniter\CodeIgniter->runController(Object(App\Controllers\ResultController))
 8 SYSTEMPATH\CodeIgniter.php(354): CodeIgniter\CodeIgniter->handleRequest(null, Object(Config\Cache), false)
 9 SYSTEMPATH\Boot.php(363): CodeIgniter\CodeIgniter->run()
10 SYSTEMPATH\Boot.php(68): CodeIgniter\Boot::runCodeIgniter(Object(CodeIgniter\CodeIgniter))
11 FCPATH\index.php(59): CodeIgniter\Boot::bootWeb(Object(Config\Paths))
DEBUG - 2025-10-03 05:59:11 --> Session: Class initialized using 'CodeIgniter\Session\Handlers\FileHandler' driver.
DEBUG - 2025-10-03 05:59:18 --> Session: Class initialized using 'CodeIgniter\Session\Handlers\FileHandler' driver.
DEBUG - 2025-10-03 05:59:49 --> Session: Class initialized using 'CodeIgniter\Session\Handlers\FileHandler' driver.
DEBUG - 2025-10-03 06:00:17 --> Session: Class initialized using 'CodeIgniter\Session\Handlers\FileHandler' driver.
DEBUG - 2025-10-03 06:00:22 --> Session: Class initialized using 'CodeIgniter\Session\Handlers\FileHandler' driver.
DEBUG - 2025-10-03 06:03:17 --> Session: Class initialized using 'CodeIgniter\Session\Handlers\FileHandler' driver.
DEBUG - 2025-10-03 06:05:06 --> Session: Class initialized using 'CodeIgniter\Session\Handlers\FileHandler' driver.
DEBUG - 2025-10-03 06:05:36 --> Session: Class initialized using 'CodeIgniter\Session\Handlers\FileHandler' driver.
DEBUG - 2025-10-03 06:06:02 --> Session: Class initialized using 'CodeIgniter\Session\Handlers\FileHandler' driver.
DEBUG - 2025-10-03 06:06:17 --> Session: Class initialized using 'CodeIgniter\Session\Handlers\FileHandler' driver.
DEBUG - 2025-10-03 06:06:21 --> Session: Class initialized using 'CodeIgniter\Session\Handlers\FileHandler' driver.
DEBUG - 2025-10-03 06:06:37 --> Session: Class initialized using 'CodeIgniter\Session\Handlers\FileHandler' driver.
CRITICAL - 2025-10-03 06:06:37 --> TypeError: count(): Argument #1 ($value) must be of type Countable|array, null given
[Method: GET, Route: result/course/show/3/3]
in APPPATH\Views\result\show.php on line 70.
 1 SYSTEMPATH\View\View.php(226): include()
 2 SYSTEMPATH\View\View.php(229): CodeIgniter\View\View->CodeIgniter\View\{closure}()
 3 SYSTEMPATH\Common.php(1167): CodeIgniter\View\View->render('result/show', [], true)
 4 APPPATH\Controllers\ResultController.php(329): view('result/show', [...])
 5 SYSTEMPATH\CodeIgniter.php(933): App\Controllers\ResultController->show('course', '3', '3')
 6 SYSTEMPATH\CodeIgniter.php(507): CodeIgniter\CodeIgniter->runController(Object(App\Controllers\ResultController))
 7 SYSTEMPATH\CodeIgniter.php(354): CodeIgniter\CodeIgniter->handleRequest(null, Object(Config\Cache), false)
 8 SYSTEMPATH\Boot.php(363): CodeIgniter\CodeIgniter->run()
 9 SYSTEMPATH\Boot.php(68): CodeIgniter\Boot::runCodeIgniter(Object(CodeIgniter\CodeIgniter))
10 FCPATH\index.php(59): CodeIgniter\Boot::bootWeb(Object(Config\Paths))
CRITICAL - 2025-10-03 06:06:37 --> [Caused by] ErrorException: Undefined variable $results
in APPPATH\Views\result\show.php on line 70.
 1 APPPATH\Views\result\show.php(70): CodeIgniter\Debug\Exceptions->errorHandler(2, 'Undefined variable $results', 'C:\\xampp\\htdocs\\muzani\\app\\Views\\result\\show.php', 70)
 2 SYSTEMPATH\View\View.php(226): include('C:\\xampp\\htdocs\\muzani\\app\\Views\\result\\show.php')
 3 SYSTEMPATH\View\View.php(229): CodeIgniter\View\View->CodeIgniter\View\{closure}()
 4 SYSTEMPATH\Common.php(1167): CodeIgniter\View\View->render('result/show', [], true)
 5 APPPATH\Controllers\ResultController.php(329): view('result/show', [...])
 6 SYSTEMPATH\CodeIgniter.php(933): App\Controllers\ResultController->show('course', '3', '3')
 7 SYSTEMPATH\CodeIgniter.php(507): CodeIgniter\CodeIgniter->runController(Object(App\Controllers\ResultController))
 8 SYSTEMPATH\CodeIgniter.php(354): CodeIgniter\CodeIgniter->handleRequest(null, Object(Config\Cache), false)
 9 SYSTEMPATH\Boot.php(363): CodeIgniter\CodeIgniter->run()
10 SYSTEMPATH\Boot.php(68): CodeIgniter\Boot::runCodeIgniter(Object(CodeIgniter\CodeIgniter))
11 FCPATH\index.php(59): CodeIgniter\Boot::bootWeb(Object(Config\Paths))
DEBUG - 2025-10-03 06:08:11 --> Session: Class initialized using 'CodeIgniter\Session\Handlers\FileHandler' driver.
CRITICAL - 2025-10-03 06:08:12 --> ErrorException: Undefined variable $dt
[Method: GET, Route: result]
in APPPATH\Views\result\index.php on line 49.
 1 APPPATH\Views\result\index.php(49): CodeIgniter\Debug\Exceptions->errorHandler(2, 'Undefined variable $dt', 'C:\\xampp\\htdocs\\muzani\\app\\Views\\result\\index.php', 49)
 2 SYSTEMPATH\View\View.php(226): include('C:\\xampp\\htdocs\\muzani\\app\\Views\\result\\index.php')
 3 SYSTEMPATH\View\View.php(229): CodeIgniter\View\View->CodeIgniter\View\{closure}()
 4 SYSTEMPATH\Common.php(1167): CodeIgniter\View\View->render('result/index', [], true)
 5 APPPATH\Controllers\ResultController.php(46): view('result/index', [...])
 6 SYSTEMPATH\CodeIgniter.php(933): App\Controllers\ResultController->index()
 7 SYSTEMPATH\CodeIgniter.php(507): CodeIgniter\CodeIgniter->runController(Object(App\Controllers\ResultController))
 8 SYSTEMPATH\CodeIgniter.php(354): CodeIgniter\CodeIgniter->handleRequest(null, Object(Config\Cache), false)
 9 SYSTEMPATH\Boot.php(363): CodeIgniter\CodeIgniter->run()
10 SYSTEMPATH\Boot.php(68): CodeIgniter\Boot::runCodeIgniter(Object(CodeIgniter\CodeIgniter))
11 FCPATH\index.php(59): CodeIgniter\Boot::bootWeb(Object(Config\Paths))
DEBUG - 2025-10-03 06:08:53 --> Session: Class initialized using 'CodeIgniter\Session\Handlers\FileHandler' driver.
DEBUG - 2025-10-03 06:09:23 --> Session: Class initialized using 'CodeIgniter\Session\Handlers\FileHandler' driver.
DEBUG - 2025-10-03 06:09:35 --> Session: Class initialized using 'CodeIgniter\Session\Handlers\FileHandler' driver.
DEBUG - 2025-10-03 06:09:52 --> Session: Class initialized using 'CodeIgniter\Session\Handlers\FileHandler' driver.
DEBUG - 2025-10-03 06:11:05 --> Session: Class initialized using 'CodeIgniter\Session\Handlers\FileHandler' driver.
DEBUG - 2025-10-03 06:11:50 --> Session: Class initialized using 'CodeIgniter\Session\Handlers\FileHandler' driver.
CRITICAL - 2025-10-03 06:11:50 --> TypeError: CodeIgniter\Database\BaseBuilder::select(): Argument #2 ($escape) must be of type ?bool, string given, called in C:\xampp\htdocs\muzani\system\Model.php on line 925
[Method: GET, Route: result]
in SYSTEMPATH\Database\BaseBuilder.php on line 403.
 1 SYSTEMPATH\Model.php(925): CodeIgniter\Database\BaseBuilder->select('year_id', 'course_id')
 2 APPPATH\Controllers\ResultController.php(29): CodeIgniter\Model->__call('select', [...])
 3 SYSTEMPATH\CodeIgniter.php(933): App\Controllers\ResultController->index()
 4 SYSTEMPATH\CodeIgniter.php(507): CodeIgniter\CodeIgniter->runController(Object(App\Controllers\ResultController))
 5 SYSTEMPATH\CodeIgniter.php(354): CodeIgniter\CodeIgniter->handleRequest(null, Object(Config\Cache), false)
 6 SYSTEMPATH\Boot.php(363): CodeIgniter\CodeIgniter->run()
 7 SYSTEMPATH\Boot.php(68): CodeIgniter\Boot::runCodeIgniter(Object(CodeIgniter\CodeIgniter))
 8 FCPATH\index.php(59): CodeIgniter\Boot::bootWeb(Object(Config\Paths))
DEBUG - 2025-10-03 06:14:12 --> Session: Class initialized using 'CodeIgniter\Session\Handlers\FileHandler' driver.
DEBUG - 2025-10-03 06:16:06 --> Session: Class initialized using 'CodeIgniter\Session\Handlers\FileHandler' driver.
DEBUG - 2025-10-03 06:16:18 --> Session: Class initialized using 'CodeIgniter\Session\Handlers\FileHandler' driver.
DEBUG - 2025-10-03 06:16:21 --> Session: Class initialized using 'CodeIgniter\Session\Handlers\FileHandler' driver.
DEBUG - 2025-10-03 06:16:50 --> Session: Class initialized using 'CodeIgniter\Session\Handlers\FileHandler' driver.
CRITICAL - 2025-10-03 06:16:50 --> ErrorException: Array to string conversion
[Method: GET, Route: result]
in APPPATH\Views\result\index.php on line 47.
 1 APPPATH\Views\result\index.php(47): CodeIgniter\Debug\Exceptions->errorHandler(2, 'Array to string conversion', 'C:\\xampp\\htdocs\\muzani\\app\\Views\\result\\index.php', 47)
 2 SYSTEMPATH\View\View.php(226): include('C:\\xampp\\htdocs\\muzani\\app\\Views\\result\\index.php')
 3 SYSTEMPATH\View\View.php(229): CodeIgniter\View\View->CodeIgniter\View\{closure}()
 4 SYSTEMPATH\Common.php(1167): CodeIgniter\View\View->render('result/index', [], true)
 5 APPPATH\Controllers\ResultController.php(46): view('result/index', [...])
 6 SYSTEMPATH\CodeIgniter.php(933): App\Controllers\ResultController->index()
 7 SYSTEMPATH\CodeIgniter.php(507): CodeIgniter\CodeIgniter->runController(Object(App\Controllers\ResultController))
 8 SYSTEMPATH\CodeIgniter.php(354): CodeIgniter\CodeIgniter->handleRequest(null, Object(Config\Cache), false)
 9 SYSTEMPATH\Boot.php(363): CodeIgniter\CodeIgniter->run()
10 SYSTEMPATH\Boot.php(68): CodeIgniter\Boot::runCodeIgniter(Object(CodeIgniter\CodeIgniter))
11 FCPATH\index.php(59): CodeIgniter\Boot::bootWeb(Object(Config\Paths))
DEBUG - 2025-10-03 06:17:05 --> Session: Class initialized using 'CodeIgniter\Session\Handlers\FileHandler' driver.
DEBUG - 2025-10-03 06:17:05 --> Session: Class initialized using 'CodeIgniter\Session\Handlers\FileHandler' driver.
DEBUG - 2025-10-03 06:17:36 --> Session: Class initialized using 'CodeIgniter\Session\Handlers\FileHandler' driver.
DEBUG - 2025-10-03 06:17:52 --> Session: Class initialized using 'CodeIgniter\Session\Handlers\FileHandler' driver.
DEBUG - 2025-10-03 06:18:26 --> Session: Class initialized using 'CodeIgniter\Session\Handlers\FileHandler' driver.
DEBUG - 2025-10-03 06:18:42 --> Session: Class initialized using 'CodeIgniter\Session\Handlers\FileHandler' driver.
DEBUG - 2025-10-03 06:22:04 --> Session: Class initialized using 'CodeIgniter\Session\Handlers\FileHandler' driver.
DEBUG - 2025-10-03 06:22:30 --> Session: Class initialized using 'CodeIgniter\Session\Handlers\FileHandler' driver.
DEBUG - 2025-10-03 06:23:56 --> Session: Class initialized using 'CodeIgniter\Session\Handlers\FileHandler' driver.
DEBUG - 2025-10-03 06:24:11 --> Session: Class initialized using 'CodeIgniter\Session\Handlers\FileHandler' driver.
DEBUG - 2025-10-03 06:24:25 --> Session: Class initialized using 'CodeIgniter\Session\Handlers\FileHandler' driver.
DEBUG - 2025-10-03 06:24:29 --> Session: Class initialized using 'CodeIgniter\Session\Handlers\FileHandler' driver.
DEBUG - 2025-10-03 06:24:58 --> Session: Class initialized using 'CodeIgniter\Session\Handlers\FileHandler' driver.
DEBUG - 2025-10-03 06:25:54 --> Session: Class initialized using 'CodeIgniter\Session\Handlers\FileHandler' driver.
DEBUG - 2025-10-03 06:25:55 --> Session: Class initialized using 'CodeIgniter\Session\Handlers\FileHandler' driver.
DEBUG - 2025-10-03 06:27:21 --> Session: Class initialized using 'CodeIgniter\Session\Handlers\FileHandler' driver.
DEBUG - 2025-10-03 06:27:21 --> Session: Class initialized using 'CodeIgniter\Session\Handlers\FileHandler' driver.
DEBUG - 2025-10-03 06:27:31 --> Session: Class initialized using 'CodeIgniter\Session\Handlers\FileHandler' driver.
DEBUG - 2025-10-03 06:27:37 --> Session: Class initialized using 'CodeIgniter\Session\Handlers\FileHandler' driver.
DEBUG - 2025-10-03 06:27:38 --> Session: Class initialized using 'CodeIgniter\Session\Handlers\FileHandler' driver.
DEBUG - 2025-10-03 06:27:39 --> Session: Class initialized using 'CodeIgniter\Session\Handlers\FileHandler' driver.
DEBUG - 2025-10-03 06:27:43 --> Session: Class initialized using 'CodeIgniter\Session\Handlers\FileHandler' driver.
DEBUG - 2025-10-03 06:29:47 --> Session: Class initialized using 'CodeIgniter\Session\Handlers\FileHandler' driver.
DEBUG - 2025-10-03 06:29:47 --> Session: Class initialized using 'CodeIgniter\Session\Handlers\FileHandler' driver.
DEBUG - 2025-10-03 06:30:00 --> Session: Class initialized using 'CodeIgniter\Session\Handlers\FileHandler' driver.
DEBUG - 2025-10-03 06:30:01 --> Session: Class initialized using 'CodeIgniter\Session\Handlers\FileHandler' driver.
DEBUG - 2025-10-03 06:30:13 --> Session: Class initialized using 'CodeIgniter\Session\Handlers\FileHandler' driver.
DEBUG - 2025-10-03 06:30:52 --> Session: Class initialized using 'CodeIgniter\Session\Handlers\FileHandler' driver.
DEBUG - 2025-10-03 06:31:16 --> Session: Class initialized using 'CodeIgniter\Session\Handlers\FileHandler' driver.
DEBUG - 2025-10-03 06:32:05 --> Session: Class initialized using 'CodeIgniter\Session\Handlers\FileHandler' driver.
DEBUG - 2025-10-03 06:32:16 --> Session: Class initialized using 'CodeIgniter\Session\Handlers\FileHandler' driver.
DEBUG - 2025-10-03 06:32:40 --> Session: Class initialized using 'CodeIgniter\Session\Handlers\FileHandler' driver.
DEBUG - 2025-10-03 06:33:21 --> Session: Class initialized using 'CodeIgniter\Session\Handlers\FileHandler' driver.
DEBUG - 2025-10-03 06:33:26 --> Session: Class initialized using 'CodeIgniter\Session\Handlers\FileHandler' driver.
DEBUG - 2025-10-03 06:34:50 --> Session: Class initialized using 'CodeIgniter\Session\Handlers\FileHandler' driver.
DEBUG - 2025-10-03 06:34:50 --> Session: Class initialized using 'CodeIgniter\Session\Handlers\FileHandler' driver.
DEBUG - 2025-10-03 06:34:56 --> Session: Class initialized using 'CodeIgniter\Session\Handlers\FileHandler' driver.
DEBUG - 2025-10-03 06:34:57 --> Session: Class initialized using 'CodeIgniter\Session\Handlers\FileHandler' driver.
DEBUG - 2025-10-03 06:35:01 --> Session: Class initialized using 'CodeIgniter\Session\Handlers\FileHandler' driver.
DEBUG - 2025-10-03 06:35:51 --> Session: Class initialized using 'CodeIgniter\Session\Handlers\FileHandler' driver.
DEBUG - 2025-10-03 06:35:52 --> Session: Class initialized using 'CodeIgniter\Session\Handlers\FileHandler' driver.
DEBUG - 2025-10-03 06:38:10 --> Session: Class initialized using 'CodeIgniter\Session\Handlers\FileHandler' driver.
DEBUG - 2025-10-03 06:38:10 --> Session: Class initialized using 'CodeIgniter\Session\Handlers\FileHandler' driver.
DEBUG - 2025-10-03 06:38:17 --> Session: Class initialized using 'CodeIgniter\Session\Handlers\FileHandler' driver.
DEBUG - 2025-10-03 06:38:18 --> Session: Class initialized using 'CodeIgniter\Session\Handlers\FileHandler' driver.
DEBUG - 2025-10-03 06:38:22 --> Session: Class initialized using 'CodeIgniter\Session\Handlers\FileHandler' driver.
DEBUG - 2025-10-03 06:39:05 --> Session: Class initialized using 'CodeIgniter\Session\Handlers\FileHandler' driver.
DEBUG - 2025-10-03 06:39:06 --> Session: Class initialized using 'CodeIgniter\Session\Handlers\FileHandler' driver.
DEBUG - 2025-10-03 06:39:12 --> Session: Class initialized using 'CodeIgniter\Session\Handlers\FileHandler' driver.
DEBUG - 2025-10-03 06:39:13 --> Session: Class initialized using 'CodeIgniter\Session\Handlers\FileHandler' driver.
DEBUG - 2025-10-03 06:39:18 --> Session: Class initialized using 'CodeIgniter\Session\Handlers\FileHandler' driver.
DEBUG - 2025-10-03 06:39:42 --> Session: Class initialized using 'CodeIgniter\Session\Handlers\FileHandler' driver.
DEBUG - 2025-10-03 06:39:43 --> Session: Class initialized using 'CodeIgniter\Session\Handlers\FileHandler' driver.
DEBUG - 2025-10-03 06:39:48 --> Session: Class initialized using 'CodeIgniter\Session\Handlers\FileHandler' driver.
DEBUG - 2025-10-03 06:39:49 --> Session: Class initialized using 'CodeIgniter\Session\Handlers\FileHandler' driver.
DEBUG - 2025-10-03 06:39:52 --> Session: Class initialized using 'CodeIgniter\Session\Handlers\FileHandler' driver.
DEBUG - 2025-10-03 06:39:55 --> Session: Class initialized using 'CodeIgniter\Session\Handlers\FileHandler' driver.
DEBUG - 2025-10-03 06:39:56 --> Session: Class initialized using 'CodeIgniter\Session\Handlers\FileHandler' driver.
DEBUG - 2025-10-03 06:40:04 --> Session: Class initialized using 'CodeIgniter\Session\Handlers\FileHandler' driver.
DEBUG - 2025-10-03 06:40:07 --> Session: Class initialized using 'CodeIgniter\Session\Handlers\FileHandler' driver.
DEBUG - 2025-10-03 06:40:28 --> Session: Class initialized using 'CodeIgniter\Session\Handlers\FileHandler' driver.
DEBUG - 2025-10-03 06:40:28 --> Session: Class initialized using 'CodeIgniter\Session\Handlers\FileHandler' driver.
DEBUG - 2025-10-03 06:42:31 --> Session: Class initialized using 'CodeIgniter\Session\Handlers\FileHandler' driver.
DEBUG - 2025-10-03 06:42:32 --> Session: Class initialized using 'CodeIgniter\Session\Handlers\FileHandler' driver.
DEBUG - 2025-10-03 06:42:36 --> Session: Class initialized using 'CodeIgniter\Session\Handlers\FileHandler' driver.
DEBUG - 2025-10-03 06:42:37 --> Session: Class initialized using 'CodeIgniter\Session\Handlers\FileHandler' driver.
DEBUG - 2025-10-03 06:42:40 --> Session: Class initialized using 'CodeIgniter\Session\Handlers\FileHandler' driver.
DEBUG - 2025-10-03 06:43:04 --> Session: Class initialized using 'CodeIgniter\Session\Handlers\FileHandler' driver.
DEBUG - 2025-10-03 06:43:05 --> Session: Class initialized using 'CodeIgniter\Session\Handlers\FileHandler' driver.
DEBUG - 2025-10-03 06:43:10 --> Session: Class initialized using 'CodeIgniter\Session\Handlers\FileHandler' driver.
DEBUG - 2025-10-03 06:43:10 --> Session: Class initialized using 'CodeIgniter\Session\Handlers\FileHandler' driver.
DEBUG - 2025-10-03 06:43:13 --> Session: Class initialized using 'CodeIgniter\Session\Handlers\FileHandler' driver.
DEBUG - 2025-10-03 06:43:42 --> Session: Class initialized using 'CodeIgniter\Session\Handlers\FileHandler' driver.
DEBUG - 2025-10-03 06:43:42 --> Session: Class initialized using 'CodeIgniter\Session\Handlers\FileHandler' driver.
DEBUG - 2025-10-03 06:43:48 --> Session: Class initialized using 'CodeIgniter\Session\Handlers\FileHandler' driver.
DEBUG - 2025-10-03 06:43:48 --> Session: Class initialized using 'CodeIgniter\Session\Handlers\FileHandler' driver.
DEBUG - 2025-10-03 06:44:01 --> Session: Class initialized using 'CodeIgniter\Session\Handlers\FileHandler' driver.
DEBUG - 2025-10-03 06:44:20 --> Session: Class initialized using 'CodeIgniter\Session\Handlers\FileHandler' driver.
DEBUG - 2025-10-03 06:44:21 --> Session: Class initialized using 'CodeIgniter\Session\Handlers\FileHandler' driver.
DEBUG - 2025-10-03 06:44:26 --> Session: Class initialized using 'CodeIgniter\Session\Handlers\FileHandler' driver.
DEBUG - 2025-10-03 06:44:26 --> Session: Class initialized using 'CodeIgniter\Session\Handlers\FileHandler' driver.
DEBUG - 2025-10-03 06:44:30 --> Session: Class initialized using 'CodeIgniter\Session\Handlers\FileHandler' driver.
DEBUG - 2025-10-03 06:45:14 --> Session: Class initialized using 'CodeIgniter\Session\Handlers\FileHandler' driver.
DEBUG - 2025-10-03 06:45:14 --> Session: Class initialized using 'CodeIgniter\Session\Handlers\FileHandler' driver.
DEBUG - 2025-10-03 06:45:21 --> Session: Class initialized using 'CodeIgniter\Session\Handlers\FileHandler' driver.
DEBUG - 2025-10-03 06:45:21 --> Session: Class initialized using 'CodeIgniter\Session\Handlers\FileHandler' driver.
DEBUG - 2025-10-03 06:45:24 --> Session: Class initialized using 'CodeIgniter\Session\Handlers\FileHandler' driver.
DEBUG - 2025-10-03 06:45:25 --> Session: Class initialized using 'CodeIgniter\Session\Handlers\FileHandler' driver.
DEBUG - 2025-10-03 06:45:25 --> Session: Class initialized using 'CodeIgniter\Session\Handlers\FileHandler' driver.
DEBUG - 2025-10-03 06:45:31 --> Session: Class initialized using 'CodeIgniter\Session\Handlers\FileHandler' driver.
DEBUG - 2025-10-03 06:45:31 --> Session: Class initialized using 'CodeIgniter\Session\Handlers\FileHandler' driver.
DEBUG - 2025-10-03 06:45:33 --> Session: Class initialized using 'CodeIgniter\Session\Handlers\FileHandler' driver.
DEBUG - 2025-10-03 06:45:40 --> Session: Class initialized using 'CodeIgniter\Session\Handlers\FileHandler' driver.
DEBUG - 2025-10-03 06:45:45 --> Session: Class initialized using 'CodeIgniter\Session\Handlers\FileHandler' driver.
DEBUG - 2025-10-03 06:47:13 --> Session: Class initialized using 'CodeIgniter\Session\Handlers\FileHandler' driver.
DEBUG - 2025-10-03 06:47:17 --> Session: Class initialized using 'CodeIgniter\Session\Handlers\FileHandler' driver.
DEBUG - 2025-10-03 06:47:22 --> Session: Class initialized using 'CodeIgniter\Session\Handlers\FileHandler' driver.
DEBUG - 2025-10-03 06:51:02 --> Session: Class initialized using 'CodeIgniter\Session\Handlers\FileHandler' driver.
DEBUG - 2025-10-03 06:51:02 --> Session: Class initialized using 'CodeIgniter\Session\Handlers\FileHandler' driver.
DEBUG - 2025-10-03 06:51:08 --> Session: Class initialized using 'CodeIgniter\Session\Handlers\FileHandler' driver.
DEBUG - 2025-10-03 06:51:09 --> Session: Class initialized using 'CodeIgniter\Session\Handlers\FileHandler' driver.
DEBUG - 2025-10-03 06:51:12 --> Session: Class initialized using 'CodeIgniter\Session\Handlers\FileHandler' driver.
DEBUG - 2025-10-03 06:51:18 --> Session: Class initialized using 'CodeIgniter\Session\Handlers\FileHandler' driver.
DEBUG - 2025-10-03 06:51:24 --> Session: Class initialized using 'CodeIgniter\Session\Handlers\FileHandler' driver.
DEBUG - 2025-10-03 06:51:24 --> Session: Class initialized using 'CodeIgniter\Session\Handlers\FileHandler' driver.
DEBUG - 2025-10-03 06:51:27 --> Session: Class initialized using 'CodeIgniter\Session\Handlers\FileHandler' driver.
DEBUG - 2025-10-03 06:51:33 --> Session: Class initialized using 'CodeIgniter\Session\Handlers\FileHandler' driver.
DEBUG - 2025-10-03 06:51:33 --> Session: Class initialized using 'CodeIgniter\Session\Handlers\FileHandler' driver.
DEBUG - 2025-10-03 06:51:35 --> Session: Class initialized using 'CodeIgniter\Session\Handlers\FileHandler' driver.
DEBUG - 2025-10-03 06:51:50 --> Session: Class initialized using 'CodeIgniter\Session\Handlers\FileHandler' driver.
DEBUG - 2025-10-03 06:52:47 --> Session: Class initialized using 'CodeIgniter\Session\Handlers\FileHandler' driver.
DEBUG - 2025-10-03 06:52:51 --> Session: Class initialized using 'CodeIgniter\Session\Handlers\FileHandler' driver.
DEBUG - 2025-10-03 06:53:49 --> Session: Class initialized using 'CodeIgniter\Session\Handlers\FileHandler' driver.
DEBUG - 2025-10-03 06:53:49 --> Session: Class initialized using 'CodeIgniter\Session\Handlers\FileHandler' driver.
DEBUG - 2025-10-03 06:53:58 --> Session: Class initialized using 'CodeIgniter\Session\Handlers\FileHandler' driver.
DEBUG - 2025-10-03 06:53:59 --> Session: Class initialized using 'CodeIgniter\Session\Handlers\FileHandler' driver.
DEBUG - 2025-10-03 06:58:31 --> Session: Class initialized using 'CodeIgniter\Session\Handlers\FileHandler' driver.
DEBUG - 2025-10-03 06:58:40 --> Session: Class initialized using 'CodeIgniter\Session\Handlers\FileHandler' driver.
DEBUG - 2025-10-03 06:58:44 --> Session: Class initialized using 'CodeIgniter\Session\Handlers\FileHandler' driver.
DEBUG - 2025-10-03 06:58:44 --> Session: Class initialized using 'CodeIgniter\Session\Handlers\FileHandler' driver.
DEBUG - 2025-10-03 06:58:46 --> Session: Class initialized using 'CodeIgniter\Session\Handlers\FileHandler' driver.
DEBUG - 2025-10-03 06:58:49 --> Session: Class initialized using 'CodeIgniter\Session\Handlers\FileHandler' driver.
DEBUG - 2025-10-03 06:58:56 --> Session: Class initialized using 'CodeIgniter\Session\Handlers\FileHandler' driver.
DEBUG - 2025-10-03 06:59:04 --> Session: Class initialized using 'CodeIgniter\Session\Handlers\FileHandler' driver.
DEBUG - 2025-10-03 06:59:05 --> Session: Class initialized using 'CodeIgniter\Session\Handlers\FileHandler' driver.
DEBUG - 2025-10-03 06:59:10 --> Session: Class initialized using 'CodeIgniter\Session\Handlers\FileHandler' driver.
DEBUG - 2025-10-03 06:59:13 --> Session: Class initialized using 'CodeIgniter\Session\Handlers\FileHandler' driver.
DEBUG - 2025-10-03 06:59:14 --> Session: Class initialized using 'CodeIgniter\Session\Handlers\FileHandler' driver.
DEBUG - 2025-10-03 06:59:16 --> Session: Class initialized using 'CodeIgniter\Session\Handlers\FileHandler' driver.
DEBUG - 2025-10-03 06:59:17 --> Session: Class initialized using 'CodeIgniter\Session\Handlers\FileHandler' driver.
DEBUG - 2025-10-03 06:59:19 --> Session: Class initialized using 'CodeIgniter\Session\Handlers\FileHandler' driver.
DEBUG - 2025-10-03 06:59:22 --> Session: Class initialized using 'CodeIgniter\Session\Handlers\FileHandler' driver.
DEBUG - 2025-10-03 07:00:23 --> Session: Class initialized using 'CodeIgniter\Session\Handlers\FileHandler' driver.
DEBUG - 2025-10-03 07:00:41 --> Session: Class initialized using 'CodeIgniter\Session\Handlers\FileHandler' driver.
DEBUG - 2025-10-03 07:01:53 --> Session: Class initialized using 'CodeIgniter\Session\Handlers\FileHandler' driver.
DEBUG - 2025-10-03 07:02:51 --> Session: Class initialized using 'CodeIgniter\Session\Handlers\FileHandler' driver.
DEBUG - 2025-10-03 07:02:51 --> Session: Class initialized using 'CodeIgniter\Session\Handlers\FileHandler' driver.
DEBUG - 2025-10-03 07:03:26 --> Session: Class initialized using 'CodeIgniter\Session\Handlers\FileHandler' driver.
DEBUG - 2025-10-03 07:03:38 --> Session: Class initialized using 'CodeIgniter\Session\Handlers\FileHandler' driver.
DEBUG - 2025-10-03 07:04:46 --> Session: Class initialized using 'CodeIgniter\Session\Handlers\FileHandler' driver.
CRITICAL - 2025-10-03 07:04:46 --> ErrorException: Array to string conversion
[Method: GET, Route: result/final/done/27]
in APPPATH\Controllers\ResultController.php on line 209.
 1 APPPATH\Controllers\ResultController.php(209): CodeIgniter\Debug\Exceptions->errorHandler(2, 'Array to string conversion', 'C:\\xampp\\htdocs\\muzani\\app\\Controllers\\ResultController.php', 209)
 2 SYSTEMPATH\CodeIgniter.php(933): App\Controllers\ResultController->done('final', '27')
 3 SYSTEMPATH\CodeIgniter.php(507): CodeIgniter\CodeIgniter->runController(Object(App\Controllers\ResultController))
 4 SYSTEMPATH\CodeIgniter.php(354): CodeIgniter\CodeIgniter->handleRequest(null, Object(Config\Cache), false)
 5 SYSTEMPATH\Boot.php(363): CodeIgniter\CodeIgniter->run()
 6 SYSTEMPATH\Boot.php(68): CodeIgniter\Boot::runCodeIgniter(Object(CodeIgniter\CodeIgniter))
 7 FCPATH\index.php(59): CodeIgniter\Boot::bootWeb(Object(Config\Paths))
DEBUG - 2025-10-03 07:04:55 --> Session: Class initialized using 'CodeIgniter\Session\Handlers\FileHandler' driver.
DEBUG - 2025-10-03 07:05:02 --> Session: Class initialized using 'CodeIgniter\Session\Handlers\FileHandler' driver.
DEBUG - 2025-10-03 07:05:03 --> Session: Class initialized using 'CodeIgniter\Session\Handlers\FileHandler' driver.
DEBUG - 2025-10-03 07:06:18 --> Session: Class initialized using 'CodeIgniter\Session\Handlers\FileHandler' driver.
DEBUG - 2025-10-03 07:06:23 --> Session: Class initialized using 'CodeIgniter\Session\Handlers\FileHandler' driver.
DEBUG - 2025-10-03 07:06:28 --> Session: Class initialized using 'CodeIgniter\Session\Handlers\FileHandler' driver.
DEBUG - 2025-10-03 07:06:28 --> Session: Class initialized using 'CodeIgniter\Session\Handlers\FileHandler' driver.
DEBUG - 2025-10-03 07:06:31 --> Session: Class initialized using 'CodeIgniter\Session\Handlers\FileHandler' driver.
DEBUG - 2025-10-03 08:25:51 --> Session: Class initialized using 'CodeIgniter\Session\Handlers\FileHandler' driver.
DEBUG - 2025-10-03 08:25:56 --> Session: Class initialized using 'CodeIgniter\Session\Handlers\FileHandler' driver.
DEBUG - 2025-10-03 08:26:02 --> Session: Class initialized using 'CodeIgniter\Session\Handlers\FileHandler' driver.
DEBUG - 2025-10-03 08:26:48 --> Session: Class initialized using 'CodeIgniter\Session\Handlers\FileHandler' driver.
DEBUG - 2025-10-03 08:26:49 --> Session: Class initialized using 'CodeIgniter\Session\Handlers\FileHandler' driver.
DEBUG - 2025-10-03 08:26:54 --> Session: Class initialized using 'CodeIgniter\Session\Handlers\FileHandler' driver.
DEBUG - 2025-10-03 08:26:55 --> Session: Class initialized using 'CodeIgniter\Session\Handlers\FileHandler' driver.
DEBUG - 2025-10-03 08:26:59 --> Session: Class initialized using 'CodeIgniter\Session\Handlers\FileHandler' driver.
DEBUG - 2025-10-03 08:27:32 --> Session: Class initialized using 'CodeIgniter\Session\Handlers\FileHandler' driver.
DEBUG - 2025-10-03 08:27:32 --> Session: Class initialized using 'CodeIgniter\Session\Handlers\FileHandler' driver.
DEBUG - 2025-10-03 08:27:38 --> Session: Class initialized using 'CodeIgniter\Session\Handlers\FileHandler' driver.
DEBUG - 2025-10-03 08:27:41 --> Session: Class initialized using 'CodeIgniter\Session\Handlers\FileHandler' driver.
DEBUG - 2025-10-03 08:27:41 --> Session: Class initialized using 'CodeIgniter\Session\Handlers\FileHandler' driver.
DEBUG - 2025-10-03 08:27:43 --> Session: Class initialized using 'CodeIgniter\Session\Handlers\FileHandler' driver.
DEBUG - 2025-10-03 08:27:46 --> Session: Class initialized using 'CodeIgniter\Session\Handlers\FileHandler' driver.
DEBUG - 2025-10-03 08:27:50 --> Session: Class initialized using 'CodeIgniter\Session\Handlers\FileHandler' driver.
DEBUG - 2025-10-03 08:27:58 --> Session: Class initialized using 'CodeIgniter\Session\Handlers\FileHandler' driver.
DEBUG - 2025-10-03 08:27:58 --> Session: Class initialized using 'CodeIgniter\Session\Handlers\FileHandler' driver.
DEBUG - 2025-10-03 08:28:01 --> Session: Class initialized using 'CodeIgniter\Session\Handlers\FileHandler' driver.
DEBUG - 2025-10-03 08:28:07 --> Session: Class initialized using 'CodeIgniter\Session\Handlers\FileHandler' driver.
DEBUG - 2025-10-03 08:28:57 --> Session: Class initialized using 'CodeIgniter\Session\Handlers\FileHandler' driver.
DEBUG - 2025-10-03 08:28:59 --> Session: Class initialized using 'CodeIgniter\Session\Handlers\FileHandler' driver.
DEBUG - 2025-10-03 08:29:07 --> Session: Class initialized using 'CodeIgniter\Session\Handlers\FileHandler' driver.
DEBUG - 2025-10-03 08:29:07 --> Session: Class initialized using 'CodeIgniter\Session\Handlers\FileHandler' driver.
DEBUG - 2025-10-03 08:29:11 --> Session: Class initialized using 'CodeIgniter\Session\Handlers\FileHandler' driver.
DEBUG - 2025-10-03 08:29:41 --> Session: Class initialized using 'CodeIgniter\Session\Handlers\FileHandler' driver.
DEBUG - 2025-10-03 08:29:41 --> Session: Class initialized using 'CodeIgniter\Session\Handlers\FileHandler' driver.
DEBUG - 2025-10-03 08:29:46 --> Session: Class initialized using 'CodeIgniter\Session\Handlers\FileHandler' driver.
DEBUG - 2025-10-03 08:29:51 --> Session: Class initialized using 'CodeIgniter\Session\Handlers\FileHandler' driver.
DEBUG - 2025-10-03 08:29:52 --> Session: Class initialized using 'CodeIgniter\Session\Handlers\FileHandler' driver.
DEBUG - 2025-10-03 08:29:55 --> Session: Class initialized using 'CodeIgniter\Session\Handlers\FileHandler' driver.
DEBUG - 2025-10-03 08:29:58 --> Session: Class initialized using 'CodeIgniter\Session\Handlers\FileHandler' driver.
DEBUG - 2025-10-03 08:30:26 --> Session: Class initialized using 'CodeIgniter\Session\Handlers\FileHandler' driver.
DEBUG - 2025-10-03 08:30:27 --> Session: Class initialized using 'CodeIgniter\Session\Handlers\FileHandler' driver.
DEBUG - 2025-10-03 08:30:31 --> Session: Class initialized using 'CodeIgniter\Session\Handlers\FileHandler' driver.
DEBUG - 2025-10-03 08:30:38 --> Session: Class initialized using 'CodeIgniter\Session\Handlers\FileHandler' driver.
DEBUG - 2025-10-03 08:30:39 --> Session: Class initialized using 'CodeIgniter\Session\Handlers\FileHandler' driver.
DEBUG - 2025-10-03 08:30:41 --> Session: Class initialized using 'CodeIgniter\Session\Handlers\FileHandler' driver.
DEBUG - 2025-10-03 08:30:46 --> Session: Class initialized using 'CodeIgniter\Session\Handlers\FileHandler' driver.
DEBUG - 2025-10-03 08:31:11 --> Session: Class initialized using 'CodeIgniter\Session\Handlers\FileHandler' driver.
DEBUG - 2025-10-03 08:33:48 --> Session: Class initialized using 'CodeIgniter\Session\Handlers\FileHandler' driver.
DEBUG - 2025-10-03 08:33:54 --> Session: Class initialized using 'CodeIgniter\Session\Handlers\FileHandler' driver.
DEBUG - 2025-10-03 08:34:44 --> Session: Class initialized using 'CodeIgniter\Session\Handlers\FileHandler' driver.
DEBUG - 2025-10-03 08:38:14 --> Session: Class initialized using 'CodeIgniter\Session\Handlers\FileHandler' driver.
DEBUG - 2025-10-03 08:38:25 --> Session: Class initialized using 'CodeIgniter\Session\Handlers\FileHandler' driver.
DEBUG - 2025-10-03 08:40:12 --> Session: Class initialized using 'CodeIgniter\Session\Handlers\FileHandler' driver.
DEBUG - 2025-10-03 08:40:39 --> Session: Class initialized using 'CodeIgniter\Session\Handlers\FileHandler' driver.
DEBUG - 2025-10-03 08:40:57 --> Session: Class initialized using 'CodeIgniter\Session\Handlers\FileHandler' driver.
DEBUG - 2025-10-03 08:42:03 --> Session: Class initialized using 'CodeIgniter\Session\Handlers\FileHandler' driver.
DEBUG - 2025-10-03 08:43:27 --> Session: Class initialized using 'CodeIgniter\Session\Handlers\FileHandler' driver.
DEBUG - 2025-10-03 08:46:57 --> Session: Class initialized using 'CodeIgniter\Session\Handlers\FileHandler' driver.
DEBUG - 2025-10-03 08:46:57 --> Session: Class initialized using 'CodeIgniter\Session\Handlers\FileHandler' driver.
DEBUG - 2025-10-03 08:47:38 --> Session: Class initialized using 'CodeIgniter\Session\Handlers\FileHandler' driver.
DEBUG - 2025-10-03 08:50:08 --> Session: Class initialized using 'CodeIgniter\Session\Handlers\FileHandler' driver.
DEBUG - 2025-10-03 08:50:20 --> Session: Class initialized using 'CodeIgniter\Session\Handlers\FileHandler' driver.
DEBUG - 2025-10-03 08:50:41 --> Session: Class initialized using 'CodeIgniter\Session\Handlers\FileHandler' driver.
DEBUG - 2025-10-03 08:50:50 --> Session: Class initialized using 'CodeIgniter\Session\Handlers\FileHandler' driver.
DEBUG - 2025-10-03 08:56:57 --> Session: Class initialized using 'CodeIgniter\Session\Handlers\FileHandler' driver.
DEBUG - 2025-10-03 08:59:19 --> Session: Class initialized using 'CodeIgniter\Session\Handlers\FileHandler' driver.
DEBUG - 2025-10-03 08:59:27 --> Session: Class initialized using 'CodeIgniter\Session\Handlers\FileHandler' driver.
DEBUG - 2025-10-03 08:59:38 --> Session: Class initialized using 'CodeIgniter\Session\Handlers\FileHandler' driver.
DEBUG - 2025-10-03 08:59:44 --> Session: Class initialized using 'CodeIgniter\Session\Handlers\FileHandler' driver.
DEBUG - 2025-10-03 08:59:45 --> Session: Class initialized using 'CodeIgniter\Session\Handlers\FileHandler' driver.
DEBUG - 2025-10-03 08:59:49 --> Session: Class initialized using 'CodeIgniter\Session\Handlers\FileHandler' driver.
DEBUG - 2025-10-03 08:59:55 --> Session: Class initialized using 'CodeIgniter\Session\Handlers\FileHandler' driver.
DEBUG - 2025-10-03 08:59:55 --> Session: Class initialized using 'CodeIgniter\Session\Handlers\FileHandler' driver.
DEBUG - 2025-10-03 08:59:59 --> Session: Class initialized using 'CodeIgniter\Session\Handlers\FileHandler' driver.
DEBUG - 2025-10-03 09:00:04 --> Session: Class initialized using 'CodeIgniter\Session\Handlers\FileHandler' driver.
DEBUG - 2025-10-03 09:00:05 --> Session: Class initialized using 'CodeIgniter\Session\Handlers\FileHandler' driver.
DEBUG - 2025-10-03 09:00:08 --> Session: Class initialized using 'CodeIgniter\Session\Handlers\FileHandler' driver.
DEBUG - 2025-10-03 09:00:12 --> Session: Class initialized using 'CodeIgniter\Session\Handlers\FileHandler' driver.
DEBUG - 2025-10-03 09:00:12 --> Session: Class initialized using 'CodeIgniter\Session\Handlers\FileHandler' driver.
DEBUG - 2025-10-03 09:00:17 --> Session: Class initialized using 'CodeIgniter\Session\Handlers\FileHandler' driver.
DEBUG - 2025-10-03 09:00:22 --> Session: Class initialized using 'CodeIgniter\Session\Handlers\FileHandler' driver.
DEBUG - 2025-10-03 09:00:22 --> Session: Class initialized using 'CodeIgniter\Session\Handlers\FileHandler' driver.
DEBUG - 2025-10-03 09:00:27 --> Session: Class initialized using 'CodeIgniter\Session\Handlers\FileHandler' driver.
DEBUG - 2025-10-03 09:00:31 --> Session: Class initialized using 'CodeIgniter\Session\Handlers\FileHandler' driver.
DEBUG - 2025-10-03 09:00:32 --> Session: Class initialized using 'CodeIgniter\Session\Handlers\FileHandler' driver.
DEBUG - 2025-10-03 09:00:36 --> Session: Class initialized using 'CodeIgniter\Session\Handlers\FileHandler' driver.
DEBUG - 2025-10-03 09:00:36 --> Session: Class initialized using 'CodeIgniter\Session\Handlers\FileHandler' driver.
DEBUG - 2025-10-03 09:01:02 --> Session: Class initialized using 'CodeIgniter\Session\Handlers\FileHandler' driver.
DEBUG - 2025-10-03 09:01:06 --> Session: Class initialized using 'CodeIgniter\Session\Handlers\FileHandler' driver.
DEBUG - 2025-10-03 09:01:06 --> Session: Class initialized using 'CodeIgniter\Session\Handlers\FileHandler' driver.
DEBUG - 2025-10-03 09:01:09 --> Session: Class initialized using 'CodeIgniter\Session\Handlers\FileHandler' driver.
CRITICAL - 2025-10-03 09:01:09 --> ErrorException: Trying to access array offset on value of type null
[Method: GET, Route: result]
in APPPATH\Models\Year.php on line 53.
 1 APPPATH\Models\Year.php(53): CodeIgniter\Debug\Exceptions->errorHandler(2, 'Trying to access array offset on value of type null', 'C:\\xampp\\htdocs\\muzani\\app\\Models\\Year.php', 53)
 2 APPPATH\Views\result\index.php(31): App\Models\Year->year(null)
 3 SYSTEMPATH\View\View.php(226): include('C:\\xampp\\htdocs\\muzani\\app\\Views\\result\\index.php')
 4 SYSTEMPATH\View\View.php(229): CodeIgniter\View\View->CodeIgniter\View\{closure}()
 5 SYSTEMPATH\Common.php(1167): CodeIgniter\View\View->render('result/index', [], true)
 6 APPPATH\Controllers\ResultController.php(47): view('result/index', [...])
 7 SYSTEMPATH\CodeIgniter.php(933): App\Controllers\ResultController->index()
 8 SYSTEMPATH\CodeIgniter.php(507): CodeIgniter\CodeIgniter->runController(Object(App\Controllers\ResultController))
 9 SYSTEMPATH\CodeIgniter.php(354): CodeIgniter\CodeIgniter->handleRequest(null, Object(Config\Cache), false)
10 SYSTEMPATH\Boot.php(363): CodeIgniter\CodeIgniter->run()
11 SYSTEMPATH\Boot.php(68): CodeIgniter\Boot::runCodeIgniter(Object(CodeIgniter\CodeIgniter))
12 FCPATH\index.php(59): CodeIgniter\Boot::bootWeb(Object(Config\Paths))
DEBUG - 2025-10-03 09:01:17 --> Session: Class initialized using 'CodeIgniter\Session\Handlers\FileHandler' driver.
DEBUG - 2025-10-03 09:01:34 --> Session: Class initialized using 'CodeIgniter\Session\Handlers\FileHandler' driver.
DEBUG - 2025-10-03 09:01:53 --> Session: Class initialized using 'CodeIgniter\Session\Handlers\FileHandler' driver.
DEBUG - 2025-10-03 09:01:59 --> Session: Class initialized using 'CodeIgniter\Session\Handlers\FileHandler' driver.
DEBUG - 2025-10-03 09:02:07 --> Session: Class initialized using 'CodeIgniter\Session\Handlers\FileHandler' driver.
DEBUG - 2025-10-03 09:02:12 --> Session: Class initialized using 'CodeIgniter\Session\Handlers\FileHandler' driver.
DEBUG - 2025-10-03 09:02:12 --> Session: Class initialized using 'CodeIgniter\Session\Handlers\FileHandler' driver.
DEBUG - 2025-10-03 09:02:17 --> Session: Class initialized using 'CodeIgniter\Session\Handlers\FileHandler' driver.
DEBUG - 2025-10-03 09:02:21 --> Session: Class initialized using 'CodeIgniter\Session\Handlers\FileHandler' driver.
DEBUG - 2025-10-03 09:02:21 --> Session: Class initialized using 'CodeIgniter\Session\Handlers\FileHandler' driver.
DEBUG - 2025-10-03 09:02:24 --> Session: Class initialized using 'CodeIgniter\Session\Handlers\FileHandler' driver.
DEBUG - 2025-10-03 09:02:28 --> Session: Class initialized using 'CodeIgniter\Session\Handlers\FileHandler' driver.
DEBUG - 2025-10-03 09:02:29 --> Session: Class initialized using 'CodeIgniter\Session\Handlers\FileHandler' driver.
DEBUG - 2025-10-03 09:02:37 --> Session: Class initialized using 'CodeIgniter\Session\Handlers\FileHandler' driver.
DEBUG - 2025-10-03 09:02:41 --> Session: Class initialized using 'CodeIgniter\Session\Handlers\FileHandler' driver.
DEBUG - 2025-10-03 09:02:41 --> Session: Class initialized using 'CodeIgniter\Session\Handlers\FileHandler' driver.
DEBUG - 2025-10-03 09:02:45 --> Session: Class initialized using 'CodeIgniter\Session\Handlers\FileHandler' driver.
DEBUG - 2025-10-03 09:02:49 --> Session: Class initialized using 'CodeIgniter\Session\Handlers\FileHandler' driver.
DEBUG - 2025-10-03 09:02:50 --> Session: Class initialized using 'CodeIgniter\Session\Handlers\FileHandler' driver.
DEBUG - 2025-10-03 09:02:52 --> Session: Class initialized using 'CodeIgniter\Session\Handlers\FileHandler' driver.
DEBUG - 2025-10-03 09:02:56 --> Session: Class initialized using 'CodeIgniter\Session\Handlers\FileHandler' driver.
DEBUG - 2025-10-03 09:02:57 --> Session: Class initialized using 'CodeIgniter\Session\Handlers\FileHandler' driver.
DEBUG - 2025-10-03 09:03:00 --> Session: Class initialized using 'CodeIgniter\Session\Handlers\FileHandler' driver.
DEBUG - 2025-10-03 09:03:15 --> Session: Class initialized using 'CodeIgniter\Session\Handlers\FileHandler' driver.
DEBUG - 2025-10-03 09:03:47 --> Session: Class initialized using 'CodeIgniter\Session\Handlers\FileHandler' driver.
DEBUG - 2025-10-03 09:04:56 --> Session: Class initialized using 'CodeIgniter\Session\Handlers\FileHandler' driver.
DEBUG - 2025-10-03 09:04:57 --> Session: Class initialized using 'CodeIgniter\Session\Handlers\FileHandler' driver.
DEBUG - 2025-10-03 09:05:00 --> Session: Class initialized using 'CodeIgniter\Session\Handlers\FileHandler' driver.
DEBUG - 2025-10-03 09:05:02 --> Session: Class initialized using 'CodeIgniter\Session\Handlers\FileHandler' driver.
DEBUG - 2025-10-03 09:05:05 --> Session: Class initialized using 'CodeIgniter\Session\Handlers\FileHandler' driver.
DEBUG - 2025-10-03 09:05:10 --> Session: Class initialized using 'CodeIgniter\Session\Handlers\FileHandler' driver.
DEBUG - 2025-10-03 09:05:10 --> Session: Class initialized using 'CodeIgniter\Session\Handlers\FileHandler' driver.
DEBUG - 2025-10-03 09:07:24 --> Session: Class initialized using 'CodeIgniter\Session\Handlers\FileHandler' driver.
DEBUG - 2025-10-03 09:07:29 --> Session: Class initialized using 'CodeIgniter\Session\Handlers\FileHandler' driver.
DEBUG - 2025-10-03 09:07:29 --> Session: Class initialized using 'CodeIgniter\Session\Handlers\FileHandler' driver.
DEBUG - 2025-10-03 09:07:33 --> Session: Class initialized using 'CodeIgniter\Session\Handlers\FileHandler' driver.
DEBUG - 2025-10-03 09:07:37 --> Session: Class initialized using 'CodeIgniter\Session\Handlers\FileHandler' driver.
DEBUG - 2025-10-03 09:07:37 --> Session: Class initialized using 'CodeIgniter\Session\Handlers\FileHandler' driver.
DEBUG - 2025-10-03 09:07:41 --> Session: Class initialized using 'CodeIgniter\Session\Handlers\FileHandler' driver.
DEBUG - 2025-10-03 09:07:45 --> Session: Class initialized using 'CodeIgniter\Session\Handlers\FileHandler' driver.
DEBUG - 2025-10-03 09:07:45 --> Session: Class initialized using 'CodeIgniter\Session\Handlers\FileHandler' driver.
DEBUG - 2025-10-03 09:07:49 --> Session: Class initialized using 'CodeIgniter\Session\Handlers\FileHandler' driver.
DEBUG - 2025-10-03 09:07:54 --> Session: Class initialized using 'CodeIgniter\Session\Handlers\FileHandler' driver.
DEBUG - 2025-10-03 09:07:55 --> Session: Class initialized using 'CodeIgniter\Session\Handlers\FileHandler' driver.
DEBUG - 2025-10-03 09:07:58 --> Session: Class initialized using 'CodeIgniter\Session\Handlers\FileHandler' driver.
DEBUG - 2025-10-03 09:07:58 --> Session: Class initialized using 'CodeIgniter\Session\Handlers\FileHandler' driver.
DEBUG - 2025-10-03 09:08:03 --> Session: Class initialized using 'CodeIgniter\Session\Handlers\FileHandler' driver.
DEBUG - 2025-10-03 09:08:03 --> Session: Class initialized using 'CodeIgniter\Session\Handlers\FileHandler' driver.
DEBUG - 2025-10-03 09:08:06 --> Session: Class initialized using 'CodeIgniter\Session\Handlers\FileHandler' driver.
DEBUG - 2025-10-03 09:08:07 --> Session: Class initialized using 'CodeIgniter\Session\Handlers\FileHandler' driver.
DEBUG - 2025-10-03 09:08:07 --> Session: Class initialized using 'CodeIgniter\Session\Handlers\FileHandler' driver.
DEBUG - 2025-10-03 09:08:14 --> Session: Class initialized using 'CodeIgniter\Session\Handlers\FileHandler' driver.
DEBUG - 2025-10-03 09:08:14 --> Session: Class initialized using 'CodeIgniter\Session\Handlers\FileHandler' driver.
DEBUG - 2025-10-03 09:08:16 --> Session: Class initialized using 'CodeIgniter\Session\Handlers\FileHandler' driver.
DEBUG - 2025-10-03 09:08:24 --> Session: Class initialized using 'CodeIgniter\Session\Handlers\FileHandler' driver.
DEBUG - 2025-10-03 09:08:28 --> Session: Class initialized using 'CodeIgniter\Session\Handlers\FileHandler' driver.
DEBUG - 2025-10-03 09:08:28 --> Session: Class initialized using 'CodeIgniter\Session\Handlers\FileHandler' driver.
DEBUG - 2025-10-03 09:08:31 --> Session: Class initialized using 'CodeIgniter\Session\Handlers\FileHandler' driver.
DEBUG - 2025-10-03 09:08:31 --> Session: Class initialized using 'CodeIgniter\Session\Handlers\FileHandler' driver.
DEBUG - 2025-10-03 09:08:33 --> Session: Class initialized using 'CodeIgniter\Session\Handlers\FileHandler' driver.
DEBUG - 2025-10-03 09:08:41 --> Session: Class initialized using 'CodeIgniter\Session\Handlers\FileHandler' driver.
DEBUG - 2025-10-03 09:08:46 --> Session: Class initialized using 'CodeIgniter\Session\Handlers\FileHandler' driver.
DEBUG - 2025-10-03 09:08:54 --> Session: Class initialized using 'CodeIgniter\Session\Handlers\FileHandler' driver.
DEBUG - 2025-10-03 09:09:12 --> Session: Class initialized using 'CodeIgniter\Session\Handlers\FileHandler' driver.
DEBUG - 2025-10-03 09:09:12 --> Session: Class initialized using 'CodeIgniter\Session\Handlers\FileHandler' driver.
DEBUG - 2025-10-03 09:09:14 --> Session: Class initialized using 'CodeIgniter\Session\Handlers\FileHandler' driver.
DEBUG - 2025-10-03 09:09:17 --> Session: Class initialized using 'CodeIgniter\Session\Handlers\FileHandler' driver.
DEBUG - 2025-10-03 09:09:19 --> Session: Class initialized using 'CodeIgniter\Session\Handlers\FileHandler' driver.
DEBUG - 2025-10-03 09:09:23 --> Session: Class initialized using 'CodeIgniter\Session\Handlers\FileHandler' driver.
DEBUG - 2025-10-03 09:09:24 --> Session: Class initialized using 'CodeIgniter\Session\Handlers\FileHandler' driver.
DEBUG - 2025-10-03 09:09:28 --> Session: Class initialized using 'CodeIgniter\Session\Handlers\FileHandler' driver.
DEBUG - 2025-10-03 09:09:32 --> Session: Class initialized using 'CodeIgniter\Session\Handlers\FileHandler' driver.
DEBUG - 2025-10-03 09:09:33 --> Session: Class initialized using 'CodeIgniter\Session\Handlers\FileHandler' driver.
DEBUG - 2025-10-03 09:09:36 --> Session: Class initialized using 'CodeIgniter\Session\Handlers\FileHandler' driver.
DEBUG - 2025-10-03 09:09:41 --> Session: Class initialized using 'CodeIgniter\Session\Handlers\FileHandler' driver.
DEBUG - 2025-10-03 09:09:42 --> Session: Class initialized using 'CodeIgniter\Session\Handlers\FileHandler' driver.
DEBUG - 2025-10-03 09:09:45 --> Session: Class initialized using 'CodeIgniter\Session\Handlers\FileHandler' driver.
DEBUG - 2025-10-03 09:09:50 --> Session: Class initialized using 'CodeIgniter\Session\Handlers\FileHandler' driver.
DEBUG - 2025-10-03 09:09:51 --> Session: Class initialized using 'CodeIgniter\Session\Handlers\FileHandler' driver.
DEBUG - 2025-10-03 09:09:54 --> Session: Class initialized using 'CodeIgniter\Session\Handlers\FileHandler' driver.
DEBUG - 2025-10-03 09:09:58 --> Session: Class initialized using 'CodeIgniter\Session\Handlers\FileHandler' driver.
DEBUG - 2025-10-03 09:09:59 --> Session: Class initialized using 'CodeIgniter\Session\Handlers\FileHandler' driver.
DEBUG - 2025-10-03 09:10:02 --> Session: Class initialized using 'CodeIgniter\Session\Handlers\FileHandler' driver.
DEBUG - 2025-10-03 09:10:05 --> Session: Class initialized using 'CodeIgniter\Session\Handlers\FileHandler' driver.
DEBUG - 2025-10-03 09:10:06 --> Session: Class initialized using 'CodeIgniter\Session\Handlers\FileHandler' driver.
DEBUG - 2025-10-03 09:10:09 --> Session: Class initialized using 'CodeIgniter\Session\Handlers\FileHandler' driver.
DEBUG - 2025-10-03 09:10:12 --> Session: Class initialized using 'CodeIgniter\Session\Handlers\FileHandler' driver.
DEBUG - 2025-10-03 09:10:12 --> Session: Class initialized using 'CodeIgniter\Session\Handlers\FileHandler' driver.
DEBUG - 2025-10-03 09:10:22 --> Session: Class initialized using 'CodeIgniter\Session\Handlers\FileHandler' driver.
DEBUG - 2025-10-03 09:10:31 --> Session: Class initialized using 'CodeIgniter\Session\Handlers\FileHandler' driver.
DEBUG - 2025-10-03 09:10:31 --> Session: Class initialized using 'CodeIgniter\Session\Handlers\FileHandler' driver.
DEBUG - 2025-10-03 09:10:39 --> Session: Class initialized using 'CodeIgniter\Session\Handlers\FileHandler' driver.
DEBUG - 2025-10-03 09:10:42 --> Session: Class initialized using 'CodeIgniter\Session\Handlers\FileHandler' driver.
DEBUG - 2025-10-03 09:10:44 --> Session: Class initialized using 'CodeIgniter\Session\Handlers\FileHandler' driver.
DEBUG - 2025-10-03 09:10:48 --> Session: Class initialized using 'CodeIgniter\Session\Handlers\FileHandler' driver.
DEBUG - 2025-10-03 09:10:48 --> Session: Class initialized using 'CodeIgniter\Session\Handlers\FileHandler' driver.
DEBUG - 2025-10-03 09:10:51 --> Session: Class initialized using 'CodeIgniter\Session\Handlers\FileHandler' driver.
DEBUG - 2025-10-03 09:10:53 --> Session: Class initialized using 'CodeIgniter\Session\Handlers\FileHandler' driver.
DEBUG - 2025-10-03 09:10:54 --> Session: Class initialized using 'CodeIgniter\Session\Handlers\FileHandler' driver.
DEBUG - 2025-10-03 09:10:56 --> Session: Class initialized using 'CodeIgniter\Session\Handlers\FileHandler' driver.
DEBUG - 2025-10-03 09:10:58 --> Session: Class initialized using 'CodeIgniter\Session\Handlers\FileHandler' driver.
DEBUG - 2025-10-03 09:10:59 --> Session: Class initialized using 'CodeIgniter\Session\Handlers\FileHandler' driver.
DEBUG - 2025-10-03 09:11:01 --> Session: Class initialized using 'CodeIgniter\Session\Handlers\FileHandler' driver.
DEBUG - 2025-10-03 09:11:03 --> Session: Class initialized using 'CodeIgniter\Session\Handlers\FileHandler' driver.
DEBUG - 2025-10-03 09:11:04 --> Session: Class initialized using 'CodeIgniter\Session\Handlers\FileHandler' driver.
DEBUG - 2025-10-03 09:11:06 --> Session: Class initialized using 'CodeIgniter\Session\Handlers\FileHandler' driver.
DEBUG - 2025-10-03 09:11:08 --> Session: Class initialized using 'CodeIgniter\Session\Handlers\FileHandler' driver.
DEBUG - 2025-10-03 09:11:09 --> Session: Class initialized using 'CodeIgniter\Session\Handlers\FileHandler' driver.
DEBUG - 2025-10-03 09:11:11 --> Session: Class initialized using 'CodeIgniter\Session\Handlers\FileHandler' driver.
DEBUG - 2025-10-03 09:11:11 --> Session: Class initialized using 'CodeIgniter\Session\Handlers\FileHandler' driver.
DEBUG - 2025-10-03 09:11:12 --> Session: Class initialized using 'CodeIgniter\Session\Handlers\FileHandler' driver.
DEBUG - 2025-10-03 09:11:17 --> Session: Class initialized using 'CodeIgniter\Session\Handlers\FileHandler' driver.
DEBUG - 2025-10-03 09:11:17 --> Session: Class initialized using 'CodeIgniter\Session\Handlers\FileHandler' driver.
DEBUG - 2025-10-03 09:11:19 --> Session: Class initialized using 'CodeIgniter\Session\Handlers\FileHandler' driver.
DEBUG - 2025-10-03 09:11:27 --> Session: Class initialized using 'CodeIgniter\Session\Handlers\FileHandler' driver.
DEBUG - 2025-10-03 09:11:29 --> Session: Class initialized using 'CodeIgniter\Session\Handlers\FileHandler' driver.
DEBUG - 2025-10-03 09:11:32 --> Session: Class initialized using 'CodeIgniter\Session\Handlers\FileHandler' driver.
DEBUG - 2025-10-03 09:11:32 --> Session: Class initialized using 'CodeIgniter\Session\Handlers\FileHandler' driver.
DEBUG - 2025-10-03 09:13:24 --> Session: Class initialized using 'CodeIgniter\Session\Handlers\FileHandler' driver.
DEBUG - 2025-10-03 09:13:27 --> Session: Class initialized using 'CodeIgniter\Session\Handlers\FileHandler' driver.
DEBUG - 2025-10-03 09:13:36 --> Session: Class initialized using 'CodeIgniter\Session\Handlers\FileHandler' driver.
DEBUG - 2025-10-03 09:14:19 --> Session: Class initialized using 'CodeIgniter\Session\Handlers\FileHandler' driver.
CRITICAL - 2025-10-03 09:14:19 --> TypeError: count(): Argument #1 ($value) must be of type Countable|array, null given
[Method: GET, Route: result/final/show/2/3]
in APPPATH\Views\result\show.php on line 72.
 1 SYSTEMPATH\View\View.php(226): include()
 2 SYSTEMPATH\View\View.php(229): CodeIgniter\View\View->CodeIgniter\View\{closure}()
 3 SYSTEMPATH\Common.php(1167): CodeIgniter\View\View->render('result/show', [], true)
 4 APPPATH\Controllers\ResultController.php(367): view('result/show', [...])
 5 SYSTEMPATH\CodeIgniter.php(933): App\Controllers\ResultController->show('final', '2', '3')
 6 SYSTEMPATH\CodeIgniter.php(507): CodeIgniter\CodeIgniter->runController(Object(App\Controllers\ResultController))
 7 SYSTEMPATH\CodeIgniter.php(354): CodeIgniter\CodeIgniter->handleRequest(null, Object(Config\Cache), false)
 8 SYSTEMPATH\Boot.php(363): CodeIgniter\CodeIgniter->run()
 9 SYSTEMPATH\Boot.php(68): CodeIgniter\Boot::runCodeIgniter(Object(CodeIgniter\CodeIgniter))
10 FCPATH\index.php(59): CodeIgniter\Boot::bootWeb(Object(Config\Paths))
CRITICAL - 2025-10-03 09:14:19 --> [Caused by] ErrorException: Undefined variable $results
in APPPATH\Views\result\show.php on line 72.
 1 APPPATH\Views\result\show.php(72): CodeIgniter\Debug\Exceptions->errorHandler(2, 'Undefined variable $results', 'C:\\xampp\\htdocs\\muzani\\app\\Views\\result\\show.php', 72)
 2 SYSTEMPATH\View\View.php(226): include('C:\\xampp\\htdocs\\muzani\\app\\Views\\result\\show.php')
 3 SYSTEMPATH\View\View.php(229): CodeIgniter\View\View->CodeIgniter\View\{closure}()
 4 SYSTEMPATH\Common.php(1167): CodeIgniter\View\View->render('result/show', [], true)
 5 APPPATH\Controllers\ResultController.php(367): view('result/show', [...])
 6 SYSTEMPATH\CodeIgniter.php(933): App\Controllers\ResultController->show('final', '2', '3')
 7 SYSTEMPATH\CodeIgniter.php(507): CodeIgniter\CodeIgniter->runController(Object(App\Controllers\ResultController))
 8 SYSTEMPATH\CodeIgniter.php(354): CodeIgniter\CodeIgniter->handleRequest(null, Object(Config\Cache), false)
 9 SYSTEMPATH\Boot.php(363): CodeIgniter\CodeIgniter->run()
10 SYSTEMPATH\Boot.php(68): CodeIgniter\Boot::runCodeIgniter(Object(CodeIgniter\CodeIgniter))
11 FCPATH\index.php(59): CodeIgniter\Boot::bootWeb(Object(Config\Paths))
DEBUG - 2025-10-03 09:14:24 --> Session: Class initialized using 'CodeIgniter\Session\Handlers\FileHandler' driver.
DEBUG - 2025-10-03 09:14:25 --> Session: Class initialized using 'CodeIgniter\Session\Handlers\FileHandler' driver.
DEBUG - 2025-10-03 09:23:46 --> Session: Class initialized using 'CodeIgniter\Session\Handlers\FileHandler' driver.
DEBUG - 2025-10-03 09:23:53 --> Session: Class initialized using 'CodeIgniter\Session\Handlers\FileHandler' driver.
DEBUG - 2025-10-03 09:23:57 --> Session: Class initialized using 'CodeIgniter\Session\Handlers\FileHandler' driver.
DEBUG - 2025-10-03 09:23:58 --> Session: Class initialized using 'CodeIgniter\Session\Handlers\FileHandler' driver.
DEBUG - 2025-10-03 09:24:02 --> Session: Class initialized using 'CodeIgniter\Session\Handlers\FileHandler' driver.
DEBUG - 2025-10-03 09:24:06 --> Session: Class initialized using 'CodeIgniter\Session\Handlers\FileHandler' driver.
DEBUG - 2025-10-03 09:24:07 --> Session: Class initialized using 'CodeIgniter\Session\Handlers\FileHandler' driver.
DEBUG - 2025-10-03 09:24:09 --> Session: Class initialized using 'CodeIgniter\Session\Handlers\FileHandler' driver.
DEBUG - 2025-10-03 09:24:09 --> Session: Class initialized using 'CodeIgniter\Session\Handlers\FileHandler' driver.
DEBUG - 2025-10-03 09:24:12 --> Session: Class initialized using 'CodeIgniter\Session\Handlers\FileHandler' driver.
DEBUG - 2025-10-03 09:24:12 --> Session: Class initialized using 'CodeIgniter\Session\Handlers\FileHandler' driver.
DEBUG - 2025-10-03 09:24:17 --> Session: Class initialized using 'CodeIgniter\Session\Handlers\FileHandler' driver.
DEBUG - 2025-10-03 09:24:26 --> Session: Class initialized using 'CodeIgniter\Session\Handlers\FileHandler' driver.
CRITICAL - 2025-10-03 09:24:26 --> ErrorException: Trying to access array offset on value of type null
[Method: GET, Route: result/final/marks/21]
in APPPATH\Controllers\ResultController.php on line 122.
 1 APPPATH\Controllers\ResultController.php(122): CodeIgniter\Debug\Exceptions->errorHandler(2, 'Trying to access array offset on value of type null', 'C:\\xampp\\htdocs\\muzani\\app\\Controllers\\ResultController.php', 122)
 2 SYSTEMPATH\CodeIgniter.php(933): App\Controllers\ResultController->marks('final', '21')
 3 SYSTEMPATH\CodeIgniter.php(507): CodeIgniter\CodeIgniter->runController(Object(App\Controllers\ResultController))
 4 SYSTEMPATH\CodeIgniter.php(354): CodeIgniter\CodeIgniter->handleRequest(null, Object(Config\Cache), false)
 5 SYSTEMPATH\Boot.php(363): CodeIgniter\CodeIgniter->run()
 6 SYSTEMPATH\Boot.php(68): CodeIgniter\Boot::runCodeIgniter(Object(CodeIgniter\CodeIgniter))
 7 FCPATH\index.php(59): CodeIgniter\Boot::bootWeb(Object(Config\Paths))
DEBUG - 2025-10-03 09:24:29 --> Session: Class initialized using 'CodeIgniter\Session\Handlers\FileHandler' driver.
DEBUG - 2025-10-03 09:24:39 --> Session: Class initialized using 'CodeIgniter\Session\Handlers\FileHandler' driver.
DEBUG - 2025-10-03 09:24:43 --> Session: Class initialized using 'CodeIgniter\Session\Handlers\FileHandler' driver.
DEBUG - 2025-10-03 09:24:47 --> Session: Class initialized using 'CodeIgniter\Session\Handlers\FileHandler' driver.
DEBUG - 2025-10-03 09:24:47 --> Session: Class initialized using 'CodeIgniter\Session\Handlers\FileHandler' driver.
DEBUG - 2025-10-03 09:24:52 --> Session: Class initialized using 'CodeIgniter\Session\Handlers\FileHandler' driver.
DEBUG - 2025-10-03 09:24:52 --> Session: Class initialized using 'CodeIgniter\Session\Handlers\FileHandler' driver.
DEBUG - 2025-10-03 09:24:54 --> Session: Class initialized using 'CodeIgniter\Session\Handlers\FileHandler' driver.
DEBUG - 2025-10-03 09:24:55 --> Session: Class initialized using 'CodeIgniter\Session\Handlers\FileHandler' driver.
DEBUG - 2025-10-03 09:24:57 --> Session: Class initialized using 'CodeIgniter\Session\Handlers\FileHandler' driver.
DEBUG - 2025-10-03 09:25:00 --> Session: Class initialized using 'CodeIgniter\Session\Handlers\FileHandler' driver.
DEBUG - 2025-10-03 09:25:01 --> Session: Class initialized using 'CodeIgniter\Session\Handlers\FileHandler' driver.
DEBUG - 2025-10-03 09:25:04 --> Session: Class initialized using 'CodeIgniter\Session\Handlers\FileHandler' driver.
DEBUG - 2025-10-03 09:25:07 --> Session: Class initialized using 'CodeIgniter\Session\Handlers\FileHandler' driver.
DEBUG - 2025-10-03 09:25:07 --> Session: Class initialized using 'CodeIgniter\Session\Handlers\FileHandler' driver.
DEBUG - 2025-10-03 09:25:09 --> Session: Class initialized using 'CodeIgniter\Session\Handlers\FileHandler' driver.
DEBUG - 2025-10-03 09:25:10 --> Session: Class initialized using 'CodeIgniter\Session\Handlers\FileHandler' driver.
DEBUG - 2025-10-03 09:25:13 --> Session: Class initialized using 'CodeIgniter\Session\Handlers\FileHandler' driver.
DEBUG - 2025-10-03 09:25:13 --> Session: Class initialized using 'CodeIgniter\Session\Handlers\FileHandler' driver.
DEBUG - 2025-10-03 09:25:16 --> Session: Class initialized using 'CodeIgniter\Session\Handlers\FileHandler' driver.
DEBUG - 2025-10-03 09:25:32 --> Session: Class initialized using 'CodeIgniter\Session\Handlers\FileHandler' driver.
DEBUG - 2025-10-03 09:25:48 --> Session: Class initialized using 'CodeIgniter\Session\Handlers\FileHandler' driver.
DEBUG - 2025-10-03 09:25:48 --> Session: Class initialized using 'CodeIgniter\Session\Handlers\FileHandler' driver.
DEBUG - 2025-10-03 09:27:41 --> Session: Class initialized using 'CodeIgniter\Session\Handlers\FileHandler' driver.
DEBUG - 2025-10-03 09:27:53 --> Session: Class initialized using 'CodeIgniter\Session\Handlers\FileHandler' driver.
DEBUG - 2025-10-03 09:27:54 --> Session: Class initialized using 'CodeIgniter\Session\Handlers\FileHandler' driver.
DEBUG - 2025-10-03 09:28:29 --> Session: Class initialized using 'CodeIgniter\Session\Handlers\FileHandler' driver.
DEBUG - 2025-10-03 09:28:30 --> Session: Class initialized using 'CodeIgniter\Session\Handlers\FileHandler' driver.
DEBUG - 2025-10-03 09:28:37 --> Session: Class initialized using 'CodeIgniter\Session\Handlers\FileHandler' driver.
DEBUG - 2025-10-03 09:28:37 --> Session: Class initialized using 'CodeIgniter\Session\Handlers\FileHandler' driver.
DEBUG - 2025-10-03 09:28:43 --> Session: Class initialized using 'CodeIgniter\Session\Handlers\FileHandler' driver.
DEBUG - 2025-10-03 09:28:56 --> Session: Class initialized using 'CodeIgniter\Session\Handlers\FileHandler' driver.
DEBUG - 2025-10-03 09:31:14 --> Session: Class initialized using 'CodeIgniter\Session\Handlers\FileHandler' driver.
DEBUG - 2025-10-03 09:31:23 --> Session: Class initialized using 'CodeIgniter\Session\Handlers\FileHandler' driver.
DEBUG - 2025-10-03 09:31:46 --> Session: Class initialized using 'CodeIgniter\Session\Handlers\FileHandler' driver.
DEBUG - 2025-10-03 09:32:43 --> Session: Class initialized using 'CodeIgniter\Session\Handlers\FileHandler' driver.
DEBUG - 2025-10-03 09:32:46 --> Session: Class initialized using 'CodeIgniter\Session\Handlers\FileHandler' driver.
DEBUG - 2025-10-03 09:32:47 --> Session: Class initialized using 'CodeIgniter\Session\Handlers\FileHandler' driver.
DEBUG - 2025-10-03 09:32:47 --> Session: Class initialized using 'CodeIgniter\Session\Handlers\FileHandler' driver.
DEBUG - 2025-10-03 09:33:06 --> Session: Class initialized using 'CodeIgniter\Session\Handlers\FileHandler' driver.
DEBUG - 2025-10-03 09:33:13 --> Session: Class initialized using 'CodeIgniter\Session\Handlers\FileHandler' driver.
DEBUG - 2025-10-03 09:33:18 --> Session: Class initialized using 'CodeIgniter\Session\Handlers\FileHandler' driver.
DEBUG - 2025-10-03 09:33:21 --> Session: Class initialized using 'CodeIgniter\Session\Handlers\FileHandler' driver.
DEBUG - 2025-10-03 09:33:23 --> Session: Class initialized using 'CodeIgniter\Session\Handlers\FileHandler' driver.
DEBUG - 2025-10-03 09:33:26 --> Session: Class initialized using 'CodeIgniter\Session\Handlers\FileHandler' driver.
DEBUG - 2025-10-03 09:33:29 --> Session: Class initialized using 'CodeIgniter\Session\Handlers\FileHandler' driver.
DEBUG - 2025-10-03 09:33:34 --> Session: Class initialized using 'CodeIgniter\Session\Handlers\FileHandler' driver.
DEBUG - 2025-10-03 09:33:36 --> Session: Class initialized using 'CodeIgniter\Session\Handlers\FileHandler' driver.
DEBUG - 2025-10-03 09:33:40 --> Session: Class initialized using 'CodeIgniter\Session\Handlers\FileHandler' driver.
DEBUG - 2025-10-03 09:33:48 --> Session: Class initialized using 'CodeIgniter\Session\Handlers\FileHandler' driver.
DEBUG - 2025-10-03 09:33:59 --> Session: Class initialized using 'CodeIgniter\Session\Handlers\FileHandler' driver.
DEBUG - 2025-10-03 09:34:04 --> Session: Class initialized using 'CodeIgniter\Session\Handlers\FileHandler' driver.
DEBUG - 2025-10-03 09:34:05 --> Session: Class initialized using 'CodeIgniter\Session\Handlers\FileHandler' driver.
DEBUG - 2025-10-03 09:34:05 --> Session: Class initialized using 'CodeIgniter\Session\Handlers\FileHandler' driver.
DEBUG - 2025-10-03 09:34:11 --> Session: Class initialized using 'CodeIgniter\Session\Handlers\FileHandler' driver.
DEBUG - 2025-10-03 09:34:13 --> Session: Class initialized using 'CodeIgniter\Session\Handlers\FileHandler' driver.
DEBUG - 2025-10-03 09:34:14 --> Session: Class initialized using 'CodeIgniter\Session\Handlers\FileHandler' driver.
DEBUG - 2025-10-03 09:34:20 --> Session: Class initialized using 'CodeIgniter\Session\Handlers\FileHandler' driver.
DEBUG - 2025-10-03 09:34:21 --> Session: Class initialized using 'CodeIgniter\Session\Handlers\FileHandler' driver.
DEBUG - 2025-10-03 09:34:21 --> Session: Class initialized using 'CodeIgniter\Session\Handlers\FileHandler' driver.
DEBUG - 2025-10-03 09:34:35 --> Session: Class initialized using 'CodeIgniter\Session\Handlers\FileHandler' driver.
DEBUG - 2025-10-03 09:34:40 --> Session: Class initialized using 'CodeIgniter\Session\Handlers\FileHandler' driver.
DEBUG - 2025-10-03 09:34:42 --> Session: Class initialized using 'CodeIgniter\Session\Handlers\FileHandler' driver.
DEBUG - 2025-10-03 09:34:47 --> Session: Class initialized using 'CodeIgniter\Session\Handlers\FileHandler' driver.
DEBUG - 2025-10-03 09:34:49 --> Session: Class initialized using 'CodeIgniter\Session\Handlers\FileHandler' driver.
DEBUG - 2025-10-03 09:34:51 --> Session: Class initialized using 'CodeIgniter\Session\Handlers\FileHandler' driver.
DEBUG - 2025-10-03 09:34:52 --> Session: Class initialized using 'CodeIgniter\Session\Handlers\FileHandler' driver.
DEBUG - 2025-10-03 09:34:55 --> Session: Class initialized using 'CodeIgniter\Session\Handlers\FileHandler' driver.
DEBUG - 2025-10-03 09:34:57 --> Session: Class initialized using 'CodeIgniter\Session\Handlers\FileHandler' driver.
DEBUG - 2025-10-03 09:34:57 --> Session: Class initialized using 'CodeIgniter\Session\Handlers\FileHandler' driver.
DEBUG - 2025-10-03 09:34:58 --> Session: Class initialized using 'CodeIgniter\Session\Handlers\FileHandler' driver.
DEBUG - 2025-10-03 09:35:01 --> Session: Class initialized using 'CodeIgniter\Session\Handlers\FileHandler' driver.
DEBUG - 2025-10-03 09:35:04 --> Session: Class initialized using 'CodeIgniter\Session\Handlers\FileHandler' driver.
DEBUG - 2025-10-03 09:35:44 --> Session: Class initialized using 'CodeIgniter\Session\Handlers\FileHandler' driver.
DEBUG - 2025-10-03 09:35:51 --> Session: Class initialized using 'CodeIgniter\Session\Handlers\FileHandler' driver.
DEBUG - 2025-10-03 09:35:52 --> Session: Class initialized using 'CodeIgniter\Session\Handlers\FileHandler' driver.
DEBUG - 2025-10-03 09:35:58 --> Session: Class initialized using 'CodeIgniter\Session\Handlers\FileHandler' driver.
DEBUG - 2025-10-03 09:35:58 --> Session: Class initialized using 'CodeIgniter\Session\Handlers\FileHandler' driver.
DEBUG - 2025-10-03 09:36:03 --> Session: Class initialized using 'CodeIgniter\Session\Handlers\FileHandler' driver.
DEBUG - 2025-10-03 09:36:08 --> Session: Class initialized using 'CodeIgniter\Session\Handlers\FileHandler' driver.
DEBUG - 2025-10-03 09:36:09 --> Session: Class initialized using 'CodeIgniter\Session\Handlers\FileHandler' driver.
DEBUG - 2025-10-03 09:36:14 --> Session: Class initialized using 'CodeIgniter\Session\Handlers\FileHandler' driver.
DEBUG - 2025-10-03 09:36:15 --> Session: Class initialized using 'CodeIgniter\Session\Handlers\FileHandler' driver.
DEBUG - 2025-10-03 09:36:27 --> Session: Class initialized using 'CodeIgniter\Session\Handlers\FileHandler' driver.
DEBUG - 2025-10-03 09:36:38 --> Session: Class initialized using 'CodeIgniter\Session\Handlers\FileHandler' driver.
DEBUG - 2025-10-03 09:36:44 --> Session: Class initialized using 'CodeIgniter\Session\Handlers\FileHandler' driver.
DEBUG - 2025-10-03 09:36:48 --> Session: Class initialized using 'CodeIgniter\Session\Handlers\FileHandler' driver.
DEBUG - 2025-10-03 09:37:02 --> Session: Class initialized using 'CodeIgniter\Session\Handlers\FileHandler' driver.
DEBUG - 2025-10-03 09:37:09 --> Session: Class initialized using 'CodeIgniter\Session\Handlers\FileHandler' driver.
DEBUG - 2025-10-03 09:37:10 --> Session: Class initialized using 'CodeIgniter\Session\Handlers\FileHandler' driver.
DEBUG - 2025-10-03 09:37:15 --> Session: Class initialized using 'CodeIgniter\Session\Handlers\FileHandler' driver.
DEBUG - 2025-10-03 09:37:16 --> Session: Class initialized using 'CodeIgniter\Session\Handlers\FileHandler' driver.
DEBUG - 2025-10-03 09:37:19 --> Session: Class initialized using 'CodeIgniter\Session\Handlers\FileHandler' driver.
DEBUG - 2025-10-03 09:37:24 --> Session: Class initialized using 'CodeIgniter\Session\Handlers\FileHandler' driver.
DEBUG - 2025-10-03 09:37:25 --> Session: Class initialized using 'CodeIgniter\Session\Handlers\FileHandler' driver.
DEBUG - 2025-10-03 09:37:30 --> Session: Class initialized using 'CodeIgniter\Session\Handlers\FileHandler' driver.
DEBUG - 2025-10-03 09:37:31 --> Session: Class initialized using 'CodeIgniter\Session\Handlers\FileHandler' driver.
DEBUG - 2025-10-03 09:37:34 --> Session: Class initialized using 'CodeIgniter\Session\Handlers\FileHandler' driver.
DEBUG - 2025-10-03 09:37:38 --> Session: Class initialized using 'CodeIgniter\Session\Handlers\FileHandler' driver.
DEBUG - 2025-10-03 09:37:39 --> Session: Class initialized using 'CodeIgniter\Session\Handlers\FileHandler' driver.
DEBUG - 2025-10-03 09:37:43 --> Session: Class initialized using 'CodeIgniter\Session\Handlers\FileHandler' driver.
DEBUG - 2025-10-03 09:37:43 --> Session: Class initialized using 'CodeIgniter\Session\Handlers\FileHandler' driver.
DEBUG - 2025-10-03 09:37:47 --> Session: Class initialized using 'CodeIgniter\Session\Handlers\FileHandler' driver.
DEBUG - 2025-10-03 09:37:50 --> Session: Class initialized using 'CodeIgniter\Session\Handlers\FileHandler' driver.
DEBUG - 2025-10-03 09:37:51 --> Session: Class initialized using 'CodeIgniter\Session\Handlers\FileHandler' driver.
DEBUG - 2025-10-03 09:38:04 --> Session: Class initialized using 'CodeIgniter\Session\Handlers\FileHandler' driver.
DEBUG - 2025-10-03 09:38:05 --> Session: Class initialized using 'CodeIgniter\Session\Handlers\FileHandler' driver.
DEBUG - 2025-10-03 09:38:09 --> Session: Class initialized using 'CodeIgniter\Session\Handlers\FileHandler' driver.
DEBUG - 2025-10-03 09:38:10 --> Session: Class initialized using 'CodeIgniter\Session\Handlers\FileHandler' driver.
DEBUG - 2025-10-03 09:38:14 --> Session: Class initialized using 'CodeIgniter\Session\Handlers\FileHandler' driver.
DEBUG - 2025-10-03 09:38:17 --> Session: Class initialized using 'CodeIgniter\Session\Handlers\FileHandler' driver.
DEBUG - 2025-10-03 09:38:18 --> Session: Class initialized using 'CodeIgniter\Session\Handlers\FileHandler' driver.
DEBUG - 2025-10-03 09:38:24 --> Session: Class initialized using 'CodeIgniter\Session\Handlers\FileHandler' driver.
DEBUG - 2025-10-03 09:38:24 --> Session: Class initialized using 'CodeIgniter\Session\Handlers\FileHandler' driver.
DEBUG - 2025-10-03 09:38:26 --> Session: Class initialized using 'CodeIgniter\Session\Handlers\FileHandler' driver.
DEBUG - 2025-10-03 09:38:28 --> Session: Class initialized using 'CodeIgniter\Session\Handlers\FileHandler' driver.
DEBUG - 2025-10-03 09:38:32 --> Session: Class initialized using 'CodeIgniter\Session\Handlers\FileHandler' driver.
DEBUG - 2025-10-03 09:38:35 --> Session: Class initialized using 'CodeIgniter\Session\Handlers\FileHandler' driver.
DEBUG - 2025-10-03 09:38:35 --> Session: Class initialized using 'CodeIgniter\Session\Handlers\FileHandler' driver.
DEBUG - 2025-10-03 09:38:38 --> Session: Class initialized using 'CodeIgniter\Session\Handlers\FileHandler' driver.
DEBUG - 2025-10-03 09:38:39 --> Session: Class initialized using 'CodeIgniter\Session\Handlers\FileHandler' driver.
DEBUG - 2025-10-03 09:38:42 --> Session: Class initialized using 'CodeIgniter\Session\Handlers\FileHandler' driver.
DEBUG - 2025-10-03 09:38:46 --> Session: Class initialized using 'CodeIgniter\Session\Handlers\FileHandler' driver.
DEBUG - 2025-10-03 09:38:46 --> Session: Class initialized using 'CodeIgniter\Session\Handlers\FileHandler' driver.
DEBUG - 2025-10-03 09:39:04 --> Session: Class initialized using 'CodeIgniter\Session\Handlers\FileHandler' driver.
DEBUG - 2025-10-03 09:39:48 --> Session: Class initialized using 'CodeIgniter\Session\Handlers\FileHandler' driver.
DEBUG - 2025-10-03 09:39:55 --> Session: Class initialized using 'CodeIgniter\Session\Handlers\FileHandler' driver.
DEBUG - 2025-10-03 09:40:03 --> Session: Class initialized using 'CodeIgniter\Session\Handlers\FileHandler' driver.
DEBUG - 2025-10-03 09:40:16 --> Session: Class initialized using 'CodeIgniter\Session\Handlers\FileHandler' driver.
DEBUG - 2025-10-03 09:43:53 --> Session: Class initialized using 'CodeIgniter\Session\Handlers\FileHandler' driver.
DEBUG - 2025-10-03 09:44:20 --> Session: Class initialized using 'CodeIgniter\Session\Handlers\FileHandler' driver.
DEBUG - 2025-10-03 09:44:55 --> Session: Class initialized using 'CodeIgniter\Session\Handlers\FileHandler' driver.
DEBUG - 2025-10-03 09:44:59 --> Session: Class initialized using 'CodeIgniter\Session\Handlers\FileHandler' driver.
DEBUG - 2025-10-03 09:45:24 --> Session: Class initialized using 'CodeIgniter\Session\Handlers\FileHandler' driver.
DEBUG - 2025-10-03 09:45:25 --> Session: Class initialized using 'CodeIgniter\Session\Handlers\FileHandler' driver.
DEBUG - 2025-10-03 09:45:25 --> Session: Class initialized using 'CodeIgniter\Session\Handlers\FileHandler' driver.
DEBUG - 2025-10-03 09:45:29 --> Session: Class initialized using 'CodeIgniter\Session\Handlers\FileHandler' driver.
DEBUG - 2025-10-03 09:45:29 --> Session: Class initialized using 'CodeIgniter\Session\Handlers\FileHandler' driver.
DEBUG - 2025-10-03 09:45:30 --> Session: Class initialized using 'CodeIgniter\Session\Handlers\FileHandler' driver.
DEBUG - 2025-10-03 09:45:34 --> Session: Class initialized using 'CodeIgniter\Session\Handlers\FileHandler' driver.
DEBUG - 2025-10-03 09:45:39 --> Session: Class initialized using 'CodeIgniter\Session\Handlers\FileHandler' driver.
DEBUG - 2025-10-03 09:45:45 --> Session: Class initialized using 'CodeIgniter\Session\Handlers\FileHandler' driver.
DEBUG - 2025-10-03 09:46:57 --> Session: Class initialized using 'CodeIgniter\Session\Handlers\FileHandler' driver.
DEBUG - 2025-10-03 09:47:44 --> Session: Class initialized using 'CodeIgniter\Session\Handlers\FileHandler' driver.
DEBUG - 2025-10-03 09:47:44 --> Session: Class initialized using 'CodeIgniter\Session\Handlers\FileHandler' driver.
DEBUG - 2025-10-03 09:47:47 --> Session: Class initialized using 'CodeIgniter\Session\Handlers\FileHandler' driver.
DEBUG - 2025-10-03 09:47:49 --> Session: Class initialized using 'CodeIgniter\Session\Handlers\FileHandler' driver.
DEBUG - 2025-10-03 09:47:54 --> Session: Class initialized using 'CodeIgniter\Session\Handlers\FileHandler' driver.
DEBUG - 2025-10-03 09:47:55 --> Session: Class initialized using 'CodeIgniter\Session\Handlers\FileHandler' driver.
DEBUG - 2025-10-03 09:47:57 --> Session: Class initialized using 'CodeIgniter\Session\Handlers\FileHandler' driver.
DEBUG - 2025-10-03 09:48:25 --> Session: Class initialized using 'CodeIgniter\Session\Handlers\FileHandler' driver.
DEBUG - 2025-10-03 09:48:25 --> Session: Class initialized using 'CodeIgniter\Session\Handlers\FileHandler' driver.
DEBUG - 2025-10-03 09:48:27 --> Session: Class initialized using 'CodeIgniter\Session\Handlers\FileHandler' driver.
DEBUG - 2025-10-03 09:48:30 --> Session: Class initialized using 'CodeIgniter\Session\Handlers\FileHandler' driver.
DEBUG - 2025-10-03 09:48:33 --> Session: Class initialized using 'CodeIgniter\Session\Handlers\FileHandler' driver.
DEBUG - 2025-10-03 09:48:34 --> Session: Class initialized using 'CodeIgniter\Session\Handlers\FileHandler' driver.
DEBUG - 2025-10-03 09:48:36 --> Session: Class initialized using 'CodeIgniter\Session\Handlers\FileHandler' driver.
DEBUG - 2025-10-03 09:48:45 --> Session: Class initialized using 'CodeIgniter\Session\Handlers\FileHandler' driver.
DEBUG - 2025-10-03 09:48:47 --> Session: Class initialized using 'CodeIgniter\Session\Handlers\FileHandler' driver.
DEBUG - 2025-10-03 09:48:48 --> Session: Class initialized using 'CodeIgniter\Session\Handlers\FileHandler' driver.
DEBUG - 2025-10-03 09:49:49 --> Session: Class initialized using 'CodeIgniter\Session\Handlers\FileHandler' driver.
DEBUG - 2025-10-03 09:50:37 --> Session: Class initialized using 'CodeIgniter\Session\Handlers\FileHandler' driver.
DEBUG - 2025-10-03 09:50:44 --> Session: Class initialized using 'CodeIgniter\Session\Handlers\FileHandler' driver.
DEBUG - 2025-10-03 09:50:51 --> Session: Class initialized using 'CodeIgniter\Session\Handlers\FileHandler' driver.
DEBUG - 2025-10-03 09:51:52 --> Session: Class initialized using 'CodeIgniter\Session\Handlers\FileHandler' driver.
CRITICAL - 2025-10-03 09:51:52 --> ErrorException: Cannot redeclare App\Controllers\ResultController::show()
[Method: GET, Route: result/view/44/2]
in APPPATH\Controllers\ResultController.php on line 681.
 1 [internal function]: CodeIgniter\Debug\Exceptions->shutdownHandler()
DEBUG - 2025-10-03 09:52:03 --> Session: Class initialized using 'CodeIgniter\Session\Handlers\FileHandler' driver.
CRITICAL - 2025-10-03 09:52:03 --> Error: Class "App\Controllers\Academy" not found
[Method: GET, Route: result/view/44/2]
in APPPATH\Controllers\ResultController.php on line 689.
 1 SYSTEMPATH\CodeIgniter.php(933): App\Controllers\ResultController->view('44', '2')
 2 SYSTEMPATH\CodeIgniter.php(507): CodeIgniter\CodeIgniter->runController(Object(App\Controllers\ResultController))
 3 SYSTEMPATH\CodeIgniter.php(354): CodeIgniter\CodeIgniter->handleRequest(null, Object(Config\Cache), false)
 4 SYSTEMPATH\Boot.php(363): CodeIgniter\CodeIgniter->run()
 5 SYSTEMPATH\Boot.php(68): CodeIgniter\Boot::runCodeIgniter(Object(CodeIgniter\CodeIgniter))
 6 FCPATH\index.php(59): CodeIgniter\Boot::bootWeb(Object(Config\Paths))
DEBUG - 2025-10-03 09:54:01 --> Session: Class initialized using 'CodeIgniter\Session\Handlers\FileHandler' driver.
CRITICAL - 2025-10-03 09:54:01 --> Error: Object of class App\Models\User could not be converted to string
[Method: GET, Route: result/view/44/2]
in SYSTEMPATH\Database\Query.php on line 339.
 1 SYSTEMPATH\Database\Query.php(339): strtr('SELECT *
FROM `results`
WHERE `class_id` = :class_id:
AND `student_id` = :student_id:', [...])
 2 SYSTEMPATH\Database\Query.php(314): CodeIgniter\Database\Query->matchNamedBinds('SELECT *
FROM `results`
WHERE `class_id` = :class_id:
AND `student_id` = :student_id:', [...])
 3 SYSTEMPATH\Database\Query.php(163): CodeIgniter\Database\Query->compileBinds()
 4 SYSTEMPATH\Database\BaseConnection.php(646): CodeIgniter\Database\Query->getQuery()
 5 SYSTEMPATH\Database\BaseBuilder.php(1649): CodeIgniter\Database\BaseConnection->query('SELECT *
FROM `results`
WHERE `class_id` = :class_id:
AND `student_id` = :student_id:', [...], false)
 6 SYSTEMPATH\Model.php(286): CodeIgniter\Database\BaseBuilder->get()
 7 SYSTEMPATH\BaseModel.php(677): CodeIgniter\Model->doFindAll(0, 0)
 8 APPPATH\Controllers\ResultController.php(696): CodeIgniter\BaseModel->findAll()
 9 SYSTEMPATH\CodeIgniter.php(933): App\Controllers\ResultController->view(Object(App\Models\User), '2')
10 SYSTEMPATH\CodeIgniter.php(507): CodeIgniter\CodeIgniter->runController(Object(App\Controllers\ResultController))
11 SYSTEMPATH\CodeIgniter.php(354): CodeIgniter\CodeIgniter->handleRequest(null, Object(Config\Cache), false)
12 SYSTEMPATH\Boot.php(363): CodeIgniter\CodeIgniter->run()
13 SYSTEMPATH\Boot.php(68): CodeIgniter\Boot::runCodeIgniter(Object(CodeIgniter\CodeIgniter))
14 FCPATH\index.php(59): CodeIgniter\Boot::bootWeb(Object(Config\Paths))
DEBUG - 2025-10-03 09:54:39 --> Session: Class initialized using 'CodeIgniter\Session\Handlers\FileHandler' driver.
CRITICAL - 2025-10-03 09:54:39 --> Error: Object of class App\Models\User could not be converted to string
[Method: GET, Route: result/view/44/2]
in SYSTEMPATH\Database\Query.php on line 339.
 1 SYSTEMPATH\Database\Query.php(339): strtr('SELECT *
FROM `results`
WHERE `class_id` = :class_id:
AND `student_id` = :student_id:', [...])
 2 SYSTEMPATH\Database\Query.php(314): CodeIgniter\Database\Query->matchNamedBinds('SELECT *
FROM `results`
WHERE `class_id` = :class_id:
AND `student_id` = :student_id:', [...])
 3 SYSTEMPATH\Database\Query.php(163): CodeIgniter\Database\Query->compileBinds()
 4 SYSTEMPATH\Database\BaseConnection.php(646): CodeIgniter\Database\Query->getQuery()
 5 SYSTEMPATH\Database\BaseBuilder.php(1649): CodeIgniter\Database\BaseConnection->query('SELECT *
FROM `results`
WHERE `class_id` = :class_id:
AND `student_id` = :student_id:', [...], false)
 6 SYSTEMPATH\Model.php(286): CodeIgniter\Database\BaseBuilder->get()
 7 SYSTEMPATH\BaseModel.php(677): CodeIgniter\Model->doFindAll(0, 0)
 8 APPPATH\Controllers\ResultController.php(696): CodeIgniter\BaseModel->findAll()
 9 SYSTEMPATH\CodeIgniter.php(933): App\Controllers\ResultController->view(Object(App\Models\User), '2')
10 SYSTEMPATH\CodeIgniter.php(507): CodeIgniter\CodeIgniter->runController(Object(App\Controllers\ResultController))
11 SYSTEMPATH\CodeIgniter.php(354): CodeIgniter\CodeIgniter->handleRequest(null, Object(Config\Cache), false)
12 SYSTEMPATH\Boot.php(363): CodeIgniter\CodeIgniter->run()
13 SYSTEMPATH\Boot.php(68): CodeIgniter\Boot::runCodeIgniter(Object(CodeIgniter\CodeIgniter))
14 FCPATH\index.php(59): CodeIgniter\Boot::bootWeb(Object(Config\Paths))
DEBUG - 2025-10-03 09:54:51 --> Session: Class initialized using 'CodeIgniter\Session\Handlers\FileHandler' driver.
CRITICAL - 2025-10-03 09:54:51 --> Error: Object of class App\Models\User could not be converted to string
[Method: GET, Route: result/view/44/2]
in SYSTEMPATH\Database\Query.php on line 339.
 1 SYSTEMPATH\Database\Query.php(339): strtr('SELECT *
FROM `results`
WHERE `course_id` = :course_id:
AND `student_id` = :student_id:', [...])
 2 SYSTEMPATH\Database\Query.php(314): CodeIgniter\Database\Query->matchNamedBinds('SELECT *
FROM `results`
WHERE `course_id` = :course_id:
AND `student_id` = :student_id:', [...])
 3 SYSTEMPATH\Database\Query.php(163): CodeIgniter\Database\Query->compileBinds()
 4 SYSTEMPATH\Database\BaseConnection.php(646): CodeIgniter\Database\Query->getQuery()
 5 SYSTEMPATH\Database\BaseBuilder.php(1649): CodeIgniter\Database\BaseConnection->query('SELECT *
FROM `results`
WHERE `course_id` = :course_id:
AND `student_id` = :student_id:', [...], false)
 6 SYSTEMPATH\Model.php(286): CodeIgniter\Database\BaseBuilder->get()
 7 SYSTEMPATH\BaseModel.php(677): CodeIgniter\Model->doFindAll(0, 0)
 8 APPPATH\Controllers\ResultController.php(696): CodeIgniter\BaseModel->findAll()
 9 SYSTEMPATH\CodeIgniter.php(933): App\Controllers\ResultController->view(Object(App\Models\User), '2')
10 SYSTEMPATH\CodeIgniter.php(507): CodeIgniter\CodeIgniter->runController(Object(App\Controllers\ResultController))
11 SYSTEMPATH\CodeIgniter.php(354): CodeIgniter\CodeIgniter->handleRequest(null, Object(Config\Cache), false)
12 SYSTEMPATH\Boot.php(363): CodeIgniter\CodeIgniter->run()
13 SYSTEMPATH\Boot.php(68): CodeIgniter\Boot::runCodeIgniter(Object(CodeIgniter\CodeIgniter))
14 FCPATH\index.php(59): CodeIgniter\Boot::bootWeb(Object(Config\Paths))
DEBUG - 2025-10-03 09:56:02 --> Session: Class initialized using 'CodeIgniter\Session\Handlers\FileHandler' driver.
DEBUG - 2025-10-03 09:56:25 --> Session: Class initialized using 'CodeIgniter\Session\Handlers\FileHandler' driver.
DEBUG - 2025-10-03 09:56:39 --> Session: Class initialized using 'CodeIgniter\Session\Handlers\FileHandler' driver.
CRITICAL - 2025-10-03 09:56:39 --> ErrorException: Undefined variable $print
[Method: GET, Route: result/view/44/2]
in APPPATH\Views\result\view.php on line 6.
 1 APPPATH\Views\result\view.php(6): CodeIgniter\Debug\Exceptions->errorHandler(2, 'Undefined variable $print', 'C:\\xampp\\htdocs\\muzani\\app\\Views\\result\\view.php', 6)
 2 SYSTEMPATH\View\View.php(226): include('C:\\xampp\\htdocs\\muzani\\app\\Views\\result\\view.php')
 3 SYSTEMPATH\View\View.php(229): CodeIgniter\View\View->CodeIgniter\View\{closure}()
 4 SYSTEMPATH\Common.php(1167): CodeIgniter\View\View->render('result/view', [], true)
 5 APPPATH\Controllers\ResultController.php(708): view('result/view', [...])
 6 SYSTEMPATH\CodeIgniter.php(933): App\Controllers\ResultController->view('44', '2')
 7 SYSTEMPATH\CodeIgniter.php(507): CodeIgniter\CodeIgniter->runController(Object(App\Controllers\ResultController))
 8 SYSTEMPATH\CodeIgniter.php(354): CodeIgniter\CodeIgniter->handleRequest(null, Object(Config\Cache), false)
 9 SYSTEMPATH\Boot.php(363): CodeIgniter\CodeIgniter->run()
10 SYSTEMPATH\Boot.php(68): CodeIgniter\Boot::runCodeIgniter(Object(CodeIgniter\CodeIgniter))
11 FCPATH\index.php(59): CodeIgniter\Boot::bootWeb(Object(Config\Paths))
DEBUG - 2025-10-03 09:56:54 --> Session: Class initialized using 'CodeIgniter\Session\Handlers\FileHandler' driver.
CRITICAL - 2025-10-03 09:56:54 --> Error: Cannot use object of type App\Models\Result as array
[Method: GET, Route: result/view/44/2]
in APPPATH\Views\result\view.php on line 7.
 1 SYSTEMPATH\View\View.php(226): include()
 2 SYSTEMPATH\View\View.php(229): CodeIgniter\View\View->CodeIgniter\View\{closure}()
 3 SYSTEMPATH\Common.php(1167): CodeIgniter\View\View->render('result/view', [], true)
 4 APPPATH\Controllers\ResultController.php(708): view('result/view', [...])
 5 SYSTEMPATH\CodeIgniter.php(933): App\Controllers\ResultController->view('44', '2')
 6 SYSTEMPATH\CodeIgniter.php(507): CodeIgniter\CodeIgniter->runController(Object(App\Controllers\ResultController))
 7 SYSTEMPATH\CodeIgniter.php(354): CodeIgniter\CodeIgniter->handleRequest(null, Object(Config\Cache), false)
 8 SYSTEMPATH\Boot.php(363): CodeIgniter\CodeIgniter->run()
 9 SYSTEMPATH\Boot.php(68): CodeIgniter\Boot::runCodeIgniter(Object(CodeIgniter\CodeIgniter))
10 FCPATH\index.php(59): CodeIgniter\Boot::bootWeb(Object(Config\Paths))
DEBUG - 2025-10-03 09:57:04 --> Session: Class initialized using 'CodeIgniter\Session\Handlers\FileHandler' driver.
CRITICAL - 2025-10-03 09:57:04 --> ErrorException: Undefined array key "status"
[Method: GET, Route: result/view/44/2]
in APPPATH\Views\result\view.php on line 7.
 1 APPPATH\Views\result\view.php(7): CodeIgniter\Debug\Exceptions->errorHandler(2, 'Undefined array key "status"', 'C:\\xampp\\htdocs\\muzani\\app\\Views\\result\\view.php', 7)
 2 SYSTEMPATH\View\View.php(226): include('C:\\xampp\\htdocs\\muzani\\app\\Views\\result\\view.php')
 3 SYSTEMPATH\View\View.php(229): CodeIgniter\View\View->CodeIgniter\View\{closure}()
 4 SYSTEMPATH\Common.php(1167): CodeIgniter\View\View->render('result/view', [], true)
 5 APPPATH\Controllers\ResultController.php(708): view('result/view', [...])
 6 SYSTEMPATH\CodeIgniter.php(933): App\Controllers\ResultController->view('44', '2')
 7 SYSTEMPATH\CodeIgniter.php(507): CodeIgniter\CodeIgniter->runController(Object(App\Controllers\ResultController))
 8 SYSTEMPATH\CodeIgniter.php(354): CodeIgniter\CodeIgniter->handleRequest(null, Object(Config\Cache), false)
 9 SYSTEMPATH\Boot.php(363): CodeIgniter\CodeIgniter->run()
10 SYSTEMPATH\Boot.php(68): CodeIgniter\Boot::runCodeIgniter(Object(CodeIgniter\CodeIgniter))
11 FCPATH\index.php(59): CodeIgniter\Boot::bootWeb(Object(Config\Paths))
DEBUG - 2025-10-03 09:57:38 --> Session: Class initialized using 'CodeIgniter\Session\Handlers\FileHandler' driver.
CRITICAL - 2025-10-03 09:57:38 --> ErrorException: Undefined array key "status"
[Method: GET, Route: result/view/44/2]
in APPPATH\Views\result\view.php on line 7.
 1 APPPATH\Views\result\view.php(7): CodeIgniter\Debug\Exceptions->errorHandler(2, 'Undefined array key "status"', 'C:\\xampp\\htdocs\\muzani\\app\\Views\\result\\view.php', 7)
 2 SYSTEMPATH\View\View.php(226): include('C:\\xampp\\htdocs\\muzani\\app\\Views\\result\\view.php')
 3 SYSTEMPATH\View\View.php(229): CodeIgniter\View\View->CodeIgniter\View\{closure}()
 4 SYSTEMPATH\Common.php(1167): CodeIgniter\View\View->render('result/view', [], true)
 5 APPPATH\Controllers\ResultController.php(708): view('result/view', [...])
 6 SYSTEMPATH\CodeIgniter.php(933): App\Controllers\ResultController->view('44', '2')
 7 SYSTEMPATH\CodeIgniter.php(507): CodeIgniter\CodeIgniter->runController(Object(App\Controllers\ResultController))
 8 SYSTEMPATH\CodeIgniter.php(354): CodeIgniter\CodeIgniter->handleRequest(null, Object(Config\Cache), false)
 9 SYSTEMPATH\Boot.php(363): CodeIgniter\CodeIgniter->run()
10 SYSTEMPATH\Boot.php(68): CodeIgniter\Boot::runCodeIgniter(Object(CodeIgniter\CodeIgniter))
11 FCPATH\index.php(59): CodeIgniter\Boot::bootWeb(Object(Config\Paths))
DEBUG - 2025-10-03 09:57:48 --> Session: Class initialized using 'CodeIgniter\Session\Handlers\FileHandler' driver.
CRITICAL - 2025-10-03 09:57:48 --> ErrorException: Undefined array key "status"
[Method: GET, Route: result/view/44/2]
in APPPATH\Views\result\view.php on line 7.
 1 APPPATH\Views\result\view.php(7): CodeIgniter\Debug\Exceptions->errorHandler(2, 'Undefined array key "status"', 'C:\\xampp\\htdocs\\muzani\\app\\Views\\result\\view.php', 7)
 2 SYSTEMPATH\View\View.php(226): include('C:\\xampp\\htdocs\\muzani\\app\\Views\\result\\view.php')
 3 SYSTEMPATH\View\View.php(229): CodeIgniter\View\View->CodeIgniter\View\{closure}()
 4 SYSTEMPATH\Common.php(1167): CodeIgniter\View\View->render('result/view', [], true)
 5 APPPATH\Controllers\ResultController.php(708): view('result/view', [...])
 6 SYSTEMPATH\CodeIgniter.php(933): App\Controllers\ResultController->view('44', '2')
 7 SYSTEMPATH\CodeIgniter.php(507): CodeIgniter\CodeIgniter->runController(Object(App\Controllers\ResultController))
 8 SYSTEMPATH\CodeIgniter.php(354): CodeIgniter\CodeIgniter->handleRequest(null, Object(Config\Cache), false)
 9 SYSTEMPATH\Boot.php(363): CodeIgniter\CodeIgniter->run()
10 SYSTEMPATH\Boot.php(68): CodeIgniter\Boot::runCodeIgniter(Object(CodeIgniter\CodeIgniter))
11 FCPATH\index.php(59): CodeIgniter\Boot::bootWeb(Object(Config\Paths))
DEBUG - 2025-10-03 09:59:03 --> Session: Class initialized using 'CodeIgniter\Session\Handlers\FileHandler' driver.
CRITICAL - 2025-10-03 09:59:03 --> ErrorException: Undefined array key "status"
[Method: GET, Route: result/view/44/2]
in APPPATH\Views\result\view.php on line 7.
 1 APPPATH\Views\result\view.php(7): CodeIgniter\Debug\Exceptions->errorHandler(2, 'Undefined array key "status"', 'C:\\xampp\\htdocs\\muzani\\app\\Views\\result\\view.php', 7)
 2 SYSTEMPATH\View\View.php(226): include('C:\\xampp\\htdocs\\muzani\\app\\Views\\result\\view.php')
 3 SYSTEMPATH\View\View.php(229): CodeIgniter\View\View->CodeIgniter\View\{closure}()
 4 SYSTEMPATH\Common.php(1167): CodeIgniter\View\View->render('result/view', [], true)
 5 APPPATH\Controllers\ResultController.php(708): view('result/view', [...])
 6 SYSTEMPATH\CodeIgniter.php(933): App\Controllers\ResultController->view('44', '2')
 7 SYSTEMPATH\CodeIgniter.php(507): CodeIgniter\CodeIgniter->runController(Object(App\Controllers\ResultController))
 8 SYSTEMPATH\CodeIgniter.php(354): CodeIgniter\CodeIgniter->handleRequest(null, Object(Config\Cache), false)
 9 SYSTEMPATH\Boot.php(363): CodeIgniter\CodeIgniter->run()
10 SYSTEMPATH\Boot.php(68): CodeIgniter\Boot::runCodeIgniter(Object(CodeIgniter\CodeIgniter))
11 FCPATH\index.php(59): CodeIgniter\Boot::bootWeb(Object(Config\Paths))
DEBUG - 2025-10-03 09:59:21 --> Session: Class initialized using 'CodeIgniter\Session\Handlers\FileHandler' driver.
CRITICAL - 2025-10-03 09:59:21 --> ErrorException: Undefined array key "class_id"
[Method: GET, Route: result/view/44/2]
in APPPATH\Views\result\view.php on line 10.
 1 APPPATH\Views\result\view.php(10): CodeIgniter\Debug\Exceptions->errorHandler(2, 'Undefined array key "class_id"', 'C:\\xampp\\htdocs\\muzani\\app\\Views\\result\\view.php', 10)
 2 SYSTEMPATH\View\View.php(226): include('C:\\xampp\\htdocs\\muzani\\app\\Views\\result\\view.php')
 3 SYSTEMPATH\View\View.php(229): CodeIgniter\View\View->CodeIgniter\View\{closure}()
 4 SYSTEMPATH\Common.php(1167): CodeIgniter\View\View->render('result/view', [], true)
 5 APPPATH\Controllers\ResultController.php(708): view('result/view', [...])
 6 SYSTEMPATH\CodeIgniter.php(933): App\Controllers\ResultController->view('44', '2')
 7 SYSTEMPATH\CodeIgniter.php(507): CodeIgniter\CodeIgniter->runController(Object(App\Controllers\ResultController))
 8 SYSTEMPATH\CodeIgniter.php(354): CodeIgniter\CodeIgniter->handleRequest(null, Object(Config\Cache), false)
 9 SYSTEMPATH\Boot.php(363): CodeIgniter\CodeIgniter->run()
10 SYSTEMPATH\Boot.php(68): CodeIgniter\Boot::runCodeIgniter(Object(CodeIgniter\CodeIgniter))
11 FCPATH\index.php(59): CodeIgniter\Boot::bootWeb(Object(Config\Paths))
DEBUG - 2025-10-03 09:59:42 --> Session: Class initialized using 'CodeIgniter\Session\Handlers\FileHandler' driver.
CRITICAL - 2025-10-03 09:59:42 --> ErrorException: Undefined variable $print
[Method: GET, Route: result/view/44/2]
in APPPATH\Views\result\view.php on line 27.
 1 APPPATH\Views\result\view.php(27): CodeIgniter\Debug\Exceptions->errorHandler(2, 'Undefined variable $print', 'C:\\xampp\\htdocs\\muzani\\app\\Views\\result\\view.php', 27)
 2 SYSTEMPATH\View\View.php(226): include('C:\\xampp\\htdocs\\muzani\\app\\Views\\result\\view.php')
 3 SYSTEMPATH\View\View.php(229): CodeIgniter\View\View->CodeIgniter\View\{closure}()
 4 SYSTEMPATH\Common.php(1167): CodeIgniter\View\View->render('result/view', [], true)
 5 APPPATH\Controllers\ResultController.php(708): view('result/view', [...])
 6 SYSTEMPATH\CodeIgniter.php(933): App\Controllers\ResultController->view('44', '2')
 7 SYSTEMPATH\CodeIgniter.php(507): CodeIgniter\CodeIgniter->runController(Object(App\Controllers\ResultController))
 8 SYSTEMPATH\CodeIgniter.php(354): CodeIgniter\CodeIgniter->handleRequest(null, Object(Config\Cache), false)
 9 SYSTEMPATH\Boot.php(363): CodeIgniter\CodeIgniter->run()
10 SYSTEMPATH\Boot.php(68): CodeIgniter\Boot::runCodeIgniter(Object(CodeIgniter\CodeIgniter))
11 FCPATH\index.php(59): CodeIgniter\Boot::bootWeb(Object(Config\Paths))
DEBUG - 2025-10-03 10:00:05 --> Session: Class initialized using 'CodeIgniter\Session\Handlers\FileHandler' driver.
CRITICAL - 2025-10-03 10:00:05 --> ErrorException: Undefined variable $print
[Method: GET, Route: result/view/44/2]
in APPPATH\Views\result\view.php on line 27.
 1 APPPATH\Views\result\view.php(27): CodeIgniter\Debug\Exceptions->errorHandler(2, 'Undefined variable $print', 'C:\\xampp\\htdocs\\muzani\\app\\Views\\result\\view.php', 27)
 2 SYSTEMPATH\View\View.php(226): include('C:\\xampp\\htdocs\\muzani\\app\\Views\\result\\view.php')
 3 SYSTEMPATH\View\View.php(229): CodeIgniter\View\View->CodeIgniter\View\{closure}()
 4 SYSTEMPATH\Common.php(1167): CodeIgniter\View\View->render('result/view', [], true)
 5 APPPATH\Controllers\ResultController.php(708): view('result/view', [...])
 6 SYSTEMPATH\CodeIgniter.php(933): App\Controllers\ResultController->view('44', '2')
 7 SYSTEMPATH\CodeIgniter.php(507): CodeIgniter\CodeIgniter->runController(Object(App\Controllers\ResultController))
 8 SYSTEMPATH\CodeIgniter.php(354): CodeIgniter\CodeIgniter->handleRequest(null, Object(Config\Cache), false)
 9 SYSTEMPATH\Boot.php(363): CodeIgniter\CodeIgniter->run()
10 SYSTEMPATH\Boot.php(68): CodeIgniter\Boot::runCodeIgniter(Object(CodeIgniter\CodeIgniter))
11 FCPATH\index.php(59): CodeIgniter\Boot::bootWeb(Object(Config\Paths))
DEBUG - 2025-10-03 10:00:18 --> Session: Class initialized using 'CodeIgniter\Session\Handlers\FileHandler' driver.
CRITICAL - 2025-10-03 10:00:18 --> ErrorException: Undefined variable $r
[Method: GET, Route: result/view/44/2]
in APPPATH\Views\result\view.php on line 51.
 1 APPPATH\Views\result\view.php(51): CodeIgniter\Debug\Exceptions->errorHandler(2, 'Undefined variable $r', 'C:\\xampp\\htdocs\\muzani\\app\\Views\\result\\view.php', 51)
 2 SYSTEMPATH\View\View.php(226): include('C:\\xampp\\htdocs\\muzani\\app\\Views\\result\\view.php')
 3 SYSTEMPATH\View\View.php(229): CodeIgniter\View\View->CodeIgniter\View\{closure}()
 4 SYSTEMPATH\Common.php(1167): CodeIgniter\View\View->render('result/view', [], true)
 5 APPPATH\Controllers\ResultController.php(708): view('result/view', [...])
 6 SYSTEMPATH\CodeIgniter.php(933): App\Controllers\ResultController->view('44', '2')
 7 SYSTEMPATH\CodeIgniter.php(507): CodeIgniter\CodeIgniter->runController(Object(App\Controllers\ResultController))
 8 SYSTEMPATH\CodeIgniter.php(354): CodeIgniter\CodeIgniter->handleRequest(null, Object(Config\Cache), false)
 9 SYSTEMPATH\Boot.php(363): CodeIgniter\CodeIgniter->run()
10 SYSTEMPATH\Boot.php(68): CodeIgniter\Boot::runCodeIgniter(Object(CodeIgniter\CodeIgniter))
11 FCPATH\index.php(59): CodeIgniter\Boot::bootWeb(Object(Config\Paths))
DEBUG - 2025-10-03 10:00:30 --> Session: Class initialized using 'CodeIgniter\Session\Handlers\FileHandler' driver.
CRITICAL - 2025-10-03 10:00:30 --> ErrorException: Undefined array key "status"
[Method: GET, Route: result/view/44/2]
in APPPATH\Views\result\view.php on line 57.
 1 APPPATH\Views\result\view.php(57): CodeIgniter\Debug\Exceptions->errorHandler(2, 'Undefined array key "status"', 'C:\\xampp\\htdocs\\muzani\\app\\Views\\result\\view.php', 57)
 2 SYSTEMPATH\View\View.php(226): include('C:\\xampp\\htdocs\\muzani\\app\\Views\\result\\view.php')
 3 SYSTEMPATH\View\View.php(229): CodeIgniter\View\View->CodeIgniter\View\{closure}()
 4 SYSTEMPATH\Common.php(1167): CodeIgniter\View\View->render('result/view', [], true)
 5 APPPATH\Controllers\ResultController.php(708): view('result/view', [...])
 6 SYSTEMPATH\CodeIgniter.php(933): App\Controllers\ResultController->view('44', '2')
 7 SYSTEMPATH\CodeIgniter.php(507): CodeIgniter\CodeIgniter->runController(Object(App\Controllers\ResultController))
 8 SYSTEMPATH\CodeIgniter.php(354): CodeIgniter\CodeIgniter->handleRequest(null, Object(Config\Cache), false)
 9 SYSTEMPATH\Boot.php(363): CodeIgniter\CodeIgniter->run()
10 SYSTEMPATH\Boot.php(68): CodeIgniter\Boot::runCodeIgniter(Object(CodeIgniter\CodeIgniter))
11 FCPATH\index.php(59): CodeIgniter\Boot::bootWeb(Object(Config\Paths))
DEBUG - 2025-10-03 10:01:00 --> Session: Class initialized using 'CodeIgniter\Session\Handlers\FileHandler' driver.
CRITICAL - 2025-10-03 10:01:01 --> ErrorException: Undefined array key "status"
[Method: GET, Route: result/view/44/2]
in APPPATH\Views\result\view.php on line 61.
 1 APPPATH\Views\result\view.php(61): CodeIgniter\Debug\Exceptions->errorHandler(2, 'Undefined array key "status"', 'C:\\xampp\\htdocs\\muzani\\app\\Views\\result\\view.php', 61)
 2 SYSTEMPATH\View\View.php(226): include('C:\\xampp\\htdocs\\muzani\\app\\Views\\result\\view.php')
 3 SYSTEMPATH\View\View.php(229): CodeIgniter\View\View->CodeIgniter\View\{closure}()
 4 SYSTEMPATH\Common.php(1167): CodeIgniter\View\View->render('result/view', [], true)
 5 APPPATH\Controllers\ResultController.php(708): view('result/view', [...])
 6 SYSTEMPATH\CodeIgniter.php(933): App\Controllers\ResultController->view('44', '2')
 7 SYSTEMPATH\CodeIgniter.php(507): CodeIgniter\CodeIgniter->runController(Object(App\Controllers\ResultController))
 8 SYSTEMPATH\CodeIgniter.php(354): CodeIgniter\CodeIgniter->handleRequest(null, Object(Config\Cache), false)
 9 SYSTEMPATH\Boot.php(363): CodeIgniter\CodeIgniter->run()
10 SYSTEMPATH\Boot.php(68): CodeIgniter\Boot::runCodeIgniter(Object(CodeIgniter\CodeIgniter))
11 FCPATH\index.php(59): CodeIgniter\Boot::bootWeb(Object(Config\Paths))
DEBUG - 2025-10-03 10:01:11 --> Session: Class initialized using 'CodeIgniter\Session\Handlers\FileHandler' driver.
CRITICAL - 2025-10-03 10:01:11 --> ErrorException: Undefined variable $r
[Method: GET, Route: result/view/44/2]
in APPPATH\Views\result\view.php on line 77.
 1 APPPATH\Views\result\view.php(77): CodeIgniter\Debug\Exceptions->errorHandler(2, 'Undefined variable $r', 'C:\\xampp\\htdocs\\muzani\\app\\Views\\result\\view.php', 77)
 2 SYSTEMPATH\View\View.php(226): include('C:\\xampp\\htdocs\\muzani\\app\\Views\\result\\view.php')
 3 SYSTEMPATH\View\View.php(229): CodeIgniter\View\View->CodeIgniter\View\{closure}()
 4 SYSTEMPATH\Common.php(1167): CodeIgniter\View\View->render('result/view', [], true)
 5 APPPATH\Controllers\ResultController.php(708): view('result/view', [...])
 6 SYSTEMPATH\CodeIgniter.php(933): App\Controllers\ResultController->view('44', '2')
 7 SYSTEMPATH\CodeIgniter.php(507): CodeIgniter\CodeIgniter->runController(Object(App\Controllers\ResultController))
 8 SYSTEMPATH\CodeIgniter.php(354): CodeIgniter\CodeIgniter->handleRequest(null, Object(Config\Cache), false)
 9 SYSTEMPATH\Boot.php(363): CodeIgniter\CodeIgniter->run()
10 SYSTEMPATH\Boot.php(68): CodeIgniter\Boot::runCodeIgniter(Object(CodeIgniter\CodeIgniter))
11 FCPATH\index.php(59): CodeIgniter\Boot::bootWeb(Object(Config\Paths))
DEBUG - 2025-10-03 10:01:20 --> Session: Class initialized using 'CodeIgniter\Session\Handlers\FileHandler' driver.
CRITICAL - 2025-10-03 10:01:20 --> ErrorException: Undefined variable $r
[Method: GET, Route: result/view/44/2]
in APPPATH\Views\result\view.php on line 77.
 1 APPPATH\Views\result\view.php(77): CodeIgniter\Debug\Exceptions->errorHandler(2, 'Undefined variable $r', 'C:\\xampp\\htdocs\\muzani\\app\\Views\\result\\view.php', 77)
 2 SYSTEMPATH\View\View.php(226): include('C:\\xampp\\htdocs\\muzani\\app\\Views\\result\\view.php')
 3 SYSTEMPATH\View\View.php(229): CodeIgniter\View\View->CodeIgniter\View\{closure}()
 4 SYSTEMPATH\Common.php(1167): CodeIgniter\View\View->render('result/view', [], true)
 5 APPPATH\Controllers\ResultController.php(708): view('result/view', [...])
 6 SYSTEMPATH\CodeIgniter.php(933): App\Controllers\ResultController->view('44', '2')
 7 SYSTEMPATH\CodeIgniter.php(507): CodeIgniter\CodeIgniter->runController(Object(App\Controllers\ResultController))
 8 SYSTEMPATH\CodeIgniter.php(354): CodeIgniter\CodeIgniter->handleRequest(null, Object(Config\Cache), false)
 9 SYSTEMPATH\Boot.php(363): CodeIgniter\CodeIgniter->run()
10 SYSTEMPATH\Boot.php(68): CodeIgniter\Boot::runCodeIgniter(Object(CodeIgniter\CodeIgniter))
11 FCPATH\index.php(59): CodeIgniter\Boot::bootWeb(Object(Config\Paths))
DEBUG - 2025-10-03 10:01:31 --> Session: Class initialized using 'CodeIgniter\Session\Handlers\FileHandler' driver.
CRITICAL - 2025-10-03 10:01:31 --> ErrorException: Undefined variable $r
[Method: GET, Route: result/view/44/2]
in APPPATH\Views\result\view.php on line 84.
 1 APPPATH\Views\result\view.php(84): CodeIgniter\Debug\Exceptions->errorHandler(2, 'Undefined variable $r', 'C:\\xampp\\htdocs\\muzani\\app\\Views\\result\\view.php', 84)
 2 SYSTEMPATH\View\View.php(226): include('C:\\xampp\\htdocs\\muzani\\app\\Views\\result\\view.php')
 3 SYSTEMPATH\View\View.php(229): CodeIgniter\View\View->CodeIgniter\View\{closure}()
 4 SYSTEMPATH\Common.php(1167): CodeIgniter\View\View->render('result/view', [], true)
 5 APPPATH\Controllers\ResultController.php(708): view('result/view', [...])
 6 SYSTEMPATH\CodeIgniter.php(933): App\Controllers\ResultController->view('44', '2')
 7 SYSTEMPATH\CodeIgniter.php(507): CodeIgniter\CodeIgniter->runController(Object(App\Controllers\ResultController))
 8 SYSTEMPATH\CodeIgniter.php(354): CodeIgniter\CodeIgniter->handleRequest(null, Object(Config\Cache), false)
 9 SYSTEMPATH\Boot.php(363): CodeIgniter\CodeIgniter->run()
10 SYSTEMPATH\Boot.php(68): CodeIgniter\Boot::runCodeIgniter(Object(CodeIgniter\CodeIgniter))
11 FCPATH\index.php(59): CodeIgniter\Boot::bootWeb(Object(Config\Paths))
DEBUG - 2025-10-03 10:01:44 --> Session: Class initialized using 'CodeIgniter\Session\Handlers\FileHandler' driver.
CRITICAL - 2025-10-03 10:01:44 --> ErrorException: Undefined variable $r
[Method: GET, Route: result/view/44/2]
in APPPATH\Views\result\view.php on line 84.
 1 APPPATH\Views\result\view.php(84): CodeIgniter\Debug\Exceptions->errorHandler(2, 'Undefined variable $r', 'C:\\xampp\\htdocs\\muzani\\app\\Views\\result\\view.php', 84)
 2 SYSTEMPATH\View\View.php(226): include('C:\\xampp\\htdocs\\muzani\\app\\Views\\result\\view.php')
 3 SYSTEMPATH\View\View.php(229): CodeIgniter\View\View->CodeIgniter\View\{closure}()
 4 SYSTEMPATH\Common.php(1167): CodeIgniter\View\View->render('result/view', [], true)
 5 APPPATH\Controllers\ResultController.php(708): view('result/view', [...])
 6 SYSTEMPATH\CodeIgniter.php(933): App\Controllers\ResultController->view('44', '2')
 7 SYSTEMPATH\CodeIgniter.php(507): CodeIgniter\CodeIgniter->runController(Object(App\Controllers\ResultController))
 8 SYSTEMPATH\CodeIgniter.php(354): CodeIgniter\CodeIgniter->handleRequest(null, Object(Config\Cache), false)
 9 SYSTEMPATH\Boot.php(363): CodeIgniter\CodeIgniter->run()
10 SYSTEMPATH\Boot.php(68): CodeIgniter\Boot::runCodeIgniter(Object(CodeIgniter\CodeIgniter))
11 FCPATH\index.php(59): CodeIgniter\Boot::bootWeb(Object(Config\Paths))
DEBUG - 2025-10-03 10:01:46 --> Session: Class initialized using 'CodeIgniter\Session\Handlers\FileHandler' driver.
CRITICAL - 2025-10-03 10:01:46 --> ErrorException: Undefined variable $r
[Method: GET, Route: result/view/44/2]
in APPPATH\Views\result\view.php on line 84.
 1 APPPATH\Views\result\view.php(84): CodeIgniter\Debug\Exceptions->errorHandler(2, 'Undefined variable $r', 'C:\\xampp\\htdocs\\muzani\\app\\Views\\result\\view.php', 84)
 2 SYSTEMPATH\View\View.php(226): include('C:\\xampp\\htdocs\\muzani\\app\\Views\\result\\view.php')
 3 SYSTEMPATH\View\View.php(229): CodeIgniter\View\View->CodeIgniter\View\{closure}()
 4 SYSTEMPATH\Common.php(1167): CodeIgniter\View\View->render('result/view', [], true)
 5 APPPATH\Controllers\ResultController.php(708): view('result/view', [...])
 6 SYSTEMPATH\CodeIgniter.php(933): App\Controllers\ResultController->view('44', '2')
 7 SYSTEMPATH\CodeIgniter.php(507): CodeIgniter\CodeIgniter->runController(Object(App\Controllers\ResultController))
 8 SYSTEMPATH\CodeIgniter.php(354): CodeIgniter\CodeIgniter->handleRequest(null, Object(Config\Cache), false)
 9 SYSTEMPATH\Boot.php(363): CodeIgniter\CodeIgniter->run()
10 SYSTEMPATH\Boot.php(68): CodeIgniter\Boot::runCodeIgniter(Object(CodeIgniter\CodeIgniter))
11 FCPATH\index.php(59): CodeIgniter\Boot::bootWeb(Object(Config\Paths))
DEBUG - 2025-10-03 10:02:01 --> Session: Class initialized using 'CodeIgniter\Session\Handlers\FileHandler' driver.
CRITICAL - 2025-10-03 10:02:01 --> ErrorException: Undefined variable $r
[Method: GET, Route: result/view/44/2]
in APPPATH\Views\result\view.php on line 118.
 1 APPPATH\Views\result\view.php(118): CodeIgniter\Debug\Exceptions->errorHandler(2, 'Undefined variable $r', 'C:\\xampp\\htdocs\\muzani\\app\\Views\\result\\view.php', 118)
 2 SYSTEMPATH\View\View.php(226): include('C:\\xampp\\htdocs\\muzani\\app\\Views\\result\\view.php')
 3 SYSTEMPATH\View\View.php(229): CodeIgniter\View\View->CodeIgniter\View\{closure}()
 4 SYSTEMPATH\Common.php(1167): CodeIgniter\View\View->render('result/view', [], true)
 5 APPPATH\Controllers\ResultController.php(708): view('result/view', [...])
 6 SYSTEMPATH\CodeIgniter.php(933): App\Controllers\ResultController->view('44', '2')
 7 SYSTEMPATH\CodeIgniter.php(507): CodeIgniter\CodeIgniter->runController(Object(App\Controllers\ResultController))
 8 SYSTEMPATH\CodeIgniter.php(354): CodeIgniter\CodeIgniter->handleRequest(null, Object(Config\Cache), false)
 9 SYSTEMPATH\Boot.php(363): CodeIgniter\CodeIgniter->run()
10 SYSTEMPATH\Boot.php(68): CodeIgniter\Boot::runCodeIgniter(Object(CodeIgniter\CodeIgniter))
11 FCPATH\index.php(59): CodeIgniter\Boot::bootWeb(Object(Config\Paths))
DEBUG - 2025-10-03 10:02:14 --> Session: Class initialized using 'CodeIgniter\Session\Handlers\FileHandler' driver.
CRITICAL - 2025-10-03 10:02:14 --> ErrorException: Undefined array key "status"
[Method: GET, Route: result/view/44/2]
in APPPATH\Views\result\view.php on line 122.
 1 APPPATH\Views\result\view.php(122): CodeIgniter\Debug\Exceptions->errorHandler(2, 'Undefined array key "status"', 'C:\\xampp\\htdocs\\muzani\\app\\Views\\result\\view.php', 122)
 2 SYSTEMPATH\View\View.php(226): include('C:\\xampp\\htdocs\\muzani\\app\\Views\\result\\view.php')
 3 SYSTEMPATH\View\View.php(229): CodeIgniter\View\View->CodeIgniter\View\{closure}()
 4 SYSTEMPATH\Common.php(1167): CodeIgniter\View\View->render('result/view', [], true)
 5 APPPATH\Controllers\ResultController.php(708): view('result/view', [...])
 6 SYSTEMPATH\CodeIgniter.php(933): App\Controllers\ResultController->view('44', '2')
 7 SYSTEMPATH\CodeIgniter.php(507): CodeIgniter\CodeIgniter->runController(Object(App\Controllers\ResultController))
 8 SYSTEMPATH\CodeIgniter.php(354): CodeIgniter\CodeIgniter->handleRequest(null, Object(Config\Cache), false)
 9 SYSTEMPATH\Boot.php(363): CodeIgniter\CodeIgniter->run()
10 SYSTEMPATH\Boot.php(68): CodeIgniter\Boot::runCodeIgniter(Object(CodeIgniter\CodeIgniter))
11 FCPATH\index.php(59): CodeIgniter\Boot::bootWeb(Object(Config\Paths))
DEBUG - 2025-10-03 10:02:36 --> Session: Class initialized using 'CodeIgniter\Session\Handlers\FileHandler' driver.
CRITICAL - 2025-10-03 10:02:36 --> CodeIgniter\View\Exceptions\ViewException: Invalid file: "layouts/student.php"
[Method: GET, Route: result/view/44/2]
in SYSTEMPATH\Exceptions\FrameworkException.php on line 39.
 1 SYSTEMPATH\View\View.php(214): CodeIgniter\Exceptions\FrameworkException::forInvalidFile('layouts/student.php')
 2 SYSTEMPATH\View\View.php(242): CodeIgniter\View\View->render('layouts/student', null, true)
 3 SYSTEMPATH\View\View.php(475): CodeIgniter\View\View->render('layouts/table', null, true)
 4 APPPATH\Views\result\view.php(198): CodeIgniter\View\View->include('layouts/table')
 5 SYSTEMPATH\View\View.php(226): include('C:\\xampp\\htdocs\\muzani\\app\\Views\\result\\view.php')
 6 SYSTEMPATH\View\View.php(229): CodeIgniter\View\View->CodeIgniter\View\{closure}()
 7 SYSTEMPATH\Common.php(1167): CodeIgniter\View\View->render('result/view', [], true)
 8 APPPATH\Controllers\ResultController.php(708): view('result/view', [...])
 9 SYSTEMPATH\CodeIgniter.php(933): App\Controllers\ResultController->view('44', '2')
10 SYSTEMPATH\CodeIgniter.php(507): CodeIgniter\CodeIgniter->runController(Object(App\Controllers\ResultController))
11 SYSTEMPATH\CodeIgniter.php(354): CodeIgniter\CodeIgniter->handleRequest(null, Object(Config\Cache), false)
12 SYSTEMPATH\Boot.php(363): CodeIgniter\CodeIgniter->run()
13 SYSTEMPATH\Boot.php(68): CodeIgniter\Boot::runCodeIgniter(Object(CodeIgniter\CodeIgniter))
14 FCPATH\index.php(59): CodeIgniter\Boot::bootWeb(Object(Config\Paths))
DEBUG - 2025-10-03 10:02:59 --> Session: Class initialized using 'CodeIgniter\Session\Handlers\FileHandler' driver.
DEBUG - 2025-10-03 10:03:27 --> Session: Class initialized using 'CodeIgniter\Session\Handlers\FileHandler' driver.
CRITICAL - 2025-10-03 10:03:28 --> ErrorException: Undefined variable $r
[Method: GET, Route: result/view/44/2]
in APPPATH\Views\result\view.php on line 124.
 1 APPPATH\Views\result\view.php(124): CodeIgniter\Debug\Exceptions->errorHandler(2, 'Undefined variable $r', 'C:\\xampp\\htdocs\\muzani\\app\\Views\\result\\view.php', 124)
 2 SYSTEMPATH\View\View.php(226): include('C:\\xampp\\htdocs\\muzani\\app\\Views\\result\\view.php')
 3 SYSTEMPATH\View\View.php(229): CodeIgniter\View\View->CodeIgniter\View\{closure}()
 4 SYSTEMPATH\Common.php(1167): CodeIgniter\View\View->render('result/view', [], true)
 5 APPPATH\Controllers\ResultController.php(708): view('result/view', [...])
 6 SYSTEMPATH\CodeIgniter.php(933): App\Controllers\ResultController->view('44', '2')
 7 SYSTEMPATH\CodeIgniter.php(507): CodeIgniter\CodeIgniter->runController(Object(App\Controllers\ResultController))
 8 SYSTEMPATH\CodeIgniter.php(354): CodeIgniter\CodeIgniter->handleRequest(null, Object(Config\Cache), false)
 9 SYSTEMPATH\Boot.php(363): CodeIgniter\CodeIgniter->run()
10 SYSTEMPATH\Boot.php(68): CodeIgniter\Boot::runCodeIgniter(Object(CodeIgniter\CodeIgniter))
11 FCPATH\index.php(59): CodeIgniter\Boot::bootWeb(Object(Config\Paths))
DEBUG - 2025-10-03 10:03:35 --> Session: Class initialized using 'CodeIgniter\Session\Handlers\FileHandler' driver.
CRITICAL - 2025-10-03 10:03:35 --> ErrorException: Undefined array key "color"
[Method: GET, Route: result/view/44/2]
in APPPATH\Views\result\view.php on line 137.
 1 APPPATH\Views\result\view.php(137): CodeIgniter\Debug\Exceptions->errorHandler(2, 'Undefined array key "color"', 'C:\\xampp\\htdocs\\muzani\\app\\Views\\result\\view.php', 137)
 2 SYSTEMPATH\View\View.php(226): include('C:\\xampp\\htdocs\\muzani\\app\\Views\\result\\view.php')
 3 SYSTEMPATH\View\View.php(229): CodeIgniter\View\View->CodeIgniter\View\{closure}()
 4 SYSTEMPATH\Common.php(1167): CodeIgniter\View\View->render('result/view', [], true)
 5 APPPATH\Controllers\ResultController.php(708): view('result/view', [...])
 6 SYSTEMPATH\CodeIgniter.php(933): App\Controllers\ResultController->view('44', '2')
 7 SYSTEMPATH\CodeIgniter.php(507): CodeIgniter\CodeIgniter->runController(Object(App\Controllers\ResultController))
 8 SYSTEMPATH\CodeIgniter.php(354): CodeIgniter\CodeIgniter->handleRequest(null, Object(Config\Cache), false)
 9 SYSTEMPATH\Boot.php(363): CodeIgniter\CodeIgniter->run()
10 SYSTEMPATH\Boot.php(68): CodeIgniter\Boot::runCodeIgniter(Object(CodeIgniter\CodeIgniter))
11 FCPATH\index.php(59): CodeIgniter\Boot::bootWeb(Object(Config\Paths))
DEBUG - 2025-10-03 10:09:35 --> Session: Class initialized using 'CodeIgniter\Session\Handlers\FileHandler' driver.
CRITICAL - 2025-10-03 10:09:36 --> ErrorException: Undefined variable $c
[Method: GET, Route: result/view/44/2]
in APPPATH\Views\result\view.php on line 148.
 1 APPPATH\Views\result\view.php(148): CodeIgniter\Debug\Exceptions->errorHandler(2, 'Undefined variable $c', 'C:\\xampp\\htdocs\\muzani\\app\\Views\\result\\view.php', 148)
 2 SYSTEMPATH\View\View.php(226): include('C:\\xampp\\htdocs\\muzani\\app\\Views\\result\\view.php')
 3 SYSTEMPATH\View\View.php(229): CodeIgniter\View\View->CodeIgniter\View\{closure}()
 4 SYSTEMPATH\Common.php(1167): CodeIgniter\View\View->render('result/view', [], true)
 5 APPPATH\Controllers\ResultController.php(708): view('result/view', [...])
 6 SYSTEMPATH\CodeIgniter.php(933): App\Controllers\ResultController->view('44', '2')
 7 SYSTEMPATH\CodeIgniter.php(507): CodeIgniter\CodeIgniter->runController(Object(App\Controllers\ResultController))
 8 SYSTEMPATH\CodeIgniter.php(354): CodeIgniter\CodeIgniter->handleRequest(null, Object(Config\Cache), false)
 9 SYSTEMPATH\Boot.php(363): CodeIgniter\CodeIgniter->run()
10 SYSTEMPATH\Boot.php(68): CodeIgniter\Boot::runCodeIgniter(Object(CodeIgniter\CodeIgniter))
11 FCPATH\index.php(59): CodeIgniter\Boot::bootWeb(Object(Config\Paths))
DEBUG - 2025-10-03 10:10:06 --> Session: Class initialized using 'CodeIgniter\Session\Handlers\FileHandler' driver.
DEBUG - 2025-10-03 10:10:42 --> Session: Class initialized using 'CodeIgniter\Session\Handlers\FileHandler' driver.
DEBUG - 2025-10-03 10:11:28 --> Session: Class initialized using 'CodeIgniter\Session\Handlers\FileHandler' driver.
DEBUG - 2025-10-03 10:12:30 --> Session: Class initialized using 'CodeIgniter\Session\Handlers\FileHandler' driver.
DEBUG - 2025-10-03 10:13:47 --> Session: Class initialized using 'CodeIgniter\Session\Handlers\FileHandler' driver.
DEBUG - 2025-10-03 10:14:03 --> Session: Class initialized using 'CodeIgniter\Session\Handlers\FileHandler' driver.
DEBUG - 2025-10-03 10:14:38 --> Session: Class initialized using 'CodeIgniter\Session\Handlers\FileHandler' driver.
CRITICAL - 2025-10-03 10:14:38 --> ErrorException: Undefined variable $r
[Method: GET, Route: result/view/44/2]
in APPPATH\Views\result\view.php on line 102.
 1 APPPATH\Views\result\view.php(102): CodeIgniter\Debug\Exceptions->errorHandler(2, 'Undefined variable $r', 'C:\\xampp\\htdocs\\muzani\\app\\Views\\result\\view.php', 102)
 2 SYSTEMPATH\View\View.php(226): include('C:\\xampp\\htdocs\\muzani\\app\\Views\\result\\view.php')
 3 SYSTEMPATH\View\View.php(229): CodeIgniter\View\View->CodeIgniter\View\{closure}()
 4 SYSTEMPATH\Common.php(1167): CodeIgniter\View\View->render('result/view', [], true)
 5 APPPATH\Controllers\ResultController.php(708): view('result/view', [...])
 6 SYSTEMPATH\CodeIgniter.php(933): App\Controllers\ResultController->view('44', '2')
 7 SYSTEMPATH\CodeIgniter.php(507): CodeIgniter\CodeIgniter->runController(Object(App\Controllers\ResultController))
 8 SYSTEMPATH\CodeIgniter.php(354): CodeIgniter\CodeIgniter->handleRequest(null, Object(Config\Cache), false)
 9 SYSTEMPATH\Boot.php(363): CodeIgniter\CodeIgniter->run()
10 SYSTEMPATH\Boot.php(68): CodeIgniter\Boot::runCodeIgniter(Object(CodeIgniter\CodeIgniter))
11 FCPATH\index.php(59): CodeIgniter\Boot::bootWeb(Object(Config\Paths))
DEBUG - 2025-10-03 10:14:48 --> Session: Class initialized using 'CodeIgniter\Session\Handlers\FileHandler' driver.
CRITICAL - 2025-10-03 10:14:48 --> ErrorException: Undefined variable $r
[Method: GET, Route: result/view/44/2]
in APPPATH\Views\result\view.php on line 102.
 1 APPPATH\Views\result\view.php(102): CodeIgniter\Debug\Exceptions->errorHandler(2, 'Undefined variable $r', 'C:\\xampp\\htdocs\\muzani\\app\\Views\\result\\view.php', 102)
 2 SYSTEMPATH\View\View.php(226): include('C:\\xampp\\htdocs\\muzani\\app\\Views\\result\\view.php')
 3 SYSTEMPATH\View\View.php(229): CodeIgniter\View\View->CodeIgniter\View\{closure}()
 4 SYSTEMPATH\Common.php(1167): CodeIgniter\View\View->render('result/view', [], true)
 5 APPPATH\Controllers\ResultController.php(708): view('result/view', [...])
 6 SYSTEMPATH\CodeIgniter.php(933): App\Controllers\ResultController->view('44', '2')
 7 SYSTEMPATH\CodeIgniter.php(507): CodeIgniter\CodeIgniter->runController(Object(App\Controllers\ResultController))
 8 SYSTEMPATH\CodeIgniter.php(354): CodeIgniter\CodeIgniter->handleRequest(null, Object(Config\Cache), false)
 9 SYSTEMPATH\Boot.php(363): CodeIgniter\CodeIgniter->run()
10 SYSTEMPATH\Boot.php(68): CodeIgniter\Boot::runCodeIgniter(Object(CodeIgniter\CodeIgniter))
11 FCPATH\index.php(59): CodeIgniter\Boot::bootWeb(Object(Config\Paths))
DEBUG - 2025-10-03 10:14:50 --> Session: Class initialized using 'CodeIgniter\Session\Handlers\FileHandler' driver.
CRITICAL - 2025-10-03 10:14:50 --> ErrorException: Undefined variable $r
[Method: GET, Route: result/view/44/2]
in APPPATH\Views\result\view.php on line 102.
 1 APPPATH\Views\result\view.php(102): CodeIgniter\Debug\Exceptions->errorHandler(2, 'Undefined variable $r', 'C:\\xampp\\htdocs\\muzani\\app\\Views\\result\\view.php', 102)
 2 SYSTEMPATH\View\View.php(226): include('C:\\xampp\\htdocs\\muzani\\app\\Views\\result\\view.php')
 3 SYSTEMPATH\View\View.php(229): CodeIgniter\View\View->CodeIgniter\View\{closure}()
 4 SYSTEMPATH\Common.php(1167): CodeIgniter\View\View->render('result/view', [], true)
 5 APPPATH\Controllers\ResultController.php(708): view('result/view', [...])
 6 SYSTEMPATH\CodeIgniter.php(933): App\Controllers\ResultController->view('44', '2')
 7 SYSTEMPATH\CodeIgniter.php(507): CodeIgniter\CodeIgniter->runController(Object(App\Controllers\ResultController))
 8 SYSTEMPATH\CodeIgniter.php(354): CodeIgniter\CodeIgniter->handleRequest(null, Object(Config\Cache), false)
 9 SYSTEMPATH\Boot.php(363): CodeIgniter\CodeIgniter->run()
10 SYSTEMPATH\Boot.php(68): CodeIgniter\Boot::runCodeIgniter(Object(CodeIgniter\CodeIgniter))
11 FCPATH\index.php(59): CodeIgniter\Boot::bootWeb(Object(Config\Paths))
DEBUG - 2025-10-03 10:15:16 --> Session: Class initialized using 'CodeIgniter\Session\Handlers\FileHandler' driver.
DEBUG - 2025-10-03 10:18:43 --> Session: Class initialized using 'CodeIgniter\Session\Handlers\FileHandler' driver.
CRITICAL - 2025-10-03 10:18:43 --> ErrorException: Undefined array key "ramz_ar"
[Method: GET, Route: result/view/44/2]
in APPPATH\Views\result\view.php on line 104.
 1 APPPATH\Views\result\view.php(104): CodeIgniter\Debug\Exceptions->errorHandler(2, 'Undefined array key "ramz_ar"', 'C:\\xampp\\htdocs\\muzani\\app\\Views\\result\\view.php', 104)
 2 SYSTEMPATH\View\View.php(226): include('C:\\xampp\\htdocs\\muzani\\app\\Views\\result\\view.php')
 3 SYSTEMPATH\View\View.php(229): CodeIgniter\View\View->CodeIgniter\View\{closure}()
 4 SYSTEMPATH\Common.php(1167): CodeIgniter\View\View->render('result/view', [], true)
 5 APPPATH\Controllers\ResultController.php(708): view('result/view', [...])
 6 SYSTEMPATH\CodeIgniter.php(933): App\Controllers\ResultController->view('44', '2')
 7 SYSTEMPATH\CodeIgniter.php(507): CodeIgniter\CodeIgniter->runController(Object(App\Controllers\ResultController))
 8 SYSTEMPATH\CodeIgniter.php(354): CodeIgniter\CodeIgniter->handleRequest(null, Object(Config\Cache), false)
 9 SYSTEMPATH\Boot.php(363): CodeIgniter\CodeIgniter->run()
10 SYSTEMPATH\Boot.php(68): CodeIgniter\Boot::runCodeIgniter(Object(CodeIgniter\CodeIgniter))
11 FCPATH\index.php(59): CodeIgniter\Boot::bootWeb(Object(Config\Paths))
DEBUG - 2025-10-03 10:19:30 --> Session: Class initialized using 'CodeIgniter\Session\Handlers\FileHandler' driver.
CRITICAL - 2025-10-03 10:19:30 --> ErrorException: Undefined array key "ramz_ar"
[Method: GET, Route: result/view/44/2]
in APPPATH\Views\result\view.php on line 104.
 1 APPPATH\Views\result\view.php(104): CodeIgniter\Debug\Exceptions->errorHandler(2, 'Undefined array key "ramz_ar"', 'C:\\xampp\\htdocs\\muzani\\app\\Views\\result\\view.php', 104)
 2 SYSTEMPATH\View\View.php(226): include('C:\\xampp\\htdocs\\muzani\\app\\Views\\result\\view.php')
 3 SYSTEMPATH\View\View.php(229): CodeIgniter\View\View->CodeIgniter\View\{closure}()
 4 SYSTEMPATH\Common.php(1167): CodeIgniter\View\View->render('result/view', [], true)
 5 APPPATH\Controllers\ResultController.php(708): view('result/view', [...])
 6 SYSTEMPATH\CodeIgniter.php(933): App\Controllers\ResultController->view('44', '2')
 7 SYSTEMPATH\CodeIgniter.php(507): CodeIgniter\CodeIgniter->runController(Object(App\Controllers\ResultController))
 8 SYSTEMPATH\CodeIgniter.php(354): CodeIgniter\CodeIgniter->handleRequest(null, Object(Config\Cache), false)
 9 SYSTEMPATH\Boot.php(363): CodeIgniter\CodeIgniter->run()
10 SYSTEMPATH\Boot.php(68): CodeIgniter\Boot::runCodeIgniter(Object(CodeIgniter\CodeIgniter))
11 FCPATH\index.php(59): CodeIgniter\Boot::bootWeb(Object(Config\Paths))
DEBUG - 2025-10-03 10:20:12 --> Session: Class initialized using 'CodeIgniter\Session\Handlers\FileHandler' driver.
DEBUG - 2025-10-03 10:21:17 --> Session: Class initialized using 'CodeIgniter\Session\Handlers\FileHandler' driver.
DEBUG - 2025-10-03 10:22:39 --> Session: Class initialized using 'CodeIgniter\Session\Handlers\FileHandler' driver.
DEBUG - 2025-10-03 10:22:54 --> Session: Class initialized using 'CodeIgniter\Session\Handlers\FileHandler' driver.
DEBUG - 2025-10-03 10:23:37 --> Session: Class initialized using 'CodeIgniter\Session\Handlers\FileHandler' driver.
DEBUG - 2025-10-03 10:24:01 --> Session: Class initialized using 'CodeIgniter\Session\Handlers\FileHandler' driver.
CRITICAL - 2025-10-03 10:24:01 --> ErrorException: Array to string conversion
[Method: GET, Route: result/view/44/2]
in APPPATH\Views\result\view.php on line 171.
 1 APPPATH\Views\result\view.php(171): CodeIgniter\Debug\Exceptions->errorHandler(2, 'Array to string conversion', 'C:\\xampp\\htdocs\\muzani\\app\\Views\\result\\view.php', 171)
 2 SYSTEMPATH\View\View.php(226): include('C:\\xampp\\htdocs\\muzani\\app\\Views\\result\\view.php')
 3 SYSTEMPATH\View\View.php(229): CodeIgniter\View\View->CodeIgniter\View\{closure}()
 4 SYSTEMPATH\Common.php(1167): CodeIgniter\View\View->render('result/view', [], true)
 5 APPPATH\Controllers\ResultController.php(708): view('result/view', [...])
 6 SYSTEMPATH\CodeIgniter.php(933): App\Controllers\ResultController->view('44', '2')
 7 SYSTEMPATH\CodeIgniter.php(507): CodeIgniter\CodeIgniter->runController(Object(App\Controllers\ResultController))
 8 SYSTEMPATH\CodeIgniter.php(354): CodeIgniter\CodeIgniter->handleRequest(null, Object(Config\Cache), false)
 9 SYSTEMPATH\Boot.php(363): CodeIgniter\CodeIgniter->run()
10 SYSTEMPATH\Boot.php(68): CodeIgniter\Boot::runCodeIgniter(Object(CodeIgniter\CodeIgniter))
11 FCPATH\index.php(59): CodeIgniter\Boot::bootWeb(Object(Config\Paths))
DEBUG - 2025-10-03 10:24:19 --> Session: Class initialized using 'CodeIgniter\Session\Handlers\FileHandler' driver.
DEBUG - 2025-10-03 10:25:03 --> Session: Class initialized using 'CodeIgniter\Session\Handlers\FileHandler' driver.
DEBUG - 2025-10-03 10:25:18 --> Session: Class initialized using 'CodeIgniter\Session\Handlers\FileHandler' driver.
DEBUG - 2025-10-03 10:25:34 --> Session: Class initialized using 'CodeIgniter\Session\Handlers\FileHandler' driver.
DEBUG - 2025-10-03 10:26:57 --> Session: Class initialized using 'CodeIgniter\Session\Handlers\FileHandler' driver.
DEBUG - 2025-10-03 10:27:06 --> Session: Class initialized using 'CodeIgniter\Session\Handlers\FileHandler' driver.
CRITICAL - 2025-10-03 10:27:06 --> ErrorException: Trying to access array offset on value of type null
[Method: GET, Route: gpa/kashf/44/2]
in APPPATH\Controllers\GpaController.php on line 30.
 1 APPPATH\Controllers\GpaController.php(30): CodeIgniter\Debug\Exceptions->errorHandler(2, 'Trying to access array offset on value of type null', 'C:\\xampp\\htdocs\\muzani\\app\\Controllers\\GpaController.php', 30)
 2 SYSTEMPATH\CodeIgniter.php(933): App\Controllers\GpaController->index('kashf', '44', '2')
 3 SYSTEMPATH\CodeIgniter.php(507): CodeIgniter\CodeIgniter->runController(Object(App\Controllers\GpaController))
 4 SYSTEMPATH\CodeIgniter.php(354): CodeIgniter\CodeIgniter->handleRequest(null, Object(Config\Cache), false)
 5 SYSTEMPATH\Boot.php(363): CodeIgniter\CodeIgniter->run()
 6 SYSTEMPATH\Boot.php(68): CodeIgniter\Boot::runCodeIgniter(Object(CodeIgniter\CodeIgniter))
 7 FCPATH\index.php(59): CodeIgniter\Boot::bootWeb(Object(Config\Paths))
DEBUG - 2025-10-03 10:27:46 --> Session: Class initialized using 'CodeIgniter\Session\Handlers\FileHandler' driver.
CRITICAL - 2025-10-03 10:27:46 --> ErrorException: Trying to access array offset on value of type null
[Method: GET, Route: gpa/kashf/44/2]
in APPPATH\Controllers\GpaController.php on line 30.
 1 APPPATH\Controllers\GpaController.php(30): CodeIgniter\Debug\Exceptions->errorHandler(2, 'Trying to access array offset on value of type null', 'C:\\xampp\\htdocs\\muzani\\app\\Controllers\\GpaController.php', 30)
 2 SYSTEMPATH\CodeIgniter.php(933): App\Controllers\GpaController->index('kashf', '44', '2')
 3 SYSTEMPATH\CodeIgniter.php(507): CodeIgniter\CodeIgniter->runController(Object(App\Controllers\GpaController))
 4 SYSTEMPATH\CodeIgniter.php(354): CodeIgniter\CodeIgniter->handleRequest(null, Object(Config\Cache), false)
 5 SYSTEMPATH\Boot.php(363): CodeIgniter\CodeIgniter->run()
 6 SYSTEMPATH\Boot.php(68): CodeIgniter\Boot::runCodeIgniter(Object(CodeIgniter\CodeIgniter))
 7 FCPATH\index.php(59): CodeIgniter\Boot::bootWeb(Object(Config\Paths))
DEBUG - 2025-10-03 10:28:16 --> Session: Class initialized using 'CodeIgniter\Session\Handlers\FileHandler' driver.
CRITICAL - 2025-10-03 10:28:16 --> ErrorException: Trying to access array offset on value of type null
[Method: GET, Route: gpa/kashf/44/2]
in APPPATH\Controllers\GpaController.php on line 30.
 1 APPPATH\Controllers\GpaController.php(30): CodeIgniter\Debug\Exceptions->errorHandler(2, 'Trying to access array offset on value of type null', 'C:\\xampp\\htdocs\\muzani\\app\\Controllers\\GpaController.php', 30)
 2 SYSTEMPATH\CodeIgniter.php(933): App\Controllers\GpaController->index('kashf', '44', '2')
 3 SYSTEMPATH\CodeIgniter.php(507): CodeIgniter\CodeIgniter->runController(Object(App\Controllers\GpaController))
 4 SYSTEMPATH\CodeIgniter.php(354): CodeIgniter\CodeIgniter->handleRequest(null, Object(Config\Cache), false)
 5 SYSTEMPATH\Boot.php(363): CodeIgniter\CodeIgniter->run()
 6 SYSTEMPATH\Boot.php(68): CodeIgniter\Boot::runCodeIgniter(Object(CodeIgniter\CodeIgniter))
 7 FCPATH\index.php(59): CodeIgniter\Boot::bootWeb(Object(Config\Paths))
DEBUG - 2025-10-03 10:29:52 --> Session: Class initialized using 'CodeIgniter\Session\Handlers\FileHandler' driver.
CRITICAL - 2025-10-03 10:29:52 --> ErrorException: Trying to access array offset on value of type null
[Method: GET, Route: gpa/kashf/44/2]
in APPPATH\Controllers\GpaController.php on line 30.
 1 APPPATH\Controllers\GpaController.php(30): CodeIgniter\Debug\Exceptions->errorHandler(2, 'Trying to access array offset on value of type null', 'C:\\xampp\\htdocs\\muzani\\app\\Controllers\\GpaController.php', 30)
 2 SYSTEMPATH\CodeIgniter.php(933): App\Controllers\GpaController->index('kashf', '44', '2')
 3 SYSTEMPATH\CodeIgniter.php(507): CodeIgniter\CodeIgniter->runController(Object(App\Controllers\GpaController))
 4 SYSTEMPATH\CodeIgniter.php(354): CodeIgniter\CodeIgniter->handleRequest(null, Object(Config\Cache), false)
 5 SYSTEMPATH\Boot.php(363): CodeIgniter\CodeIgniter->run()
 6 SYSTEMPATH\Boot.php(68): CodeIgniter\Boot::runCodeIgniter(Object(CodeIgniter\CodeIgniter))
 7 FCPATH\index.php(59): CodeIgniter\Boot::bootWeb(Object(Config\Paths))
DEBUG - 2025-10-03 10:32:47 --> Session: Class initialized using 'CodeIgniter\Session\Handlers\FileHandler' driver.
DEBUG - 2025-10-03 10:32:47 --> Session: Class initialized using 'CodeIgniter\Session\Handlers\FileHandler' driver.
DEBUG - 2025-10-03 10:32:49 --> Session: Class initialized using 'CodeIgniter\Session\Handlers\FileHandler' driver.
DEBUG - 2025-10-03 10:32:52 --> Session: Class initialized using 'CodeIgniter\Session\Handlers\FileHandler' driver.
DEBUG - 2025-10-03 10:32:54 --> Session: Class initialized using 'CodeIgniter\Session\Handlers\FileHandler' driver.
DEBUG - 2025-10-03 10:33:34 --> Session: Class initialized using 'CodeIgniter\Session\Handlers\FileHandler' driver.
DEBUG - 2025-10-03 10:33:37 --> Session: Class initialized using 'CodeIgniter\Session\Handlers\FileHandler' driver.
DEBUG - 2025-10-03 10:34:00 --> Session: Class initialized using 'CodeIgniter\Session\Handlers\FileHandler' driver.
DEBUG - 2025-10-03 10:34:07 --> Session: Class initialized using 'CodeIgniter\Session\Handlers\FileHandler' driver.
DEBUG - 2025-10-03 10:35:46 --> Session: Class initialized using 'CodeIgniter\Session\Handlers\FileHandler' driver.
DEBUG - 2025-10-03 10:35:54 --> Session: Class initialized using 'CodeIgniter\Session\Handlers\FileHandler' driver.
DEBUG - 2025-10-03 10:36:11 --> Session: Class initialized using 'CodeIgniter\Session\Handlers\FileHandler' driver.
ERROR - 2025-10-03 10:36:11 --> mysqli_sql_exception: Unknown column 'class_id' in 'order clause' in C:\xampp\htdocs\muzani\system\Database\MySQLi\Connection.php:327
Stack trace:
#0 C:\xampp\htdocs\muzani\system\Database\MySQLi\Connection.php(327): mysqli->query('SELECT *\nFROM `...', 0)
#1 C:\xampp\htdocs\muzani\system\Database\BaseConnection.php(729): CodeIgniter\Database\MySQLi\Connection->execute('SELECT *\nFROM `...')
#2 C:\xampp\htdocs\muzani\system\Database\BaseConnection.php(646): CodeIgniter\Database\BaseConnection->simpleQuery('SELECT *\nFROM `...')
#3 C:\xampp\htdocs\muzani\system\Database\BaseBuilder.php(1649): CodeIgniter\Database\BaseConnection->query('SELECT *\nFROM `...', Array, false)
#4 C:\xampp\htdocs\muzani\system\Model.php(286): CodeIgniter\Database\BaseBuilder->get()
#5 C:\xampp\htdocs\muzani\system\BaseModel.php(677): CodeIgniter\Model->doFindAll(0, 0)
#6 C:\xampp\htdocs\muzani\app\Controllers\GpaController.php(47): CodeIgniter\BaseModel->findAll()
#7 C:\xampp\htdocs\muzani\system\CodeIgniter.php(933): App\Controllers\GpaController->kashf('44', '2')
#8 C:\xampp\htdocs\muzani\system\CodeIgniter.php(507): CodeIgniter\CodeIgniter->runController(Object(App\Controllers\GpaController))
#9 C:\xampp\htdocs\muzani\system\CodeIgniter.php(354): CodeIgniter\CodeIgniter->handleRequest(NULL, Object(Config\Cache), false)
#10 C:\xampp\htdocs\muzani\system\Boot.php(363): CodeIgniter\CodeIgniter->run()
#11 C:\xampp\htdocs\muzani\system\Boot.php(68): CodeIgniter\Boot::runCodeIgniter(Object(CodeIgniter\CodeIgniter))
#12 C:\xampp\htdocs\muzani\index.php(59): CodeIgniter\Boot::bootWeb(Object(Config\Paths))
#13 {main}
CRITICAL - 2025-10-03 10:36:11 --> CodeIgniter\Database\Exceptions\DatabaseException: Unknown column 'class_id' in 'order clause'
[Method: GET, Route: gpa/kashf/44/2]
in SYSTEMPATH\Database\BaseConnection.php on line 684.
 1 SYSTEMPATH\Database\BaseBuilder.php(1649): CodeIgniter\Database\BaseConnection->query('SELECT *
FROM `gpas`
WHERE `student_id` = :student_id:
ORDER BY `class_id` ASC', [...], false)
 2 SYSTEMPATH\Model.php(286): CodeIgniter\Database\BaseBuilder->get()
 3 SYSTEMPATH\BaseModel.php(677): CodeIgniter\Model->doFindAll(0, 0)
 4 APPPATH\Controllers\GpaController.php(47): CodeIgniter\BaseModel->findAll()
 5 SYSTEMPATH\CodeIgniter.php(933): App\Controllers\GpaController->kashf('44', '2')
 6 SYSTEMPATH\CodeIgniter.php(507): CodeIgniter\CodeIgniter->runController(Object(App\Controllers\GpaController))
 7 SYSTEMPATH\CodeIgniter.php(354): CodeIgniter\CodeIgniter->handleRequest(null, Object(Config\Cache), false)
 8 SYSTEMPATH\Boot.php(363): CodeIgniter\CodeIgniter->run()
 9 SYSTEMPATH\Boot.php(68): CodeIgniter\Boot::runCodeIgniter(Object(CodeIgniter\CodeIgniter))
10 FCPATH\index.php(59): CodeIgniter\Boot::bootWeb(Object(Config\Paths))
CRITICAL - 2025-10-03 10:36:11 --> [Caused by] CodeIgniter\Database\Exceptions\DatabaseException: Unknown column 'class_id' in 'order clause'
in SYSTEMPATH\Database\MySQLi\Connection.php on line 332.
 1 SYSTEMPATH\Database\BaseConnection.php(729): CodeIgniter\Database\MySQLi\Connection->execute('SELECT *
FROM `gpas`
WHERE `student_id` = \'44\'
ORDER BY `class_id` ASC')
 2 SYSTEMPATH\Database\BaseConnection.php(646): CodeIgniter\Database\BaseConnection->simpleQuery('SELECT *
FROM `gpas`
WHERE `student_id` = \'44\'
ORDER BY `class_id` ASC')
 3 SYSTEMPATH\Database\BaseBuilder.php(1649): CodeIgniter\Database\BaseConnection->query('SELECT *
FROM `gpas`
WHERE `student_id` = :student_id:
ORDER BY `class_id` ASC', [...], false)
 4 SYSTEMPATH\Model.php(286): CodeIgniter\Database\BaseBuilder->get()
 5 SYSTEMPATH\BaseModel.php(677): CodeIgniter\Model->doFindAll(0, 0)
 6 APPPATH\Controllers\GpaController.php(47): CodeIgniter\BaseModel->findAll()
 7 SYSTEMPATH\CodeIgniter.php(933): App\Controllers\GpaController->kashf('44', '2')
 8 SYSTEMPATH\CodeIgniter.php(507): CodeIgniter\CodeIgniter->runController(Object(App\Controllers\GpaController))
 9 SYSTEMPATH\CodeIgniter.php(354): CodeIgniter\CodeIgniter->handleRequest(null, Object(Config\Cache), false)
10 SYSTEMPATH\Boot.php(363): CodeIgniter\CodeIgniter->run()
11 SYSTEMPATH\Boot.php(68): CodeIgniter\Boot::runCodeIgniter(Object(CodeIgniter\CodeIgniter))
12 FCPATH\index.php(59): CodeIgniter\Boot::bootWeb(Object(Config\Paths))
CRITICAL - 2025-10-03 10:36:11 --> [Caused by] mysqli_sql_exception: Unknown column 'class_id' in 'order clause'
in SYSTEMPATH\Database\MySQLi\Connection.php on line 327.
 1 SYSTEMPATH\Database\MySQLi\Connection.php(327): mysqli->query('SELECT *
FROM `gpas`
WHERE `student_id` = \'44\'
ORDER BY `class_id` ASC', 0)
 2 SYSTEMPATH\Database\BaseConnection.php(729): CodeIgniter\Database\MySQLi\Connection->execute('SELECT *
FROM `gpas`
WHERE `student_id` = \'44\'
ORDER BY `class_id` ASC')
 3 SYSTEMPATH\Database\BaseConnection.php(646): CodeIgniter\Database\BaseConnection->simpleQuery('SELECT *
FROM `gpas`
WHERE `student_id` = \'44\'
ORDER BY `class_id` ASC')
 4 SYSTEMPATH\Database\BaseBuilder.php(1649): CodeIgniter\Database\BaseConnection->query('SELECT *
FROM `gpas`
WHERE `student_id` = :student_id:
ORDER BY `class_id` ASC', [...], false)
 5 SYSTEMPATH\Model.php(286): CodeIgniter\Database\BaseBuilder->get()
 6 SYSTEMPATH\BaseModel.php(677): CodeIgniter\Model->doFindAll(0, 0)
 7 APPPATH\Controllers\GpaController.php(47): CodeIgniter\BaseModel->findAll()
 8 SYSTEMPATH\CodeIgniter.php(933): App\Controllers\GpaController->kashf('44', '2')
 9 SYSTEMPATH\CodeIgniter.php(507): CodeIgniter\CodeIgniter->runController(Object(App\Controllers\GpaController))
10 SYSTEMPATH\CodeIgniter.php(354): CodeIgniter\CodeIgniter->handleRequest(null, Object(Config\Cache), false)
11 SYSTEMPATH\Boot.php(363): CodeIgniter\CodeIgniter->run()
12 SYSTEMPATH\Boot.php(68): CodeIgniter\Boot::runCodeIgniter(Object(CodeIgniter\CodeIgniter))
13 FCPATH\index.php(59): CodeIgniter\Boot::bootWeb(Object(Config\Paths))
DEBUG - 2025-10-03 10:36:26 --> Session: Class initialized using 'CodeIgniter\Session\Handlers\FileHandler' driver.
CRITICAL - 2025-10-03 10:36:26 --> ErrorException: Undefined variable $course_id
[Method: GET, Route: gpa/kashf/44/2]
in APPPATH\Controllers\GpaController.php on line 51.
 1 APPPATH\Controllers\GpaController.php(51): CodeIgniter\Debug\Exceptions->errorHandler(2, 'Undefined variable $course_id', 'C:\\xampp\\htdocs\\muzani\\app\\Controllers\\GpaController.php', 51)
 2 SYSTEMPATH\CodeIgniter.php(933): App\Controllers\GpaController->kashf('44', '2')
 3 SYSTEMPATH\CodeIgniter.php(507): CodeIgniter\CodeIgniter->runController(Object(App\Controllers\GpaController))
 4 SYSTEMPATH\CodeIgniter.php(354): CodeIgniter\CodeIgniter->handleRequest(null, Object(Config\Cache), false)
 5 SYSTEMPATH\Boot.php(363): CodeIgniter\CodeIgniter->run()
 6 SYSTEMPATH\Boot.php(68): CodeIgniter\Boot::runCodeIgniter(Object(CodeIgniter\CodeIgniter))
 7 FCPATH\index.php(59): CodeIgniter\Boot::bootWeb(Object(Config\Paths))
DEBUG - 2025-10-03 10:36:34 --> Session: Class initialized using 'CodeIgniter\Session\Handlers\FileHandler' driver.
DEBUG - 2025-10-03 10:38:18 --> Session: Class initialized using 'CodeIgniter\Session\Handlers\FileHandler' driver.
CRITICAL - 2025-10-03 10:38:18 --> ErrorException: Undefined array key "malaf"
[Method: GET, Route: gpa/kashf/44/2]
in APPPATH\Views\gpa\kashf.php on line 103.
 1 APPPATH\Views\gpa\kashf.php(103): CodeIgniter\Debug\Exceptions->errorHandler(2, 'Undefined array key "malaf"', 'C:\\xampp\\htdocs\\muzani\\app\\Views\\gpa\\kashf.php', 103)
 2 SYSTEMPATH\View\View.php(226): include('C:\\xampp\\htdocs\\muzani\\app\\Views\\gpa\\kashf.php')
 3 SYSTEMPATH\View\View.php(229): CodeIgniter\View\View->CodeIgniter\View\{closure}()
 4 SYSTEMPATH\Common.php(1167): CodeIgniter\View\View->render('gpa/kashf', [], true)
 5 APPPATH\Controllers\GpaController.php(55): view('gpa/kashf', [...])
 6 SYSTEMPATH\CodeIgniter.php(933): App\Controllers\GpaController->kashf('44', '2')
 7 SYSTEMPATH\CodeIgniter.php(507): CodeIgniter\CodeIgniter->runController(Object(App\Controllers\GpaController))
 8 SYSTEMPATH\CodeIgniter.php(354): CodeIgniter\CodeIgniter->handleRequest(null, Object(Config\Cache), false)
 9 SYSTEMPATH\Boot.php(363): CodeIgniter\CodeIgniter->run()
10 SYSTEMPATH\Boot.php(68): CodeIgniter\Boot::runCodeIgniter(Object(CodeIgniter\CodeIgniter))
11 FCPATH\index.php(59): CodeIgniter\Boot::bootWeb(Object(Config\Paths))
DEBUG - 2025-10-03 10:38:32 --> Session: Class initialized using 'CodeIgniter\Session\Handlers\FileHandler' driver.
CRITICAL - 2025-10-03 10:38:32 --> ErrorException: Undefined array key "malaf"
[Method: GET, Route: gpa/kashf/44/2]
in APPPATH\Views\gpa\kashf.php on line 115.
 1 APPPATH\Views\gpa\kashf.php(115): CodeIgniter\Debug\Exceptions->errorHandler(2, 'Undefined array key "malaf"', 'C:\\xampp\\htdocs\\muzani\\app\\Views\\gpa\\kashf.php', 115)
 2 SYSTEMPATH\View\View.php(226): include('C:\\xampp\\htdocs\\muzani\\app\\Views\\gpa\\kashf.php')
 3 SYSTEMPATH\View\View.php(229): CodeIgniter\View\View->CodeIgniter\View\{closure}()
 4 SYSTEMPATH\Common.php(1167): CodeIgniter\View\View->render('gpa/kashf', [], true)
 5 APPPATH\Controllers\GpaController.php(55): view('gpa/kashf', [...])
 6 SYSTEMPATH\CodeIgniter.php(933): App\Controllers\GpaController->kashf('44', '2')
 7 SYSTEMPATH\CodeIgniter.php(507): CodeIgniter\CodeIgniter->runController(Object(App\Controllers\GpaController))
 8 SYSTEMPATH\CodeIgniter.php(354): CodeIgniter\CodeIgniter->handleRequest(null, Object(Config\Cache), false)
 9 SYSTEMPATH\Boot.php(363): CodeIgniter\CodeIgniter->run()
10 SYSTEMPATH\Boot.php(68): CodeIgniter\Boot::runCodeIgniter(Object(CodeIgniter\CodeIgniter))
11 FCPATH\index.php(59): CodeIgniter\Boot::bootWeb(Object(Config\Paths))
DEBUG - 2025-10-03 10:38:41 --> Session: Class initialized using 'CodeIgniter\Session\Handlers\FileHandler' driver.
ERROR - 2025-10-03 10:38:41 --> mysqli_sql_exception: Unknown column 'class_id' in 'where clause' in C:\xampp\htdocs\muzani\system\Database\MySQLi\Connection.php:327
Stack trace:
#0 C:\xampp\htdocs\muzani\system\Database\MySQLi\Connection.php(327): mysqli->query('SELECT *\nFROM `...', 0)
#1 C:\xampp\htdocs\muzani\system\Database\BaseConnection.php(729): CodeIgniter\Database\MySQLi\Connection->execute('SELECT *\nFROM `...')
#2 C:\xampp\htdocs\muzani\system\Database\BaseConnection.php(646): CodeIgniter\Database\BaseConnection->simpleQuery('SELECT *\nFROM `...')
#3 C:\xampp\htdocs\muzani\system\Database\BaseBuilder.php(1649): CodeIgniter\Database\BaseConnection->query('SELECT *\nFROM `...', Array, false)
#4 C:\xampp\htdocs\muzani\system\Model.php(286): CodeIgniter\Database\BaseBuilder->get()
#5 C:\xampp\htdocs\muzani\system\BaseModel.php(677): CodeIgniter\Model->doFindAll(0, 0)
#6 C:\xampp\htdocs\muzani\app\Models\Gpa.php(97): CodeIgniter\BaseModel->findAll()
#7 C:\xampp\htdocs\muzani\app\Views\gpa\kashf.php(127): App\Models\Gpa->results('44', '2')
#8 C:\xampp\htdocs\muzani\system\View\View.php(226): include('C:\\xampp\\htdocs...')
#9 C:\xampp\htdocs\muzani\system\View\View.php(229): CodeIgniter\View\View->CodeIgniter\View\{closure}()
#10 C:\xampp\htdocs\muzani\system\Common.php(1167): CodeIgniter\View\View->render('gpa/kashf', Array, true)
#11 C:\xampp\htdocs\muzani\app\Controllers\GpaController.php(55): view('gpa/kashf', Array)
#12 C:\xampp\htdocs\muzani\system\CodeIgniter.php(933): App\Controllers\GpaController->kashf('44', '2')
#13 C:\xampp\htdocs\muzani\system\CodeIgniter.php(507): CodeIgniter\CodeIgniter->runController(Object(App\Controllers\GpaController))
#14 C:\xampp\htdocs\muzani\system\CodeIgniter.php(354): CodeIgniter\CodeIgniter->handleRequest(NULL, Object(Config\Cache), false)
#15 C:\xampp\htdocs\muzani\system\Boot.php(363): CodeIgniter\CodeIgniter->run()
#16 C:\xampp\htdocs\muzani\system\Boot.php(68): CodeIgniter\Boot::runCodeIgniter(Object(CodeIgniter\CodeIgniter))
#17 C:\xampp\htdocs\muzani\index.php(59): CodeIgniter\Boot::bootWeb(Object(Config\Paths))
#18 {main}
CRITICAL - 2025-10-03 10:38:41 --> CodeIgniter\Database\Exceptions\DatabaseException: Unknown column 'class_id' in 'where clause'
[Method: GET, Route: gpa/kashf/44/2]
in SYSTEMPATH\Database\BaseConnection.php on line 684.
 1 SYSTEMPATH\Database\BaseBuilder.php(1649): CodeIgniter\Database\BaseConnection->query('SELECT *
FROM `results`
WHERE `student_id` = :student_id:
AND `class_id` = :class_id:', [...], false)
 2 SYSTEMPATH\Model.php(286): CodeIgniter\Database\BaseBuilder->get()
 3 SYSTEMPATH\BaseModel.php(677): CodeIgniter\Model->doFindAll(0, 0)
 4 APPPATH\Models\Gpa.php(97): CodeIgniter\BaseModel->findAll()
 5 APPPATH\Views\gpa\kashf.php(127): App\Models\Gpa->results('44', '2')
 6 SYSTEMPATH\View\View.php(226): include('C:\\xampp\\htdocs\\muzani\\app\\Views\\gpa\\kashf.php')
 7 SYSTEMPATH\View\View.php(229): CodeIgniter\View\View->CodeIgniter\View\{closure}()
 8 SYSTEMPATH\Common.php(1167): CodeIgniter\View\View->render('gpa/kashf', [], true)
 9 APPPATH\Controllers\GpaController.php(55): view('gpa/kashf', [...])
10 SYSTEMPATH\CodeIgniter.php(933): App\Controllers\GpaController->kashf('44', '2')
11 SYSTEMPATH\CodeIgniter.php(507): CodeIgniter\CodeIgniter->runController(Object(App\Controllers\GpaController))
12 SYSTEMPATH\CodeIgniter.php(354): CodeIgniter\CodeIgniter->handleRequest(null, Object(Config\Cache), false)
13 SYSTEMPATH\Boot.php(363): CodeIgniter\CodeIgniter->run()
14 SYSTEMPATH\Boot.php(68): CodeIgniter\Boot::runCodeIgniter(Object(CodeIgniter\CodeIgniter))
15 FCPATH\index.php(59): CodeIgniter\Boot::bootWeb(Object(Config\Paths))
CRITICAL - 2025-10-03 10:38:41 --> [Caused by] CodeIgniter\Database\Exceptions\DatabaseException: Unknown column 'class_id' in 'where clause'
in SYSTEMPATH\Database\MySQLi\Connection.php on line 332.
 1 SYSTEMPATH\Database\BaseConnection.php(729): CodeIgniter\Database\MySQLi\Connection->execute('SELECT *
FROM `results`
WHERE `student_id` = \'44\'
AND `class_id` = \'2\'')
 2 SYSTEMPATH\Database\BaseConnection.php(646): CodeIgniter\Database\BaseConnection->simpleQuery('SELECT *
FROM `results`
WHERE `student_id` = \'44\'
AND `class_id` = \'2\'')
 3 SYSTEMPATH\Database\BaseBuilder.php(1649): CodeIgniter\Database\BaseConnection->query('SELECT *
FROM `results`
WHERE `student_id` = :student_id:
AND `class_id` = :class_id:', [...], false)
 4 SYSTEMPATH\Model.php(286): CodeIgniter\Database\BaseBuilder->get()
 5 SYSTEMPATH\BaseModel.php(677): CodeIgniter\Model->doFindAll(0, 0)
 6 APPPATH\Models\Gpa.php(97): CodeIgniter\BaseModel->findAll()
 7 APPPATH\Views\gpa\kashf.php(127): App\Models\Gpa->results('44', '2')
 8 SYSTEMPATH\View\View.php(226): include('C:\\xampp\\htdocs\\muzani\\app\\Views\\gpa\\kashf.php')
 9 SYSTEMPATH\View\View.php(229): CodeIgniter\View\View->CodeIgniter\View\{closure}()
10 SYSTEMPATH\Common.php(1167): CodeIgniter\View\View->render('gpa/kashf', [], true)
11 APPPATH\Controllers\GpaController.php(55): view('gpa/kashf', [...])
12 SYSTEMPATH\CodeIgniter.php(933): App\Controllers\GpaController->kashf('44', '2')
13 SYSTEMPATH\CodeIgniter.php(507): CodeIgniter\CodeIgniter->runController(Object(App\Controllers\GpaController))
14 SYSTEMPATH\CodeIgniter.php(354): CodeIgniter\CodeIgniter->handleRequest(null, Object(Config\Cache), false)
15 SYSTEMPATH\Boot.php(363): CodeIgniter\CodeIgniter->run()
16 SYSTEMPATH\Boot.php(68): CodeIgniter\Boot::runCodeIgniter(Object(CodeIgniter\CodeIgniter))
17 FCPATH\index.php(59): CodeIgniter\Boot::bootWeb(Object(Config\Paths))
CRITICAL - 2025-10-03 10:38:41 --> [Caused by] mysqli_sql_exception: Unknown column 'class_id' in 'where clause'
in SYSTEMPATH\Database\MySQLi\Connection.php on line 327.
 1 SYSTEMPATH\Database\MySQLi\Connection.php(327): mysqli->query('SELECT *
FROM `results`
WHERE `student_id` = \'44\'
AND `class_id` = \'2\'', 0)
 2 SYSTEMPATH\Database\BaseConnection.php(729): CodeIgniter\Database\MySQLi\Connection->execute('SELECT *
FROM `results`
WHERE `student_id` = \'44\'
AND `class_id` = \'2\'')
 3 SYSTEMPATH\Database\BaseConnection.php(646): CodeIgniter\Database\BaseConnection->simpleQuery('SELECT *
FROM `results`
WHERE `student_id` = \'44\'
AND `class_id` = \'2\'')
 4 SYSTEMPATH\Database\BaseBuilder.php(1649): CodeIgniter\Database\BaseConnection->query('SELECT *
FROM `results`
WHERE `student_id` = :student_id:
AND `class_id` = :class_id:', [...], false)
 5 SYSTEMPATH\Model.php(286): CodeIgniter\Database\BaseBuilder->get()
 6 SYSTEMPATH\BaseModel.php(677): CodeIgniter\Model->doFindAll(0, 0)
 7 APPPATH\Models\Gpa.php(97): CodeIgniter\BaseModel->findAll()
 8 APPPATH\Views\gpa\kashf.php(127): App\Models\Gpa->results('44', '2')
 9 SYSTEMPATH\View\View.php(226): include('C:\\xampp\\htdocs\\muzani\\app\\Views\\gpa\\kashf.php')
10 SYSTEMPATH\View\View.php(229): CodeIgniter\View\View->CodeIgniter\View\{closure}()
11 SYSTEMPATH\Common.php(1167): CodeIgniter\View\View->render('gpa/kashf', [], true)
12 APPPATH\Controllers\GpaController.php(55): view('gpa/kashf', [...])
13 SYSTEMPATH\CodeIgniter.php(933): App\Controllers\GpaController->kashf('44', '2')
14 SYSTEMPATH\CodeIgniter.php(507): CodeIgniter\CodeIgniter->runController(Object(App\Controllers\GpaController))
15 SYSTEMPATH\CodeIgniter.php(354): CodeIgniter\CodeIgniter->handleRequest(null, Object(Config\Cache), false)
16 SYSTEMPATH\Boot.php(363): CodeIgniter\CodeIgniter->run()
17 SYSTEMPATH\Boot.php(68): CodeIgniter\Boot::runCodeIgniter(Object(CodeIgniter\CodeIgniter))
18 FCPATH\index.php(59): CodeIgniter\Boot::bootWeb(Object(Config\Paths))
DEBUG - 2025-10-03 10:39:33 --> Session: Class initialized using 'CodeIgniter\Session\Handlers\FileHandler' driver.
ERROR - 2025-10-03 10:39:33 --> mysqli_sql_exception: Unknown column 'course$course_id' in 'where clause' in C:\xampp\htdocs\muzani\system\Database\MySQLi\Connection.php:327
Stack trace:
#0 C:\xampp\htdocs\muzani\system\Database\MySQLi\Connection.php(327): mysqli->query('SELECT *\nFROM `...', 0)
#1 C:\xampp\htdocs\muzani\system\Database\BaseConnection.php(729): CodeIgniter\Database\MySQLi\Connection->execute('SELECT *\nFROM `...')
#2 C:\xampp\htdocs\muzani\system\Database\BaseConnection.php(646): CodeIgniter\Database\BaseConnection->simpleQuery('SELECT *\nFROM `...')
#3 C:\xampp\htdocs\muzani\system\Database\BaseBuilder.php(1649): CodeIgniter\Database\BaseConnection->query('SELECT *\nFROM `...', Array, false)
#4 C:\xampp\htdocs\muzani\system\Model.php(286): CodeIgniter\Database\BaseBuilder->get()
#5 C:\xampp\htdocs\muzani\system\BaseModel.php(677): CodeIgniter\Model->doFindAll(0, 0)
#6 C:\xampp\htdocs\muzani\app\Models\Gpa.php(97): CodeIgniter\BaseModel->findAll()
#7 C:\xampp\htdocs\muzani\app\Views\gpa\kashf.php(127): App\Models\Gpa->results('44', '2')
#8 C:\xampp\htdocs\muzani\system\View\View.php(226): include('C:\\xampp\\htdocs...')
#9 C:\xampp\htdocs\muzani\system\View\View.php(229): CodeIgniter\View\View->CodeIgniter\View\{closure}()
#10 C:\xampp\htdocs\muzani\system\Common.php(1167): CodeIgniter\View\View->render('gpa/kashf', Array, true)
#11 C:\xampp\htdocs\muzani\app\Controllers\GpaController.php(55): view('gpa/kashf', Array)
#12 C:\xampp\htdocs\muzani\system\CodeIgniter.php(933): App\Controllers\GpaController->kashf('44', '2')
#13 C:\xampp\htdocs\muzani\system\CodeIgniter.php(507): CodeIgniter\CodeIgniter->runController(Object(App\Controllers\GpaController))
#14 C:\xampp\htdocs\muzani\system\CodeIgniter.php(354): CodeIgniter\CodeIgniter->handleRequest(NULL, Object(Config\Cache), false)
#15 C:\xampp\htdocs\muzani\system\Boot.php(363): CodeIgniter\CodeIgniter->run()
#16 C:\xampp\htdocs\muzani\system\Boot.php(68): CodeIgniter\Boot::runCodeIgniter(Object(CodeIgniter\CodeIgniter))
#17 C:\xampp\htdocs\muzani\index.php(59): CodeIgniter\Boot::bootWeb(Object(Config\Paths))
#18 {main}
CRITICAL - 2025-10-03 10:39:33 --> CodeIgniter\Database\Exceptions\DatabaseException: Unknown column 'course$course_id' in 'where clause'
[Method: GET, Route: gpa/kashf/44/2]
in SYSTEMPATH\Database\BaseConnection.php on line 684.
 1 SYSTEMPATH\Database\BaseBuilder.php(1649): CodeIgniter\Database\BaseConnection->query('SELECT *
FROM `results`
WHERE `student_id` = :student_id:
AND `course$course_id` = :course$course_id:', [...], false)
 2 SYSTEMPATH\Model.php(286): CodeIgniter\Database\BaseBuilder->get()
 3 SYSTEMPATH\BaseModel.php(677): CodeIgniter\Model->doFindAll(0, 0)
 4 APPPATH\Models\Gpa.php(97): CodeIgniter\BaseModel->findAll()
 5 APPPATH\Views\gpa\kashf.php(127): App\Models\Gpa->results('44', '2')
 6 SYSTEMPATH\View\View.php(226): include('C:\\xampp\\htdocs\\muzani\\app\\Views\\gpa\\kashf.php')
 7 SYSTEMPATH\View\View.php(229): CodeIgniter\View\View->CodeIgniter\View\{closure}()
 8 SYSTEMPATH\Common.php(1167): CodeIgniter\View\View->render('gpa/kashf', [], true)
 9 APPPATH\Controllers\GpaController.php(55): view('gpa/kashf', [...])
10 SYSTEMPATH\CodeIgniter.php(933): App\Controllers\GpaController->kashf('44', '2')
11 SYSTEMPATH\CodeIgniter.php(507): CodeIgniter\CodeIgniter->runController(Object(App\Controllers\GpaController))
12 SYSTEMPATH\CodeIgniter.php(354): CodeIgniter\CodeIgniter->handleRequest(null, Object(Config\Cache), false)
13 SYSTEMPATH\Boot.php(363): CodeIgniter\CodeIgniter->run()
14 SYSTEMPATH\Boot.php(68): CodeIgniter\Boot::runCodeIgniter(Object(CodeIgniter\CodeIgniter))
15 FCPATH\index.php(59): CodeIgniter\Boot::bootWeb(Object(Config\Paths))
CRITICAL - 2025-10-03 10:39:33 --> [Caused by] CodeIgniter\Database\Exceptions\DatabaseException: Unknown column 'course$course_id' in 'where clause'
in SYSTEMPATH\Database\MySQLi\Connection.php on line 332.
 1 SYSTEMPATH\Database\BaseConnection.php(729): CodeIgniter\Database\MySQLi\Connection->execute('SELECT *
FROM `results`
WHERE `student_id` = \'44\'
AND `course$course_id` = \'2\'')
 2 SYSTEMPATH\Database\BaseConnection.php(646): CodeIgniter\Database\BaseConnection->simpleQuery('SELECT *
FROM `results`
WHERE `student_id` = \'44\'
AND `course$course_id` = \'2\'')
 3 SYSTEMPATH\Database\BaseBuilder.php(1649): CodeIgniter\Database\BaseConnection->query('SELECT *
FROM `results`
WHERE `student_id` = :student_id:
AND `course$course_id` = :course$course_id:', [...], false)
 4 SYSTEMPATH\Model.php(286): CodeIgniter\Database\BaseBuilder->get()
 5 SYSTEMPATH\BaseModel.php(677): CodeIgniter\Model->doFindAll(0, 0)
 6 APPPATH\Models\Gpa.php(97): CodeIgniter\BaseModel->findAll()
 7 APPPATH\Views\gpa\kashf.php(127): App\Models\Gpa->results('44', '2')
 8 SYSTEMPATH\View\View.php(226): include('C:\\xampp\\htdocs\\muzani\\app\\Views\\gpa\\kashf.php')
 9 SYSTEMPATH\View\View.php(229): CodeIgniter\View\View->CodeIgniter\View\{closure}()
10 SYSTEMPATH\Common.php(1167): CodeIgniter\View\View->render('gpa/kashf', [], true)
11 APPPATH\Controllers\GpaController.php(55): view('gpa/kashf', [...])
12 SYSTEMPATH\CodeIgniter.php(933): App\Controllers\GpaController->kashf('44', '2')
13 SYSTEMPATH\CodeIgniter.php(507): CodeIgniter\CodeIgniter->runController(Object(App\Controllers\GpaController))
14 SYSTEMPATH\CodeIgniter.php(354): CodeIgniter\CodeIgniter->handleRequest(null, Object(Config\Cache), false)
15 SYSTEMPATH\Boot.php(363): CodeIgniter\CodeIgniter->run()
16 SYSTEMPATH\Boot.php(68): CodeIgniter\Boot::runCodeIgniter(Object(CodeIgniter\CodeIgniter))
17 FCPATH\index.php(59): CodeIgniter\Boot::bootWeb(Object(Config\Paths))
CRITICAL - 2025-10-03 10:39:33 --> [Caused by] mysqli_sql_exception: Unknown column 'course$course_id' in 'where clause'
in SYSTEMPATH\Database\MySQLi\Connection.php on line 327.
 1 SYSTEMPATH\Database\MySQLi\Connection.php(327): mysqli->query('SELECT *
FROM `results`
WHERE `student_id` = \'44\'
AND `course$course_id` = \'2\'', 0)
 2 SYSTEMPATH\Database\BaseConnection.php(729): CodeIgniter\Database\MySQLi\Connection->execute('SELECT *
FROM `results`
WHERE `student_id` = \'44\'
AND `course$course_id` = \'2\'')
 3 SYSTEMPATH\Database\BaseConnection.php(646): CodeIgniter\Database\BaseConnection->simpleQuery('SELECT *
FROM `results`
WHERE `student_id` = \'44\'
AND `course$course_id` = \'2\'')
 4 SYSTEMPATH\Database\BaseBuilder.php(1649): CodeIgniter\Database\BaseConnection->query('SELECT *
FROM `results`
WHERE `student_id` = :student_id:
AND `course$course_id` = :course$course_id:', [...], false)
 5 SYSTEMPATH\Model.php(286): CodeIgniter\Database\BaseBuilder->get()
 6 SYSTEMPATH\BaseModel.php(677): CodeIgniter\Model->doFindAll(0, 0)
 7 APPPATH\Models\Gpa.php(97): CodeIgniter\BaseModel->findAll()
 8 APPPATH\Views\gpa\kashf.php(127): App\Models\Gpa->results('44', '2')
 9 SYSTEMPATH\View\View.php(226): include('C:\\xampp\\htdocs\\muzani\\app\\Views\\gpa\\kashf.php')
10 SYSTEMPATH\View\View.php(229): CodeIgniter\View\View->CodeIgniter\View\{closure}()
11 SYSTEMPATH\Common.php(1167): CodeIgniter\View\View->render('gpa/kashf', [], true)
12 APPPATH\Controllers\GpaController.php(55): view('gpa/kashf', [...])
13 SYSTEMPATH\CodeIgniter.php(933): App\Controllers\GpaController->kashf('44', '2')
14 SYSTEMPATH\CodeIgniter.php(507): CodeIgniter\CodeIgniter->runController(Object(App\Controllers\GpaController))
15 SYSTEMPATH\CodeIgniter.php(354): CodeIgniter\CodeIgniter->handleRequest(null, Object(Config\Cache), false)
16 SYSTEMPATH\Boot.php(363): CodeIgniter\CodeIgniter->run()
17 SYSTEMPATH\Boot.php(68): CodeIgniter\Boot::runCodeIgniter(Object(CodeIgniter\CodeIgniter))
18 FCPATH\index.php(59): CodeIgniter\Boot::bootWeb(Object(Config\Paths))
DEBUG - 2025-10-03 10:40:30 --> Session: Class initialized using 'CodeIgniter\Session\Handlers\FileHandler' driver.
CRITICAL - 2025-10-03 10:40:30 --> ErrorException: Undefined array key "marks"
[Method: GET, Route: gpa/kashf/44/2]
in APPPATH\Views\gpa\kashf.php on line 161.
 1 APPPATH\Views\gpa\kashf.php(161): CodeIgniter\Debug\Exceptions->errorHandler(2, 'Undefined array key "marks"', 'C:\\xampp\\htdocs\\muzani\\app\\Views\\gpa\\kashf.php', 161)
 2 SYSTEMPATH\View\View.php(226): include('C:\\xampp\\htdocs\\muzani\\app\\Views\\gpa\\kashf.php')
 3 SYSTEMPATH\View\View.php(229): CodeIgniter\View\View->CodeIgniter\View\{closure}()
 4 SYSTEMPATH\Common.php(1167): CodeIgniter\View\View->render('gpa/kashf', [], true)
 5 APPPATH\Controllers\GpaController.php(55): view('gpa/kashf', [...])
 6 SYSTEMPATH\CodeIgniter.php(933): App\Controllers\GpaController->kashf('44', '2')
 7 SYSTEMPATH\CodeIgniter.php(507): CodeIgniter\CodeIgniter->runController(Object(App\Controllers\GpaController))
 8 SYSTEMPATH\CodeIgniter.php(354): CodeIgniter\CodeIgniter->handleRequest(null, Object(Config\Cache), false)
 9 SYSTEMPATH\Boot.php(363): CodeIgniter\CodeIgniter->run()
10 SYSTEMPATH\Boot.php(68): CodeIgniter\Boot::runCodeIgniter(Object(CodeIgniter\CodeIgniter))
11 FCPATH\index.php(59): CodeIgniter\Boot::bootWeb(Object(Config\Paths))
DEBUG - 2025-10-03 10:40:58 --> Session: Class initialized using 'CodeIgniter\Session\Handlers\FileHandler' driver.
CRITICAL - 2025-10-03 10:40:59 --> ErrorException: Undefined array key "gpa"
[Method: GET, Route: gpa/kashf/44/2]
in APPPATH\Views\gpa\kashf.php on line 172.
 1 APPPATH\Views\gpa\kashf.php(172): CodeIgniter\Debug\Exceptions->errorHandler(2, 'Undefined array key "gpa"', 'C:\\xampp\\htdocs\\muzani\\app\\Views\\gpa\\kashf.php', 172)
 2 SYSTEMPATH\View\View.php(226): include('C:\\xampp\\htdocs\\muzani\\app\\Views\\gpa\\kashf.php')
 3 SYSTEMPATH\View\View.php(229): CodeIgniter\View\View->CodeIgniter\View\{closure}()
 4 SYSTEMPATH\Common.php(1167): CodeIgniter\View\View->render('gpa/kashf', [], true)
 5 APPPATH\Controllers\GpaController.php(55): view('gpa/kashf', [...])
 6 SYSTEMPATH\CodeIgniter.php(933): App\Controllers\GpaController->kashf('44', '2')
 7 SYSTEMPATH\CodeIgniter.php(507): CodeIgniter\CodeIgniter->runController(Object(App\Controllers\GpaController))
 8 SYSTEMPATH\CodeIgniter.php(354): CodeIgniter\CodeIgniter->handleRequest(null, Object(Config\Cache), false)
 9 SYSTEMPATH\Boot.php(363): CodeIgniter\CodeIgniter->run()
10 SYSTEMPATH\Boot.php(68): CodeIgniter\Boot::runCodeIgniter(Object(CodeIgniter\CodeIgniter))
11 FCPATH\index.php(59): CodeIgniter\Boot::bootWeb(Object(Config\Paths))
DEBUG - 2025-10-03 10:41:11 --> Session: Class initialized using 'CodeIgniter\Session\Handlers\FileHandler' driver.
CRITICAL - 2025-10-03 10:41:11 --> ErrorException: Undefined array key "point"
[Method: GET, Route: gpa/kashf/44/2]
in APPPATH\Views\gpa\kashf.php on line 173.
 1 APPPATH\Views\gpa\kashf.php(173): CodeIgniter\Debug\Exceptions->errorHandler(2, 'Undefined array key "point"', 'C:\\xampp\\htdocs\\muzani\\app\\Views\\gpa\\kashf.php', 173)
 2 SYSTEMPATH\View\View.php(226): include('C:\\xampp\\htdocs\\muzani\\app\\Views\\gpa\\kashf.php')
 3 SYSTEMPATH\View\View.php(229): CodeIgniter\View\View->CodeIgniter\View\{closure}()
 4 SYSTEMPATH\Common.php(1167): CodeIgniter\View\View->render('gpa/kashf', [], true)
 5 APPPATH\Controllers\GpaController.php(55): view('gpa/kashf', [...])
 6 SYSTEMPATH\CodeIgniter.php(933): App\Controllers\GpaController->kashf('44', '2')
 7 SYSTEMPATH\CodeIgniter.php(507): CodeIgniter\CodeIgniter->runController(Object(App\Controllers\GpaController))
 8 SYSTEMPATH\CodeIgniter.php(354): CodeIgniter\CodeIgniter->handleRequest(null, Object(Config\Cache), false)
 9 SYSTEMPATH\Boot.php(363): CodeIgniter\CodeIgniter->run()
10 SYSTEMPATH\Boot.php(68): CodeIgniter\Boot::runCodeIgniter(Object(CodeIgniter\CodeIgniter))
11 FCPATH\index.php(59): CodeIgniter\Boot::bootWeb(Object(Config\Paths))
DEBUG - 2025-10-03 10:41:29 --> Session: Class initialized using 'CodeIgniter\Session\Handlers\FileHandler' driver.
CRITICAL - 2025-10-03 10:41:29 --> ErrorException: Undefined array key "course_point"
[Method: GET, Route: gpa/kashf/44/2]
in APPPATH\Views\gpa\kashf.php on line 173.
 1 APPPATH\Views\gpa\kashf.php(173): CodeIgniter\Debug\Exceptions->errorHandler(2, 'Undefined array key "course_point"', 'C:\\xampp\\htdocs\\muzani\\app\\Views\\gpa\\kashf.php', 173)
 2 SYSTEMPATH\View\View.php(226): include('C:\\xampp\\htdocs\\muzani\\app\\Views\\gpa\\kashf.php')
 3 SYSTEMPATH\View\View.php(229): CodeIgniter\View\View->CodeIgniter\View\{closure}()
 4 SYSTEMPATH\Common.php(1167): CodeIgniter\View\View->render('gpa/kashf', [], true)
 5 APPPATH\Controllers\GpaController.php(55): view('gpa/kashf', [...])
 6 SYSTEMPATH\CodeIgniter.php(933): App\Controllers\GpaController->kashf('44', '2')
 7 SYSTEMPATH\CodeIgniter.php(507): CodeIgniter\CodeIgniter->runController(Object(App\Controllers\GpaController))
 8 SYSTEMPATH\CodeIgniter.php(354): CodeIgniter\CodeIgniter->handleRequest(null, Object(Config\Cache), false)
 9 SYSTEMPATH\Boot.php(363): CodeIgniter\CodeIgniter->run()
10 SYSTEMPATH\Boot.php(68): CodeIgniter\Boot::runCodeIgniter(Object(CodeIgniter\CodeIgniter))
11 FCPATH\index.php(59): CodeIgniter\Boot::bootWeb(Object(Config\Paths))
DEBUG - 2025-10-03 10:42:01 --> Session: Class initialized using 'CodeIgniter\Session\Handlers\FileHandler' driver.
DEBUG - 2025-10-03 10:42:38 --> Session: Class initialized using 'CodeIgniter\Session\Handlers\FileHandler' driver.
DEBUG - 2025-10-03 10:43:12 --> Session: Class initialized using 'CodeIgniter\Session\Handlers\FileHandler' driver.
CRITICAL - 2025-10-03 10:43:12 --> ErrorException: Undefined array key "course_point"
[Method: GET, Route: gpa/kashf/44/2]
in APPPATH\Views\gpa\kashf.php on line 173.
 1 APPPATH\Views\gpa\kashf.php(173): CodeIgniter\Debug\Exceptions->errorHandler(2, 'Undefined array key "course_point"', 'C:\\xampp\\htdocs\\muzani\\app\\Views\\gpa\\kashf.php', 173)
 2 SYSTEMPATH\View\View.php(226): include('C:\\xampp\\htdocs\\muzani\\app\\Views\\gpa\\kashf.php')
 3 SYSTEMPATH\View\View.php(229): CodeIgniter\View\View->CodeIgniter\View\{closure}()
 4 SYSTEMPATH\Common.php(1167): CodeIgniter\View\View->render('gpa/kashf', [], true)
 5 APPPATH\Controllers\GpaController.php(55): view('gpa/kashf', [...])
 6 SYSTEMPATH\CodeIgniter.php(933): App\Controllers\GpaController->kashf('44', '2')
 7 SYSTEMPATH\CodeIgniter.php(507): CodeIgniter\CodeIgniter->runController(Object(App\Controllers\GpaController))
 8 SYSTEMPATH\CodeIgniter.php(354): CodeIgniter\CodeIgniter->handleRequest(null, Object(Config\Cache), false)
 9 SYSTEMPATH\Boot.php(363): CodeIgniter\CodeIgniter->run()
10 SYSTEMPATH\Boot.php(68): CodeIgniter\Boot::runCodeIgniter(Object(CodeIgniter\CodeIgniter))
11 FCPATH\index.php(59): CodeIgniter\Boot::bootWeb(Object(Config\Paths))
DEBUG - 2025-10-03 10:43:42 --> Session: Class initialized using 'CodeIgniter\Session\Handlers\FileHandler' driver.
ERROR - 2025-10-03 10:43:42 --> mysqli_sql_exception: Unknown column 'class_id' in 'where clause' in C:\xampp\htdocs\muzani\system\Database\MySQLi\Connection.php:327
Stack trace:
#0 C:\xampp\htdocs\muzani\system\Database\MySQLi\Connection.php(327): mysqli->query('SELECT *\nFROM `...', 0)
#1 C:\xampp\htdocs\muzani\system\Database\BaseConnection.php(729): CodeIgniter\Database\MySQLi\Connection->execute('SELECT *\nFROM `...')
#2 C:\xampp\htdocs\muzani\system\Database\BaseConnection.php(646): CodeIgniter\Database\BaseConnection->simpleQuery('SELECT *\nFROM `...')
#3 C:\xampp\htdocs\muzani\system\Database\BaseBuilder.php(1649): CodeIgniter\Database\BaseConnection->query('SELECT *\nFROM `...', Array, false)
#4 C:\xampp\htdocs\muzani\system\Model.php(286): CodeIgniter\Database\BaseBuilder->get()
#5 C:\xampp\htdocs\muzani\system\BaseModel.php(677): CodeIgniter\Model->doFindAll(0, 0)
#6 C:\xampp\htdocs\muzani\app\Models\Gpa.php(151): CodeIgniter\BaseModel->findAll()
#7 C:\xampp\htdocs\muzani\app\Views\gpa\kashf.php(185): App\Models\Gpa->position('44', '2', '3')
#8 C:\xampp\htdocs\muzani\system\View\View.php(226): include('C:\\xampp\\htdocs...')
#9 C:\xampp\htdocs\muzani\system\View\View.php(229): CodeIgniter\View\View->CodeIgniter\View\{closure}()
#10 C:\xampp\htdocs\muzani\system\Common.php(1167): CodeIgniter\View\View->render('gpa/kashf', Array, true)
#11 C:\xampp\htdocs\muzani\app\Controllers\GpaController.php(55): view('gpa/kashf', Array)
#12 C:\xampp\htdocs\muzani\system\CodeIgniter.php(933): App\Controllers\GpaController->kashf('44', '2')
#13 C:\xampp\htdocs\muzani\system\CodeIgniter.php(507): CodeIgniter\CodeIgniter->runController(Object(App\Controllers\GpaController))
#14 C:\xampp\htdocs\muzani\system\CodeIgniter.php(354): CodeIgniter\CodeIgniter->handleRequest(NULL, Object(Config\Cache), false)
#15 C:\xampp\htdocs\muzani\system\Boot.php(363): CodeIgniter\CodeIgniter->run()
#16 C:\xampp\htdocs\muzani\system\Boot.php(68): CodeIgniter\Boot::runCodeIgniter(Object(CodeIgniter\CodeIgniter))
#17 C:\xampp\htdocs\muzani\index.php(59): CodeIgniter\Boot::bootWeb(Object(Config\Paths))
#18 {main}
CRITICAL - 2025-10-03 10:43:42 --> CodeIgniter\Database\Exceptions\DatabaseException: Unknown column 'class_id' in 'where clause'
[Method: GET, Route: gpa/kashf/44/2]
in SYSTEMPATH\Database\BaseConnection.php on line 684.
 1 SYSTEMPATH\Database\BaseBuilder.php(1649): CodeIgniter\Database\BaseConnection->query('SELECT *
FROM `gpas`
WHERE `class_id` = :class_id:
AND `year_id` = :year_id:
ORDER BY `marks` DESC', [...], false)
 2 SYSTEMPATH\Model.php(286): CodeIgniter\Database\BaseBuilder->get()
 3 SYSTEMPATH\BaseModel.php(677): CodeIgniter\Model->doFindAll(0, 0)
 4 APPPATH\Models\Gpa.php(151): CodeIgniter\BaseModel->findAll()
 5 APPPATH\Views\gpa\kashf.php(185): App\Models\Gpa->position('44', '2', '3')
 6 SYSTEMPATH\View\View.php(226): include('C:\\xampp\\htdocs\\muzani\\app\\Views\\gpa\\kashf.php')
 7 SYSTEMPATH\View\View.php(229): CodeIgniter\View\View->CodeIgniter\View\{closure}()
 8 SYSTEMPATH\Common.php(1167): CodeIgniter\View\View->render('gpa/kashf', [], true)
 9 APPPATH\Controllers\GpaController.php(55): view('gpa/kashf', [...])
10 SYSTEMPATH\CodeIgniter.php(933): App\Controllers\GpaController->kashf('44', '2')
11 SYSTEMPATH\CodeIgniter.php(507): CodeIgniter\CodeIgniter->runController(Object(App\Controllers\GpaController))
12 SYSTEMPATH\CodeIgniter.php(354): CodeIgniter\CodeIgniter->handleRequest(null, Object(Config\Cache), false)
13 SYSTEMPATH\Boot.php(363): CodeIgniter\CodeIgniter->run()
14 SYSTEMPATH\Boot.php(68): CodeIgniter\Boot::runCodeIgniter(Object(CodeIgniter\CodeIgniter))
15 FCPATH\index.php(59): CodeIgniter\Boot::bootWeb(Object(Config\Paths))
CRITICAL - 2025-10-03 10:43:42 --> [Caused by] CodeIgniter\Database\Exceptions\DatabaseException: Unknown column 'class_id' in 'where clause'
in SYSTEMPATH\Database\MySQLi\Connection.php on line 332.
 1 SYSTEMPATH\Database\BaseConnection.php(729): CodeIgniter\Database\MySQLi\Connection->execute('SELECT *
FROM `gpas`
WHERE `class_id` = \'2\'
AND `year_id` = \'3\'
ORDER BY `marks` DESC')
 2 SYSTEMPATH\Database\BaseConnection.php(646): CodeIgniter\Database\BaseConnection->simpleQuery('SELECT *
FROM `gpas`
WHERE `class_id` = \'2\'
AND `year_id` = \'3\'
ORDER BY `marks` DESC')
 3 SYSTEMPATH\Database\BaseBuilder.php(1649): CodeIgniter\Database\BaseConnection->query('SELECT *
FROM `gpas`
WHERE `class_id` = :class_id:
AND `year_id` = :year_id:
ORDER BY `marks` DESC', [...], false)
 4 SYSTEMPATH\Model.php(286): CodeIgniter\Database\BaseBuilder->get()
 5 SYSTEMPATH\BaseModel.php(677): CodeIgniter\Model->doFindAll(0, 0)
 6 APPPATH\Models\Gpa.php(151): CodeIgniter\BaseModel->findAll()
 7 APPPATH\Views\gpa\kashf.php(185): App\Models\Gpa->position('44', '2', '3')
 8 SYSTEMPATH\View\View.php(226): include('C:\\xampp\\htdocs\\muzani\\app\\Views\\gpa\\kashf.php')
 9 SYSTEMPATH\View\View.php(229): CodeIgniter\View\View->CodeIgniter\View\{closure}()
10 SYSTEMPATH\Common.php(1167): CodeIgniter\View\View->render('gpa/kashf', [], true)
11 APPPATH\Controllers\GpaController.php(55): view('gpa/kashf', [...])
12 SYSTEMPATH\CodeIgniter.php(933): App\Controllers\GpaController->kashf('44', '2')
13 SYSTEMPATH\CodeIgniter.php(507): CodeIgniter\CodeIgniter->runController(Object(App\Controllers\GpaController))
14 SYSTEMPATH\CodeIgniter.php(354): CodeIgniter\CodeIgniter->handleRequest(null, Object(Config\Cache), false)
15 SYSTEMPATH\Boot.php(363): CodeIgniter\CodeIgniter->run()
16 SYSTEMPATH\Boot.php(68): CodeIgniter\Boot::runCodeIgniter(Object(CodeIgniter\CodeIgniter))
17 FCPATH\index.php(59): CodeIgniter\Boot::bootWeb(Object(Config\Paths))
CRITICAL - 2025-10-03 10:43:42 --> [Caused by] mysqli_sql_exception: Unknown column 'class_id' in 'where clause'
in SYSTEMPATH\Database\MySQLi\Connection.php on line 327.
 1 SYSTEMPATH\Database\MySQLi\Connection.php(327): mysqli->query('SELECT *
FROM `gpas`
WHERE `class_id` = \'2\'
AND `year_id` = \'3\'
ORDER BY `marks` DESC', 0)
 2 SYSTEMPATH\Database\BaseConnection.php(729): CodeIgniter\Database\MySQLi\Connection->execute('SELECT *
FROM `gpas`
WHERE `class_id` = \'2\'
AND `year_id` = \'3\'
ORDER BY `marks` DESC')
 3 SYSTEMPATH\Database\BaseConnection.php(646): CodeIgniter\Database\BaseConnection->simpleQuery('SELECT *
FROM `gpas`
WHERE `class_id` = \'2\'
AND `year_id` = \'3\'
ORDER BY `marks` DESC')
 4 SYSTEMPATH\Database\BaseBuilder.php(1649): CodeIgniter\Database\BaseConnection->query('SELECT *
FROM `gpas`
WHERE `class_id` = :class_id:
AND `year_id` = :year_id:
ORDER BY `marks` DESC', [...], false)
 5 SYSTEMPATH\Model.php(286): CodeIgniter\Database\BaseBuilder->get()
 6 SYSTEMPATH\BaseModel.php(677): CodeIgniter\Model->doFindAll(0, 0)
 7 APPPATH\Models\Gpa.php(151): CodeIgniter\BaseModel->findAll()
 8 APPPATH\Views\gpa\kashf.php(185): App\Models\Gpa->position('44', '2', '3')
 9 SYSTEMPATH\View\View.php(226): include('C:\\xampp\\htdocs\\muzani\\app\\Views\\gpa\\kashf.php')
10 SYSTEMPATH\View\View.php(229): CodeIgniter\View\View->CodeIgniter\View\{closure}()
11 SYSTEMPATH\Common.php(1167): CodeIgniter\View\View->render('gpa/kashf', [], true)
12 APPPATH\Controllers\GpaController.php(55): view('gpa/kashf', [...])
13 SYSTEMPATH\CodeIgniter.php(933): App\Controllers\GpaController->kashf('44', '2')
14 SYSTEMPATH\CodeIgniter.php(507): CodeIgniter\CodeIgniter->runController(Object(App\Controllers\GpaController))
15 SYSTEMPATH\CodeIgniter.php(354): CodeIgniter\CodeIgniter->handleRequest(null, Object(Config\Cache), false)
16 SYSTEMPATH\Boot.php(363): CodeIgniter\CodeIgniter->run()
17 SYSTEMPATH\Boot.php(68): CodeIgniter\Boot::runCodeIgniter(Object(CodeIgniter\CodeIgniter))
18 FCPATH\index.php(59): CodeIgniter\Boot::bootWeb(Object(Config\Paths))
DEBUG - 2025-10-03 10:44:27 --> Session: Class initialized using 'CodeIgniter\Session\Handlers\FileHandler' driver.
ERROR - 2025-10-03 10:44:27 --> mysqli_sql_exception: Unknown column 'marks' in 'order clause' in C:\xampp\htdocs\muzani\system\Database\MySQLi\Connection.php:327
Stack trace:
#0 C:\xampp\htdocs\muzani\system\Database\MySQLi\Connection.php(327): mysqli->query('SELECT *\nFROM `...', 0)
#1 C:\xampp\htdocs\muzani\system\Database\BaseConnection.php(729): CodeIgniter\Database\MySQLi\Connection->execute('SELECT *\nFROM `...')
#2 C:\xampp\htdocs\muzani\system\Database\BaseConnection.php(646): CodeIgniter\Database\BaseConnection->simpleQuery('SELECT *\nFROM `...')
#3 C:\xampp\htdocs\muzani\system\Database\BaseBuilder.php(1649): CodeIgniter\Database\BaseConnection->query('SELECT *\nFROM `...', Array, false)
#4 C:\xampp\htdocs\muzani\system\Model.php(286): CodeIgniter\Database\BaseBuilder->get()
#5 C:\xampp\htdocs\muzani\system\BaseModel.php(677): CodeIgniter\Model->doFindAll(0, 0)
#6 C:\xampp\htdocs\muzani\app\Models\Gpa.php(151): CodeIgniter\BaseModel->findAll()
#7 C:\xampp\htdocs\muzani\app\Views\gpa\kashf.php(185): App\Models\Gpa->position('44', '2', '3')
#8 C:\xampp\htdocs\muzani\system\View\View.php(226): include('C:\\xampp\\htdocs...')
#9 C:\xampp\htdocs\muzani\system\View\View.php(229): CodeIgniter\View\View->CodeIgniter\View\{closure}()
#10 C:\xampp\htdocs\muzani\system\Common.php(1167): CodeIgniter\View\View->render('gpa/kashf', Array, true)
#11 C:\xampp\htdocs\muzani\app\Controllers\GpaController.php(55): view('gpa/kashf', Array)
#12 C:\xampp\htdocs\muzani\system\CodeIgniter.php(933): App\Controllers\GpaController->kashf('44', '2')
#13 C:\xampp\htdocs\muzani\system\CodeIgniter.php(507): CodeIgniter\CodeIgniter->runController(Object(App\Controllers\GpaController))
#14 C:\xampp\htdocs\muzani\system\CodeIgniter.php(354): CodeIgniter\CodeIgniter->handleRequest(NULL, Object(Config\Cache), false)
#15 C:\xampp\htdocs\muzani\system\Boot.php(363): CodeIgniter\CodeIgniter->run()
#16 C:\xampp\htdocs\muzani\system\Boot.php(68): CodeIgniter\Boot::runCodeIgniter(Object(CodeIgniter\CodeIgniter))
#17 C:\xampp\htdocs\muzani\index.php(59): CodeIgniter\Boot::bootWeb(Object(Config\Paths))
#18 {main}
CRITICAL - 2025-10-03 10:44:27 --> CodeIgniter\Database\Exceptions\DatabaseException: Unknown column 'marks' in 'order clause'
[Method: GET, Route: gpa/kashf/44/2]
in SYSTEMPATH\Database\BaseConnection.php on line 684.
 1 SYSTEMPATH\Database\BaseBuilder.php(1649): CodeIgniter\Database\BaseConnection->query('SELECT *
FROM `gpas`
WHERE `course_id` = :course_id:
AND `year_id` = :year_id:
ORDER BY `marks` DESC', [...], false)
 2 SYSTEMPATH\Model.php(286): CodeIgniter\Database\BaseBuilder->get()
 3 SYSTEMPATH\BaseModel.php(677): CodeIgniter\Model->doFindAll(0, 0)
 4 APPPATH\Models\Gpa.php(151): CodeIgniter\BaseModel->findAll()
 5 APPPATH\Views\gpa\kashf.php(185): App\Models\Gpa->position('44', '2', '3')
 6 SYSTEMPATH\View\View.php(226): include('C:\\xampp\\htdocs\\muzani\\app\\Views\\gpa\\kashf.php')
 7 SYSTEMPATH\View\View.php(229): CodeIgniter\View\View->CodeIgniter\View\{closure}()
 8 SYSTEMPATH\Common.php(1167): CodeIgniter\View\View->render('gpa/kashf', [], true)
 9 APPPATH\Controllers\GpaController.php(55): view('gpa/kashf', [...])
10 SYSTEMPATH\CodeIgniter.php(933): App\Controllers\GpaController->kashf('44', '2')
11 SYSTEMPATH\CodeIgniter.php(507): CodeIgniter\CodeIgniter->runController(Object(App\Controllers\GpaController))
12 SYSTEMPATH\CodeIgniter.php(354): CodeIgniter\CodeIgniter->handleRequest(null, Object(Config\Cache), false)
13 SYSTEMPATH\Boot.php(363): CodeIgniter\CodeIgniter->run()
14 SYSTEMPATH\Boot.php(68): CodeIgniter\Boot::runCodeIgniter(Object(CodeIgniter\CodeIgniter))
15 FCPATH\index.php(59): CodeIgniter\Boot::bootWeb(Object(Config\Paths))
CRITICAL - 2025-10-03 10:44:27 --> [Caused by] CodeIgniter\Database\Exceptions\DatabaseException: Unknown column 'marks' in 'order clause'
in SYSTEMPATH\Database\MySQLi\Connection.php on line 332.
 1 SYSTEMPATH\Database\BaseConnection.php(729): CodeIgniter\Database\MySQLi\Connection->execute('SELECT *
FROM `gpas`
WHERE `course_id` = \'2\'
AND `year_id` = \'3\'
ORDER BY `marks` DESC')
 2 SYSTEMPATH\Database\BaseConnection.php(646): CodeIgniter\Database\BaseConnection->simpleQuery('SELECT *
FROM `gpas`
WHERE `course_id` = \'2\'
AND `year_id` = \'3\'
ORDER BY `marks` DESC')
 3 SYSTEMPATH\Database\BaseBuilder.php(1649): CodeIgniter\Database\BaseConnection->query('SELECT *
FROM `gpas`
WHERE `course_id` = :course_id:
AND `year_id` = :year_id:
ORDER BY `marks` DESC', [...], false)
 4 SYSTEMPATH\Model.php(286): CodeIgniter\Database\BaseBuilder->get()
 5 SYSTEMPATH\BaseModel.php(677): CodeIgniter\Model->doFindAll(0, 0)
 6 APPPATH\Models\Gpa.php(151): CodeIgniter\BaseModel->findAll()
 7 APPPATH\Views\gpa\kashf.php(185): App\Models\Gpa->position('44', '2', '3')
 8 SYSTEMPATH\View\View.php(226): include('C:\\xampp\\htdocs\\muzani\\app\\Views\\gpa\\kashf.php')
 9 SYSTEMPATH\View\View.php(229): CodeIgniter\View\View->CodeIgniter\View\{closure}()
10 SYSTEMPATH\Common.php(1167): CodeIgniter\View\View->render('gpa/kashf', [], true)
11 APPPATH\Controllers\GpaController.php(55): view('gpa/kashf', [...])
12 SYSTEMPATH\CodeIgniter.php(933): App\Controllers\GpaController->kashf('44', '2')
13 SYSTEMPATH\CodeIgniter.php(507): CodeIgniter\CodeIgniter->runController(Object(App\Controllers\GpaController))
14 SYSTEMPATH\CodeIgniter.php(354): CodeIgniter\CodeIgniter->handleRequest(null, Object(Config\Cache), false)
15 SYSTEMPATH\Boot.php(363): CodeIgniter\CodeIgniter->run()
16 SYSTEMPATH\Boot.php(68): CodeIgniter\Boot::runCodeIgniter(Object(CodeIgniter\CodeIgniter))
17 FCPATH\index.php(59): CodeIgniter\Boot::bootWeb(Object(Config\Paths))
CRITICAL - 2025-10-03 10:44:27 --> [Caused by] mysqli_sql_exception: Unknown column 'marks' in 'order clause'
in SYSTEMPATH\Database\MySQLi\Connection.php on line 327.
 1 SYSTEMPATH\Database\MySQLi\Connection.php(327): mysqli->query('SELECT *
FROM `gpas`
WHERE `course_id` = \'2\'
AND `year_id` = \'3\'
ORDER BY `marks` DESC', 0)
 2 SYSTEMPATH\Database\BaseConnection.php(729): CodeIgniter\Database\MySQLi\Connection->execute('SELECT *
FROM `gpas`
WHERE `course_id` = \'2\'
AND `year_id` = \'3\'
ORDER BY `marks` DESC')
 3 SYSTEMPATH\Database\BaseConnection.php(646): CodeIgniter\Database\BaseConnection->simpleQuery('SELECT *
FROM `gpas`
WHERE `course_id` = \'2\'
AND `year_id` = \'3\'
ORDER BY `marks` DESC')
 4 SYSTEMPATH\Database\BaseBuilder.php(1649): CodeIgniter\Database\BaseConnection->query('SELECT *
FROM `gpas`
WHERE `course_id` = :course_id:
AND `year_id` = :year_id:
ORDER BY `marks` DESC', [...], false)
 5 SYSTEMPATH\Model.php(286): CodeIgniter\Database\BaseBuilder->get()
 6 SYSTEMPATH\BaseModel.php(677): CodeIgniter\Model->doFindAll(0, 0)
 7 APPPATH\Models\Gpa.php(151): CodeIgniter\BaseModel->findAll()
 8 APPPATH\Views\gpa\kashf.php(185): App\Models\Gpa->position('44', '2', '3')
 9 SYSTEMPATH\View\View.php(226): include('C:\\xampp\\htdocs\\muzani\\app\\Views\\gpa\\kashf.php')
10 SYSTEMPATH\View\View.php(229): CodeIgniter\View\View->CodeIgniter\View\{closure}()
11 SYSTEMPATH\Common.php(1167): CodeIgniter\View\View->render('gpa/kashf', [], true)
12 APPPATH\Controllers\GpaController.php(55): view('gpa/kashf', [...])
13 SYSTEMPATH\CodeIgniter.php(933): App\Controllers\GpaController->kashf('44', '2')
14 SYSTEMPATH\CodeIgniter.php(507): CodeIgniter\CodeIgniter->runController(Object(App\Controllers\GpaController))
15 SYSTEMPATH\CodeIgniter.php(354): CodeIgniter\CodeIgniter->handleRequest(null, Object(Config\Cache), false)
16 SYSTEMPATH\Boot.php(363): CodeIgniter\CodeIgniter->run()
17 SYSTEMPATH\Boot.php(68): CodeIgniter\Boot::runCodeIgniter(Object(CodeIgniter\CodeIgniter))
18 FCPATH\index.php(59): CodeIgniter\Boot::bootWeb(Object(Config\Paths))
DEBUG - 2025-10-03 10:44:48 --> Session: Class initialized using 'CodeIgniter\Session\Handlers\FileHandler' driver.
CRITICAL - 2025-10-03 10:44:48 --> ErrorException: Undefined array key "malaf"
[Method: GET, Route: gpa/kashf/44/2]
in APPPATH\Views\gpa\kashf.php on line 199.
 1 APPPATH\Views\gpa\kashf.php(199): CodeIgniter\Debug\Exceptions->errorHandler(2, 'Undefined array key "malaf"', 'C:\\xampp\\htdocs\\muzani\\app\\Views\\gpa\\kashf.php', 199)
 2 SYSTEMPATH\View\View.php(226): include('C:\\xampp\\htdocs\\muzani\\app\\Views\\gpa\\kashf.php')
 3 SYSTEMPATH\View\View.php(229): CodeIgniter\View\View->CodeIgniter\View\{closure}()
 4 SYSTEMPATH\Common.php(1167): CodeIgniter\View\View->render('gpa/kashf', [], true)
 5 APPPATH\Controllers\GpaController.php(55): view('gpa/kashf', [...])
 6 SYSTEMPATH\CodeIgniter.php(933): App\Controllers\GpaController->kashf('44', '2')
 7 SYSTEMPATH\CodeIgniter.php(507): CodeIgniter\CodeIgniter->runController(Object(App\Controllers\GpaController))
 8 SYSTEMPATH\CodeIgniter.php(354): CodeIgniter\CodeIgniter->handleRequest(null, Object(Config\Cache), false)
 9 SYSTEMPATH\Boot.php(363): CodeIgniter\CodeIgniter->run()
10 SYSTEMPATH\Boot.php(68): CodeIgniter\Boot::runCodeIgniter(Object(CodeIgniter\CodeIgniter))
11 FCPATH\index.php(59): CodeIgniter\Boot::bootWeb(Object(Config\Paths))
DEBUG - 2025-10-03 10:45:33 --> Session: Class initialized using 'CodeIgniter\Session\Handlers\FileHandler' driver.
CRITICAL - 2025-10-03 10:45:33 --> ErrorException: Undefined array key "malaf"
[Method: GET, Route: gpa/kashf/44/2]
in APPPATH\Views\gpa\kashf.php on line 199.
 1 APPPATH\Views\gpa\kashf.php(199): CodeIgniter\Debug\Exceptions->errorHandler(2, 'Undefined array key "malaf"', 'C:\\xampp\\htdocs\\muzani\\app\\Views\\gpa\\kashf.php', 199)
 2 SYSTEMPATH\View\View.php(226): include('C:\\xampp\\htdocs\\muzani\\app\\Views\\gpa\\kashf.php')
 3 SYSTEMPATH\View\View.php(229): CodeIgniter\View\View->CodeIgniter\View\{closure}()
 4 SYSTEMPATH\Common.php(1167): CodeIgniter\View\View->render('gpa/kashf', [], true)
 5 APPPATH\Controllers\GpaController.php(55): view('gpa/kashf', [...])
 6 SYSTEMPATH\CodeIgniter.php(933): App\Controllers\GpaController->kashf('44', '2')
 7 SYSTEMPATH\CodeIgniter.php(507): CodeIgniter\CodeIgniter->runController(Object(App\Controllers\GpaController))
 8 SYSTEMPATH\CodeIgniter.php(354): CodeIgniter\CodeIgniter->handleRequest(null, Object(Config\Cache), false)
 9 SYSTEMPATH\Boot.php(363): CodeIgniter\CodeIgniter->run()
10 SYSTEMPATH\Boot.php(68): CodeIgniter\Boot::runCodeIgniter(Object(CodeIgniter\CodeIgniter))
11 FCPATH\index.php(59): CodeIgniter\Boot::bootWeb(Object(Config\Paths))
DEBUG - 2025-10-03 10:45:45 --> Session: Class initialized using 'CodeIgniter\Session\Handlers\FileHandler' driver.
CRITICAL - 2025-10-03 10:45:45 --> ErrorException: Undefined array key "malaf"
[Method: GET, Route: gpa/kashf/44/2]
in APPPATH\Views\gpa\kashf.php on line 199.
 1 APPPATH\Views\gpa\kashf.php(199): CodeIgniter\Debug\Exceptions->errorHandler(2, 'Undefined array key "malaf"', 'C:\\xampp\\htdocs\\muzani\\app\\Views\\gpa\\kashf.php', 199)
 2 SYSTEMPATH\View\View.php(226): include('C:\\xampp\\htdocs\\muzani\\app\\Views\\gpa\\kashf.php')
 3 SYSTEMPATH\View\View.php(229): CodeIgniter\View\View->CodeIgniter\View\{closure}()
 4 SYSTEMPATH\Common.php(1167): CodeIgniter\View\View->render('gpa/kashf', [], true)
 5 APPPATH\Controllers\GpaController.php(55): view('gpa/kashf', [...])
 6 SYSTEMPATH\CodeIgniter.php(933): App\Controllers\GpaController->kashf('44', '2')
 7 SYSTEMPATH\CodeIgniter.php(507): CodeIgniter\CodeIgniter->runController(Object(App\Controllers\GpaController))
 8 SYSTEMPATH\CodeIgniter.php(354): CodeIgniter\CodeIgniter->handleRequest(null, Object(Config\Cache), false)
 9 SYSTEMPATH\Boot.php(363): CodeIgniter\CodeIgniter->run()
10 SYSTEMPATH\Boot.php(68): CodeIgniter\Boot::runCodeIgniter(Object(CodeIgniter\CodeIgniter))
11 FCPATH\index.php(59): CodeIgniter\Boot::bootWeb(Object(Config\Paths))
DEBUG - 2025-10-03 10:46:00 --> Session: Class initialized using 'CodeIgniter\Session\Handlers\FileHandler' driver.
CRITICAL - 2025-10-03 10:46:00 --> Error: Call to undefined method App\Libraries\Hijri::format()
[Method: GET, Route: gpa/kashf/44/2]
in APPPATH\Views\gpa\kashf.php on line 214.
 1 SYSTEMPATH\View\View.php(226): include()
 2 SYSTEMPATH\View\View.php(229): CodeIgniter\View\View->CodeIgniter\View\{closure}()
 3 SYSTEMPATH\Common.php(1167): CodeIgniter\View\View->render('gpa/kashf', [], true)
 4 APPPATH\Controllers\GpaController.php(55): view('gpa/kashf', [...])
 5 SYSTEMPATH\CodeIgniter.php(933): App\Controllers\GpaController->kashf('44', '2')
 6 SYSTEMPATH\CodeIgniter.php(507): CodeIgniter\CodeIgniter->runController(Object(App\Controllers\GpaController))
 7 SYSTEMPATH\CodeIgniter.php(354): CodeIgniter\CodeIgniter->handleRequest(null, Object(Config\Cache), false)
 8 SYSTEMPATH\Boot.php(363): CodeIgniter\CodeIgniter->run()
 9 SYSTEMPATH\Boot.php(68): CodeIgniter\Boot::runCodeIgniter(Object(CodeIgniter\CodeIgniter))
10 FCPATH\index.php(59): CodeIgniter\Boot::bootWeb(Object(Config\Paths))
DEBUG - 2025-10-03 10:47:30 --> Session: Class initialized using 'CodeIgniter\Session\Handlers\FileHandler' driver.
DEBUG - 2025-10-03 10:49:23 --> Session: Class initialized using 'CodeIgniter\Session\Handlers\FileHandler' driver.
DEBUG - 2025-10-03 10:50:00 --> Session: Class initialized using 'CodeIgniter\Session\Handlers\FileHandler' driver.
DEBUG - 2025-10-03 10:50:08 --> Session: Class initialized using 'CodeIgniter\Session\Handlers\FileHandler' driver.
DEBUG - 2025-10-03 10:51:27 --> Session: Class initialized using 'CodeIgniter\Session\Handlers\FileHandler' driver.
DEBUG - 2025-10-03 10:51:43 --> Session: Class initialized using 'CodeIgniter\Session\Handlers\FileHandler' driver.
DEBUG - 2025-10-03 10:52:03 --> Session: Class initialized using 'CodeIgniter\Session\Handlers\FileHandler' driver.
DEBUG - 2025-10-03 10:52:30 --> Session: Class initialized using 'CodeIgniter\Session\Handlers\FileHandler' driver.
DEBUG - 2025-10-03 10:53:38 --> Session: Class initialized using 'CodeIgniter\Session\Handlers\FileHandler' driver.
DEBUG - 2025-10-03 10:54:43 --> Session: Class initialized using 'CodeIgniter\Session\Handlers\FileHandler' driver.
DEBUG - 2025-10-03 10:55:20 --> Session: Class initialized using 'CodeIgniter\Session\Handlers\FileHandler' driver.
DEBUG - 2025-10-03 10:56:02 --> Session: Class initialized using 'CodeIgniter\Session\Handlers\FileHandler' driver.
DEBUG - 2025-10-03 10:56:17 --> Session: Class initialized using 'CodeIgniter\Session\Handlers\FileHandler' driver.
DEBUG - 2025-10-03 10:56:33 --> Session: Class initialized using 'CodeIgniter\Session\Handlers\FileHandler' driver.
DEBUG - 2025-10-03 10:56:57 --> Session: Class initialized using 'CodeIgniter\Session\Handlers\FileHandler' driver.
DEBUG - 2025-10-03 10:57:20 --> Session: Class initialized using 'CodeIgniter\Session\Handlers\FileHandler' driver.
DEBUG - 2025-10-03 10:58:17 --> Session: Class initialized using 'CodeIgniter\Session\Handlers\FileHandler' driver.
DEBUG - 2025-10-03 10:58:51 --> Session: Class initialized using 'CodeIgniter\Session\Handlers\FileHandler' driver.
DEBUG - 2025-10-03 10:59:05 --> Session: Class initialized using 'CodeIgniter\Session\Handlers\FileHandler' driver.
DEBUG - 2025-10-03 10:59:07 --> Session: Class initialized using 'CodeIgniter\Session\Handlers\FileHandler' driver.
DEBUG - 2025-10-03 10:59:23 --> Session: Class initialized using 'CodeIgniter\Session\Handlers\FileHandler' driver.
DEBUG - 2025-10-03 10:59:32 --> Session: Class initialized using 'CodeIgniter\Session\Handlers\FileHandler' driver.
DEBUG - 2025-10-03 10:59:45 --> Session: Class initialized using 'CodeIgniter\Session\Handlers\FileHandler' driver.
DEBUG - 2025-10-03 11:01:51 --> Session: Class initialized using 'CodeIgniter\Session\Handlers\FileHandler' driver.
DEBUG - 2025-10-03 11:02:06 --> Session: Class initialized using 'CodeIgniter\Session\Handlers\FileHandler' driver.
DEBUG - 2025-10-03 11:02:35 --> Session: Class initialized using 'CodeIgniter\Session\Handlers\FileHandler' driver.
DEBUG - 2025-10-03 11:02:51 --> Session: Class initialized using 'CodeIgniter\Session\Handlers\FileHandler' driver.
DEBUG - 2025-10-03 11:03:01 --> Session: Class initialized using 'CodeIgniter\Session\Handlers\FileHandler' driver.
DEBUG - 2025-10-03 11:03:12 --> Session: Class initialized using 'CodeIgniter\Session\Handlers\FileHandler' driver.
DEBUG - 2025-10-03 11:03:26 --> Session: Class initialized using 'CodeIgniter\Session\Handlers\FileHandler' driver.
DEBUG - 2025-10-03 11:03:36 --> Session: Class initialized using 'CodeIgniter\Session\Handlers\FileHandler' driver.
DEBUG - 2025-10-03 11:05:59 --> Session: Class initialized using 'CodeIgniter\Session\Handlers\FileHandler' driver.
DEBUG - 2025-10-03 11:06:29 --> Session: Class initialized using 'CodeIgniter\Session\Handlers\FileHandler' driver.
CRITICAL - 2025-10-03 11:06:30 --> Error: Call to undefined function now()
[Method: GET, Route: gpa/kashf/44/2]
in APPPATH\Views\gpa\kashf.php on line 218.
 1 SYSTEMPATH\View\View.php(226): include()
 2 SYSTEMPATH\View\View.php(229): CodeIgniter\View\View->CodeIgniter\View\{closure}()
 3 SYSTEMPATH\Common.php(1167): CodeIgniter\View\View->render('gpa/kashf', [], true)
 4 APPPATH\Controllers\GpaController.php(55): view('gpa/kashf', [...])
 5 SYSTEMPATH\CodeIgniter.php(933): App\Controllers\GpaController->kashf('44', '2')
 6 SYSTEMPATH\CodeIgniter.php(507): CodeIgniter\CodeIgniter->runController(Object(App\Controllers\GpaController))
 7 SYSTEMPATH\CodeIgniter.php(354): CodeIgniter\CodeIgniter->handleRequest(null, Object(Config\Cache), false)
 8 SYSTEMPATH\Boot.php(363): CodeIgniter\CodeIgniter->run()
 9 SYSTEMPATH\Boot.php(68): CodeIgniter\Boot::runCodeIgniter(Object(CodeIgniter\CodeIgniter))
10 FCPATH\index.php(59): CodeIgniter\Boot::bootWeb(Object(Config\Paths))
DEBUG - 2025-10-03 11:07:00 --> Session: Class initialized using 'CodeIgniter\Session\Handlers\FileHandler' driver.
DEBUG - 2025-10-03 11:07:21 --> Session: Class initialized using 'CodeIgniter\Session\Handlers\FileHandler' driver.
DEBUG - 2025-10-03 11:07:39 --> Session: Class initialized using 'CodeIgniter\Session\Handlers\FileHandler' driver.
DEBUG - 2025-10-03 11:07:55 --> Session: Class initialized using 'CodeIgniter\Session\Handlers\FileHandler' driver.
DEBUG - 2025-10-03 11:08:08 --> Session: Class initialized using 'CodeIgniter\Session\Handlers\FileHandler' driver.
DEBUG - 2025-10-03 11:08:30 --> Session: Class initialized using 'CodeIgniter\Session\Handlers\FileHandler' driver.
DEBUG - 2025-10-03 11:09:15 --> Session: Class initialized using 'CodeIgniter\Session\Handlers\FileHandler' driver.
DEBUG - 2025-10-03 11:10:35 --> Session: Class initialized using 'CodeIgniter\Session\Handlers\FileHandler' driver.
DEBUG - 2025-10-03 11:16:27 --> Session: Class initialized using 'CodeIgniter\Session\Handlers\FileHandler' driver.
DEBUG - 2025-10-03 11:17:32 --> Session: Class initialized using 'CodeIgniter\Session\Handlers\FileHandler' driver.
DEBUG - 2025-10-03 11:17:42 --> Session: Class initialized using 'CodeIgniter\Session\Handlers\FileHandler' driver.
DEBUG - 2025-10-03 11:18:12 --> Session: Class initialized using 'CodeIgniter\Session\Handlers\FileHandler' driver.
DEBUG - 2025-10-03 11:21:32 --> Session: Class initialized using 'CodeIgniter\Session\Handlers\FileHandler' driver.
DEBUG - 2025-10-03 11:23:08 --> Session: Class initialized using 'CodeIgniter\Session\Handlers\FileHandler' driver.
DEBUG - 2025-10-03 11:23:42 --> Session: Class initialized using 'CodeIgniter\Session\Handlers\FileHandler' driver.
DEBUG - 2025-10-03 11:23:55 --> Session: Class initialized using 'CodeIgniter\Session\Handlers\FileHandler' driver.
DEBUG - 2025-10-03 11:24:09 --> Session: Class initialized using 'CodeIgniter\Session\Handlers\FileHandler' driver.
DEBUG - 2025-10-03 11:24:18 --> Session: Class initialized using 'CodeIgniter\Session\Handlers\FileHandler' driver.
DEBUG - 2025-10-03 11:25:36 --> Session: Class initialized using 'CodeIgniter\Session\Handlers\FileHandler' driver.
DEBUG - 2025-10-03 11:26:45 --> Session: Class initialized using 'CodeIgniter\Session\Handlers\FileHandler' driver.
DEBUG - 2025-10-03 11:26:58 --> Session: Class initialized using 'CodeIgniter\Session\Handlers\FileHandler' driver.
DEBUG - 2025-10-03 11:27:19 --> Session: Class initialized using 'CodeIgniter\Session\Handlers\FileHandler' driver.
DEBUG - 2025-10-03 11:28:11 --> Session: Class initialized using 'CodeIgniter\Session\Handlers\FileHandler' driver.
DEBUG - 2025-10-03 11:28:39 --> Session: Class initialized using 'CodeIgniter\Session\Handlers\FileHandler' driver.
DEBUG - 2025-10-03 11:28:52 --> Session: Class initialized using 'CodeIgniter\Session\Handlers\FileHandler' driver.
DEBUG - 2025-10-03 11:30:15 --> Session: Class initialized using 'CodeIgniter\Session\Handlers\FileHandler' driver.
DEBUG - 2025-10-03 11:30:41 --> Session: Class initialized using 'CodeIgniter\Session\Handlers\FileHandler' driver.
DEBUG - 2025-10-03 11:30:50 --> Session: Class initialized using 'CodeIgniter\Session\Handlers\FileHandler' driver.
DEBUG - 2025-10-03 11:31:53 --> Session: Class initialized using 'CodeIgniter\Session\Handlers\FileHandler' driver.
DEBUG - 2025-10-03 11:32:59 --> Session: Class initialized using 'CodeIgniter\Session\Handlers\FileHandler' driver.
DEBUG - 2025-10-03 11:33:01 --> Session: Class initialized using 'CodeIgniter\Session\Handlers\FileHandler' driver.
DEBUG - 2025-10-03 11:33:12 --> Session: Class initialized using 'CodeIgniter\Session\Handlers\FileHandler' driver.
DEBUG - 2025-10-03 11:33:13 --> Session: Class initialized using 'CodeIgniter\Session\Handlers\FileHandler' driver.
DEBUG - 2025-10-03 11:33:44 --> Session: Class initialized using 'CodeIgniter\Session\Handlers\FileHandler' driver.
DEBUG - 2025-10-03 11:33:59 --> Session: Class initialized using 'CodeIgniter\Session\Handlers\FileHandler' driver.
DEBUG - 2025-10-03 11:34:19 --> Session: Class initialized using 'CodeIgniter\Session\Handlers\FileHandler' driver.
DEBUG - 2025-10-03 11:34:40 --> Session: Class initialized using 'CodeIgniter\Session\Handlers\FileHandler' driver.
DEBUG - 2025-10-03 11:34:57 --> Session: Class initialized using 'CodeIgniter\Session\Handlers\FileHandler' driver.
DEBUG - 2025-10-03 11:35:30 --> Session: Class initialized using 'CodeIgniter\Session\Handlers\FileHandler' driver.
DEBUG - 2025-10-03 11:37:00 --> Session: Class initialized using 'CodeIgniter\Session\Handlers\FileHandler' driver.
DEBUG - 2025-10-03 11:37:20 --> Session: Class initialized using 'CodeIgniter\Session\Handlers\FileHandler' driver.
DEBUG - 2025-10-03 11:37:32 --> Session: Class initialized using 'CodeIgniter\Session\Handlers\FileHandler' driver.
DEBUG - 2025-10-03 11:37:34 --> Session: Class initialized using 'CodeIgniter\Session\Handlers\FileHandler' driver.
DEBUG - 2025-10-03 11:37:54 --> Session: Class initialized using 'CodeIgniter\Session\Handlers\FileHandler' driver.
